slp1	hom	n_leaf_senses	n_loci_senses	n_ls	dcs_evidence	dcs_attested
nAgadanta		5	5	22	8	1
nAgadantaka		3	3	5	3	1
sTA	1	85	82	1339	9304	1
amfta		46	36	206	2814	1
citra		43	40	246	1680	1
han	1	41	41	1239	10052	1
yadi		39	39	361	6501	1
viS	1	33	33	539	2662	1
Siva		33	33	367	3393	1
siD	2	33	32	328	2028	1
nanda		33	32	103	273	1
Druva		32	30	259	1157	1
kAla	1	32	28	129	8488	1
gam	1	31	31	640	18352	1
nIla		31	27	167	1110	1
anu	1	31	30	138	2475	1
padma		31	31	129	1380	1
vftta		30	30	262	969	1
hari	1	29	27	215	2906	1
koSa		29	29	168	566	1
gOra		29	27	165	234	1
sama	2	28	28	413	5839	1
kfzRa		28	27	258	4653	1
aTa		28	21	246	22984	1
Suci		28	28	224	1784	1
ananta		28	28	106	943	1
tIkzRa		28	17	50	1701	1
yoga		27	27	460	4779	1
rohita		27	27	246	266	1
puzkara		27	27	176	509	1
sAvitra		27	27	160	241	1
sTAna		26	26	392	2504	1
Badra		26	25	312	1490	1
sTita		26	25	295	3	1
tantra		26	24	213	622	1
Sukla		26	26	171	1068	1
go		26	26	170	5821	1
aruRa		26	23	154	610	1
piNgala		26	25	153	157	1
lohita		26	25	147	662	1
piRqa		26	23	97	1088	1
antara		25	25	292	3638	1
rasa		25	25	246	10073	1
karaRa	2	25	22	195	1135	1
kumAra		25	25	170	1258	1
vfza	1	25	25	168	517	1
kawa		25	23	73	79	1
sAra	2	24	24	271	964	1
haMsa		24	24	224	739	1
tAla		24	22	159	599	1
candra		24	24	148	1692	1
plava		24	23	139	177	1
kAlika	1	24	24	82	26	1
vasu		23	22	316	2206	1
vijaya		23	23	192	645	1
kumBa		23	21	164	726	1
As	2	22	22	317	1985	1
SuBa		22	22	226	2965	1
saMDi		22	22	224	1000	1
sADana		22	22	181	695	1
bahula		22	22	175	475	1
Gana		22	21	160	1056	1
cakra		22	21	156	1886	1
suvarRa		22	22	144	1193	1
arizwa		22	22	135	384	1
kfta		22	22	118	596	1
ramaRa		22	22	88	72	1
BU	1	21	20	1159	43220	1
sA	3	21	20	297	145	1
sva		21	21	289	9852	1
maDu		21	20	279	3116	1
fta		21	20	268	1000	1
sarasvant		21	21	265	34	1
sOmya		21	21	234	917	1
parigraha		21	21	208	433	1
ganDarva		21	21	193	1738	1
sTiti		21	21	176	802	1
Sveta		21	21	171	1340	1
SiKin		21	20	149	249	1
tAra		21	21	145	1058	1
arjuna		21	21	141	2064	1
kakza		21	17	136	240	1
kamala	1	21	19	104	541	1
pAvana		21	18	88	254	1
akzara		21	18	76	1945	1
sad		20	20	541	1169	1
dA	1	20	20	435	12366	1
hA	2	20	18	429	3071	1
kim		20	17	214	1418	1
guRa		20	20	210	6053	1
daRqa		20	16	206	2046	1
SfNga		20	20	193	829	1
deva	1	20	20	177	23143	1
DAraRa		20	20	169	432	1
vAmana		20	20	160	203	1
rakta		20	15	156	2677	1
droRa		20	19	152	2078	1
grahaRa		20	20	138	897	1
rocana		20	19	132	234	1
lalita		20	20	131	52	1
vajra		20	20	103	2961	1
sumuKa	2	20	20	94	72	1
akza	2	20	20	65	1778	1
suBadra		20	20	58	40	1
i	3	19	19	1403	3747	1
Sri	1	19	19	641	456	1
mfga		19	18	214	1489	1
maDyama		19	18	200	974	1
Bavya		19	18	138	95	1
mADava		19	19	121	590	1
vfka		19	19	115	212	1
anta		19	19	111	5079	1
kaRwaka		19	18	102	283	1
Gawa		19	19	97	547	1
nandin		19	19	81	242	1
mAlin		19	19	73	245	1
ma	2	19	16	36	21	1
sADu		18	16	384	1976	1
satya		18	18	379	4449	1
para		18	18	319	9370	1
uttara	1	18	18	281	4327	1
sTira		18	18	244	793	1
bfhant		18	17	223	524	1
graha		18	18	212	1902	1
vIra		18	17	195	4074	1
prakASa		18	18	164	754	1
kva		18	18	159	1071	1
kUwa	1	18	17	115	322	1
SArada		18	18	113	153	1
BAvana	1	18	16	98	100	1
SaNku		18	18	97	186	1
sudarSana		18	17	79	189	1
kumuda		18	16	73	202	1
tapana		18	18	70	113	1
jIvaka		18	14	65	100	1
DaraRa		18	13	64	47	1
kAka	1	18	12	63	325	1
man		17	17	623	4709	1
vftti		17	17	349	1485	1
BUta		17	17	327	4672	1
pada		17	17	311	3568	1
saYj		17	15	254	478	1
Sukra		17	17	221	1717	1
sma	1	17	17	193	3124	1
manda		17	17	183	1107	1
ca	1	17	17	178	174415	1
BaNga		17	16	167	348	1
vakra		17	17	139	247	1
kuSa		17	16	128	559	1
sita	3	17	17	126	670	1
varAha		17	17	123	365	1
puRqarIka		17	16	118	196	1
nigraha		17	17	117	299	1
ganDa		17	17	110	2758	1
capala		17	17	98	283	1
saha	2	17	17	94	7215	1
nandana		17	17	89	938	1
nara		17	16	87	5101	1
pari		17	16	85	1244	1
aparAjita		17	17	65	221	1
anubanDa		17	16	54	231	1
candraka		17	15	49	31	1
sarvatoBadra		17	17	45	26	1
yam		16	16	902	1101	1
vas	5	16	16	343	2546	1
maRqala		16	16	268	1513	1
BAva		16	16	238	2986	1
suKa		16	16	231	3671	1
soma		16	13	229	5628	1
guru		16	16	215	5141	1
saMsTa		16	15	212	220	1
SAnta	1	16	15	207	20	1
vAruRa		16	14	172	490	1
nAga	1	16	15	163	2813	1
kzama		16	16	151	385	1
vaMSa		16	16	150	1168	1
gati		16	16	147	2608	1
fzaBa		16	14	144	2550	1
jyezWa		16	16	143	972	1
asura		16	14	140	2690	1
mEtra		16	16	134	187	1
samudra	1	16	16	134	1658	1
mUla		16	16	128	3524	1
jaya		16	15	125	1156	1
mAgaDa		16	16	122	249	1
Pala		16	16	116	6392	1
jIva		16	16	114	957	1
viSva		16	15	113	4447	1
Sambara		16	16	111	166	1
caRqa		16	16	103	269	1
pataMga		16	15	91	179	1
tuNga		16	15	89	107	1
muRqa		16	14	84	249	1
grAhya		16	16	76	24	1
aNka		16	16	71	424	1
nAgara		16	12	65	318	1
dIpaka		16	16	64	37	1
jayanta		16	16	64	60	1
karRika		16	16	62	9	1
mohana		16	16	61	100	1
pura		16	16	58	1663	1
vartana		16	16	52	59	1
rOdra		16	16	42	565	1
yA	1	15	15	909	5678	1
vah	1	15	15	722	1857	1
banD		15	15	500	2655	1
api		15	12	446	37474	1
yat		15	15	403	9672	1
SrI	5	15	15	362	5074	1
rUpa		15	15	320	8872	1
varRa		15	15	292	3633	1
vad		15	15	238	3918	1
sidDi		15	15	236	2250	1
dakziRa		15	15	229	3068	1
A	2	15	15	224	5743	1
Atman		15	13	221	13409	1
muKa		15	15	197	5322	1
rajas		15	14	182	1553	1
saMgraha		15	13	178	417	1
BArata		15	15	165	2680	1
kAraRa	1	15	10	144	2571	1
CAya		15	14	138	8	1
saMDya		15	15	138	2	1
arka		15	15	135	1697	1
jAti		15	15	135	1016	1
vyaYjana		15	14	134	166	1
Agama		15	14	127	695	1
puruza		15	15	127	6563	1
viSAla		15	14	122	404	1
Kara		15	15	115	734	1
vAma	1	15	15	115	865	1
vESvAnara		15	15	115	783	1
viSAKa		15	15	110	84	1
yogya		15	15	110	384	1
SiKA		15	15	108	446	1
visarga		15	15	108	219	1
SudDa		15	14	106	512	1
SItala		15	15	98	595	1
Ka	2	15	15	93	756	1
caraRa		15	15	88	831	1
gotra		15	12	83	382	1
jIvana		15	15	82	276	1
puzpa		15	15	81	2370	1
paYcama		15	14	80	1094	1
cara		15	14	75	440	1
kuSala		15	13	71	1165	1
vEjayanta		15	15	71	19	1
Agneya		15	15	65	927	1
surasa		15	15	60	65	1
vapra		15	15	60	60	1
Davala		15	14	59	161	1
suparRa		15	14	56	378	1
cakrin		15	13	51	63	1
jAlaka		15	14	38	26	1
pItaka		15	10	29	55	1
dIrGapattra		15	7	10	9	1
sarj	3	14	13	1087	3	1
mAtra		14	14	360	3146	1
nAman		14	14	281	3386	1
maDya		14	14	258	4330	1
prati	1	14	14	239	2582	1
hasta		14	14	232	2916	1
SUnya		14	14	206	725	1
suraBi		14	14	187	393	1
prakfti		14	14	180	1577	1
SAnti		14	14	178	1019	1
pfTu		14	12	165	632	1
jyotis		14	13	162	1719	1
maNgala		14	14	151	554	1
sparSa		14	14	144	934	1
parvata		14	14	142	1981	1
hara		14	13	141	2061	1
jAla		14	13	141	824	1
hetu		14	14	140	2628	1
saMsTAna		14	14	133	231	1
vana	1	14	14	127	4031	1
kalA		14	14	121	1010	1
tIrTa		14	13	112	2552	1
vAraRa	1	14	14	108	403	1
kalyARa		14	14	106	630	1
vimala		14	14	106	710	1
samarTa		14	13	102	453	1
Gora		14	14	101	2384	1
Dara		14	13	99	1005	1
tIvra		14	9	97	792	1
priya		14	12	89	4663	1
saMDAna		14	14	87	187	1
aDi	1	14	13	86	1239	1
vAhin		14	14	82	212	1
vilAsin		14	11	77	33	1
nala		14	14	76	312	1
tArkzya		14	13	76	178	1
gaRqa		14	12	74	166	1
latA		14	14	73	624	1
viraja		14	14	70	62	1
utTAna		14	10	65	167	1
gokarRa		14	14	61	201	1
gola		14	14	59	247	1
karkawa		14	14	59	55	1
svastika		14	14	56	104	1
gopa		14	14	55	428	1
picCa		14	13	54	14	1
agni		14	14	53	19309	1
piNga		14	13	53	106	1
amara		14	14	52	839	1
pAli		14	14	47	82	1
sTApana		14	13	46	120	1
dIpana		14	10	40	692	1
amoGa		14	14	39	160	1
boDana		14	12	38	45	1
girija		14	11	35	31	1
Badraka		14	14	26	37	1
DA	1	13	13	1184	4861	1
nI	1	13	13	674	2382	1
ruh	1	13	13	374	498	1
arTa		13	13	227	13703	1
hi	1	13	13	224	23914	1
dakza		13	12	223	892	1
rudra		13	13	216	3352	1
sADya	1	13	13	202	318	1
kalpa		13	13	201	1657	1
lakzaRa		13	13	201	2691	1
brAhmaRa		13	13	194	6432	1
mArga	2	13	13	191	1530	1
suBaga		13	13	183	466	1
krama		13	13	160	1394	1
sumanas		13	13	158	301	1
kapila		13	12	153	311	1
mah	3	13	13	150	563	1
yad		13	12	145	62099	1
pratizWA		13	13	140	2352	1
brAhma		13	13	131	446	1
sarga		13	13	130	674	1
harita		13	12	129	303	1
kaTam		13	13	128	4001	1
viBUti		13	13	126	221	1
brahman	2	13	13	123	10475	1
puras		13	13	123	563	1
SAKa		13	13	121	17	1
alam		13	13	120	704	1
durga		13	13	120	471	1
saMyoga		13	13	120	958	1
bARa		13	13	117	1883	1
tilaka		13	13	116	177	1
nalina		13	12	114	61	1
vikalpa		13	13	114	489	1
tAraka		13	13	111	259	1
tala		13	13	109	1800	1
Dfti		13	12	102	585	1
ramBa	1	13	13	101	28	1
pAta	2	13	13	99	383	1
lavaRa		13	13	98	1388	1
madana		13	12	97	431	1
lakzya		13	13	95	217	1
krUra		13	11	93	569	1
pUraRa		13	13	93	148	1
putraka		13	12	91	310	1
paruza		13	12	90	377	1
varDamAna		13	13	90	38	1
KaRqa		13	13	89	731	1
pippala		13	13	86	107	1
savya	1	13	13	78	590	1
svaka		13	13	78	331	1
guqa		13	12	72	581	1
tarala		13	13	70	107	1
SiKarin		13	13	67	50	1
janana		13	12	67	368	1
kola		13	12	67	183	1
rEvata		13	13	67	98	1
malla		13	10	57	145	1
padya		13	13	57	43	1
barbara		13	9	52	37	1
bahurUpa		13	13	51	28	1
jalaja		13	11	49	53	1
tAmasa	1	13	11	49	233	1
durmuKa		13	13	48	97	1
AvApa		13	13	45	91	1
kulaka		13	13	44	21	1
kandala		13	12	43	11	1
SfNgin		13	11	42	100	1
divya		13	12	32	3833	1
grAhin		13	12	30	233	1
sudAman		13	13	30	6	1
nandaka		13	13	29	19	1
Arya		13	12	28	971	1
padmAvatI		13	13	23	79	1
kAhala		13	10	18	11	1
granTila		13	6	15	24	1
ta	2	13	12	15	38	1
kzip	1	12	12	346	2479	1
pUrva		12	12	337	6157	1
vrata	1	12	12	291	3393	1
sru		12	12	280	542	1
muh	1	12	12	244	1106	1
viDi	1	12	12	232	3037	1
SyAma		12	11	226	463	1
Darma		12	12	210	12450	1
laGu		12	12	202	1399	1
Sruti	1	12	12	186	882	1
DAman	1	12	12	178	887	1
Beda		12	12	165	1861	1
SaNKa		12	12	162	1333	1
vizaya		12	12	162	1628	1
indra		12	12	157	12172	1
viDAna		12	12	151	1070	1
jagat		12	12	139	38	1
maDura		12	12	139	2039	1
manu		12	12	135	1105	1
samanta		12	11	135	114	1
pravftti		12	12	131	571	1
kzema		12	12	130	316	1
vacana		12	12	127	3121	1
kazAya		12	12	122	1520	1
lava		12	11	122	141	1
ruci		12	12	122	437	1
Suka		12	12	118	536	1
ya	1	12	12	117	56	1
SoBana		12	12	115	661	1
hariRa		12	12	109	179	1
BErava	1	12	12	106	502	1
pramARa		12	10	103	1477	1
paTya		12	12	101	476	1
badara		12	12	99	126	1
vESvadeva		12	12	95	533	1
vahni		12	11	95	1680	1
BOma	1	12	12	93	199	1
asita	2	12	12	92	439	1
ErAvata		12	11	86	139	1
tAmra	1	12	12	86	1525	1
syandana		12	12	85	233	1
saMtAna		12	12	82	245	1
ISvara		12	12	81	2859	1
lakzmaRa		12	12	80	1155	1
suganDa	2	12	12	79	101	1
vikfti		12	11	78	259	1
vikrama		12	12	78	1074	1
rAma	1	12	11	77	3775	1
DizaRa		12	11	75	13	1
mahAvIra		12	10	75	96	1
vArAha		12	12	75	142	1
pragraha		12	11	73	60	1
saMvarta		12	12	73	106	1
Endra		12	12	72	818	1
aBi		12	11	70	1755	1
vAsava		12	12	70	576	1
SiKaRqin		12	12	69	431	1
virUpAkza		12	12	66	128	1
lANgala		12	10	65	86	1
upa		12	11	64	1344	1
mAtfka		12	12	63	12	1
bala	2	12	12	61	7931	1
Cattra		12	12	56	491	1
nivartana		12	12	54	86	1
ugra		12	11	52	1482	1
aDara		12	9	51	428	1
tUla		12	12	51	110	1
banDura		12	11	47	40	1
karavIra		12	10	46	120	1
nIlakaRWa		12	11	46	80	1
citraka		12	12	44	482	1
kAYcana	2	12	9	43	1198	1
aja	2	12	12	42	814	1
balin		12	8	40	836	1
cUqa		12	12	32	11	1
tripuwa		12	12	32	3	1
kAlaka		12	12	31	14	1
mAlaka		12	12	31	6	1
nIlaka		12	11	27	17	1
mAlatI		12	9	17	93	1
yuj	1	11	11	1522	6223	1
pad	1	11	11	1326	611	1
car		11	11	488	4031	1
sah	1	11	11	417	811	1
mahant		11	10	290	289	1
ka	1	11	10	256	14248	1
varza		11	11	247	3289	1
KyA		11	11	243	780	1
Baga		11	11	232	671	1
mitra		11	11	214	2066	1
jAta		11	11	206	196	1
Aditya		11	11	198	3085	1
rAga		11	11	189	1243	1
skanDa		11	11	189	676	1
vyaD		11	11	188	1636	1
upari		11	11	187	1490	1
velA		11	11	182	473	1
hIna		11	11	181	56	1
samyaYc		11	11	180	135	1
mAnasa	1	11	11	176	1199	1
tanu		11	11	176	1270	1
vArtta		11	11	168	7	1
darSana		11	11	166	2604	1
praTama		11	11	159	2716	1
rati		11	11	154	765	1
sTala		11	11	153	274	1
lakzmI		11	11	152	694	1
mada		11	11	147	1380	1
viBu		11	11	143	1062	1
viparyaya		11	11	143	437	1
vfdDa	1	11	11	141	1285	1
vara	4	11	11	137	5588	1
sac	1	11	11	136	323	1
karman		11	8	133	9938	1
Goza		11	11	131	615	1
vAja		11	10	125	949	1
marut		11	11	123	1439	1
apara		11	11	122	3168	1
pratyaYc		11	11	122	872	1
mAnin		11	11	118	286	1
BIma		11	11	116	2436	1
hiraRya		11	10	113	1425	1
nizWa		11	11	109	63	1
nArAyaRa		11	11	108	1110	1
sTARu		11	11	108	238	1
hAra		11	11	107	332	1
puzkala		11	11	107	130	1
yatra		11	11	102	4835	1
paryAya		11	10	101	503	1
BUti		11	11	99	439	1
sAmarTya		11	11	96	193	1
mAruta		11	11	95	1046	1
Asana	1	11	11	94	1459	1
sAraNga		11	11	92	69	1
SiKara		11	10	90	461	1
bimba		11	11	89	209	1
pOruza		11	11	89	370	1
pawala		11	11	89	192	1
keSa		11	11	86	1089	1
vyAla		11	10	85	202	1
kzetra		11	11	82	1007	1
pAwala		11	9	78	71	1
hEmavata		11	11	77	42	1
mahAkAla		11	11	77	91	1
haraRa		11	11	76	284	1
kaNka		11	11	76	165	1
Svas	1	11	11	75	549	1
makara		11	11	74	216	1
pARqu		11	11	74	1816	1
kARqa	1	11	10	73	430	1
rADa		11	11	72	9	1
vinAyaka		11	11	70	90	1
maRqUka		11	10	69	163	1
Ayu		11	11	67	302	1
giri		11	11	67	1684	1
nawa		11	9	66	84	1
kuYjara		11	9	65	449	1
Asura		11	11	64	194	1
haya		11	11	64	1187	1
pavana		11	11	64	575	1
SoDana		11	11	63	509	1
anyatra		11	11	62	1010	1
daRqaka		11	11	61	140	1
pulaka		11	10	59	68	1
jawila		11	10	58	98	1
sAgara		11	11	58	1097	1
Sukti		11	11	57	143	1
dahana		11	10	56	203	1
nakula		11	10	56	468	1
saMGAta		11	11	54	340	1
janman		11	11	53	1757	1
gardaBa		11	9	52	153	1
vikzepa		11	11	52	113	1
BfNga		11	8	51	240	1
gopati		11	11	51	87	1
mUzaka		11	9	51	106	1
visarjana		11	11	51	76	1
gopAla		11	10	49	110	1
viBAvan		11	11	48	26	1
DaruRa	1	11	7	47	109	1
sOganDika		11	11	47	63	1
gOqa		11	11	45	31	1
vAsanta		11	11	45	18	1
karawa		11	10	44	8	1
varaRa	1	11	11	44	83	1
kalmAza		11	11	41	55	1
kalpana		11	10	41	40	1
ambikA		11	11	40	147	1
gaRqaka		11	10	40	16	1
vErocana		11	11	40	24	1
puzpaka		11	9	39	104	1
viSAlAkza		11	11	37	23	1
Kecara		11	11	36	189	1
manojava	2	11	11	36	81	1
peSI		11	11	36	67	1
jaraRa		11	11	35	37	1
puzpadanta		11	11	34	28	1
sAraRa		11	10	34	155	1
saMgrahaRa		11	11	34	71	1
kumAraka		11	10	33	110	1
koka		11	11	31	24	1
kzveqa		11	9	31	39	1
kutapa		11	9	30	28	1
hIra		11	11	29	10	1
sOmanasa		11	11	29	48	1
Aqambara		11	11	26	22	1
raktANga		11	11	24	15	1
anala		11	9	17	722	1
citrANga		11	7	15	15	1
ja	2	11	6	10	4125	1
ram		10	10	726	1555	1
tap	1	10	10	412	2071	1
has	2	10	10	316	424	1
Bid	1	10	10	300	2113	1
pakza		10	10	273	1664	1
SAs	1	10	10	257	551	1
SuD		10	10	256	2410	1
sAD	1	10	10	253	86	1
samaya		10	10	249	1132	1
Bava		10	10	206	1321	1
cyu	1	10	10	202	715	1
kAma	1	10	9	195	7077	1
lag		10	10	195	236	1
pAtra		10	10	194	2483	1
yaTA		10	10	189	13912	1
Sap		10	10	188	490	1
yuga		10	10	185	1629	1
prajApati		10	10	173	3007	1
cira		10	10	167	544	1
sUkzma		10	10	167	1185	1
cal	1	10	10	164	491	1
mAya		10	10	164	1	1
siMha		10	10	163	1248	1
BAga	1	10	10	161	3391	1
udaya		10	10	155	938	1
vAcya	1	10	10	150	30	1
mati		10	10	149	1462	1
sAmAnya		10	10	140	624	1
liNga		10	10	138	1968	1
Salya		10	10	135	881	1
vyavahAra		10	10	135	320	1
garBa		10	9	134	2744	1
vfzaBa		10	9	134	528	1
pAra		10	8	130	411	1
viBrama		10	10	130	224	1
samADi		10	8	127	474	1
kftya		10	10	125	431	1
dIrGa		10	10	123	1494	1
fzi		10	10	123	5352	1
vihAra		10	10	119	360	1
setu		10	10	118	228	1
putra		10	6	112	11750	1
Gaw		10	10	111	119	1
saMvid	1	10	10	110	687	1
mAnava		10	8	109	947	1
vftra		10	10	108	907	1
hastin		10	9	107	680	1
kzudra		10	10	107	384	1
hima		10	10	105	610	1
SrImant		10	10	104	10	1
kutas		10	10	101	949	1
SoRa		10	8	98	130	1
ketu		10	9	98	431	1
tejas		10	9	98	4294	1
BAnu		10	10	97	448	1
pArTiva	1	10	10	97	1805	1
pratipatti		10	10	97	144	1
gOtama		10	10	94	704	1
mandara		10	9	94	220	1
raBasa		10	9	94	125	1
taruRa		10	10	94	403	1
tiras		10	9	93	179	1
gaya		10	10	90	137	1
BU	2	10	10	89	43220	1
varDana	1	10	10	88	654	1
lamba		10	10	85	83	1
samIpa		10	10	84	625	1
sEnDava		10	9	81	918	1
vyoman	1	10	10	81	686	1
vikawa		10	10	78	93	1
Ananda		10	9	77	1113	1
meKala		10	10	77	9	1
nigama		10	10	77	101	1
devaka		10	9	76	46	1
gulma		10	8	76	922	1
Palaka		10	9	74	156	1
nErfta		10	10	71	164	1
mAlA		10	10	70	672	1
meDya	1	10	8	69	434	1
suzira		10	10	69	87	1
tvAzwra		10	10	69	100	1
DanaMjaya		10	10	67	1033	1
ISa		10	9	65	1152	1
utkawa		10	10	64	203	1
janya	2	10	10	63	95	1
kapAla		10	10	63	1180	1
viBAvasu		10	10	63	155	1
kriyA		10	6	62	2052	1
jawa		10	9	61	1	1
kAmin		10	7	61	181	1
rAma	2	10	10	61	3775	1
BAradvAja		10	10	60	304	1
varada		10	10	60	25	1
maRqa		10	10	58	84	1
udumbara		10	10	58	255	1
vaha		10	9	58	237	1
avi		10	8	57	249	1
dvaMdva		10	10	57	507	1
pArAvata		10	10	57	113	1
viSvAvasu		10	10	57	110	1
banDaka		10	9	56	33	1
gaRa		10	10	56	3309	1
kuRqala		10	8	56	516	1
lomaSa		10	10	56	158	1
nAra		10	10	56	17	1
pralamba		10	9	56	95	1
Avarta		10	10	52	249	1
SAkala		10	10	52	26	1
cEtra		10	10	51	113	1
Bedana		10	9	50	144	1
vizkamBa		10	10	49	66	1
kuRqa		10	9	48	239	1
mallaka		10	10	47	33	1
avagraha		10	10	45	22	1
pratIka		10	10	45	100	1
varRaka		10	10	45	90	1
karbura		10	10	44	32	1
pArvata		10	10	44	21	1
saMyamana		10	10	44	34	1
saMcArin		10	10	43	32	1
SaNKin		10	10	42	17	1
sundara		10	8	42	184	1
Bramara		10	9	41	155	1
ambarIza		10	9	41	109	1
grAhaka		10	10	41	84	1
kacCapa		10	10	41	132	1
sOraBa		10	10	41	41	1
piRqaka		10	9	40	33	1
saraka		10	10	40	9	1
Saya		10	10	39	69	1
gomuKa		10	10	39	235	1
maRi		10	10	39	1417	1
devana	1	10	7	38	35	1
karka		10	8	38	8	1
pratigraha		10	10	38	217	1
saMhanana		10	10	37	70	1
acala		10	10	36	645	1
ajita		10	10	36	215	1
anaGa		10	10	35	649	1
niSAcara		10	8	34	283	1
cAraka		10	10	30	22	1
kampana		10	10	30	57	1
sara	1	10	10	30	251	1
vERava		10	10	30	61	1
pallava		10	10	29	317	1
varawa		10	10	29	1	1
Odumbara		10	10	27	359	1
kAnta		10	9	26	1014	1
tAlaka		10	10	26	316	1
haripriya		10	9	25	9	1
tApana		10	10	25	100	1
Kacara		10	8	23	17	1
mahAnAda	2	10	10	21	9	1
bAdara		10	9	20	22	1
ugraganDa		10	8	19	5	1
lAsaka		10	10	18	7	1
drAvaka		10	9	17	45	1
karvara	2	10	9	16	9	1
dIrGapattraka		10	6	11	6	1
apa	1	10	2	7	654	1
Pa		10	5	6	6	1
pat	1	9	9	1138	3124	1
kram		9	9	1048	418	1
Ap		9	9	832	2328	1
diS	1	9	9	753	4018	1
vid	1	9	9	741	13512	1
ruD	2	9	9	663	894	1
Baj		9	9	580	1165	1
mA	3	9	9	468	4955	1
lakzay		9	9	434	539	1
vid	3	9	9	360	13512	1
sattva		9	9	292	4165	1
tyaj	1	9	9	272	2420	1
lamb	1	9	9	259	130	1
liK		9	9	248	509	1
iti	1	9	9	242	78511	1
cit	4	9	9	226	1580	1
yama	2	9	9	216	1966	1
jan		9	9	212	9254	1
manas		9	9	206	7226	1
Sata	1	9	9	195	6046	1
pApa		9	8	193	4127	1
mA		9	9	185	4955	1
BUmi		9	8	177	2989	1
prARa	1	9	8	170	5696	1
u	2	9	9	164	5144	1
bala	1	9	9	163	7931	1
doza	1	9	8	161	4712	1
vigraha	1	9	9	161	502	1
sUrya		9	9	157	3572	1
pAda		9	9	154	3747	1
kArya		9	9	149	2881	1
pavitra		9	9	148	1074	1
hita	1	9	9	141	2875	1
kevala		9	9	141	760	1
sTUla		9	9	141	605	1
sUtra		9	9	137	708	1
mahAdeva		9	9	136	921	1
niyama		9	8	134	738	1
prayoga	2	9	9	132	771	1
vfzan		9	9	132	805	1
pawwa		9	9	131	188	1
sinDu		9	9	130	547	1
BArgava		9	9	128	430	1
Sarkara		9	9	121	34	1
viSvarUpa	2	9	9	121	105	1
viBava		9	7	120	231	1
BARqa		9	9	117	700	1
yojana		9	9	115	824	1
samAna	1	9	9	114	1482	1
puRya		9	8	113	3203	1
SIta		9	9	111	1957	1
SrezWa		9	8	110	2954	1
lola		9	9	110	141	1
vanaspati		9	9	109	735	1
leKa		9	9	108	82	1
dravya	1	9	9	105	2415	1
saMKya		9	9	105	466	1
meza		9	9	101	203	1
kAraka	1	9	9	100	466	1
saMhita		9	9	100	16	1
div	3	9	8	98	4071	1
maDuka		9	9	98	390	1
raTa	1	9	9	96	7091	1
DizRya		9	8	95	288	1
SASvata		9	8	95	593	1
jaqa		9	9	95	239	1
avara		9	8	94	436	1
pawa		9	9	94	303	1
saMSraya		9	9	93	234	1
Brama		9	9	92	349	1
palASa		9	8	92	523	1
saMkawa		9	9	92	147	1
mokza		9	9	91	1116	1
sarala		9	9	90	107	1
antika		9	9	89	729	1
bAhu		9	8	89	3370	1
laya		9	9	89	222	1
virUpa	2	9	9	89	213	1
vitAna		9	9	89	112	1
saMhAra		9	9	87	298	1
dunduBi		9	9	86	305	1
pawu		9	9	86	277	1
sArasvata		9	8	86	255	1
aditi	2	9	9	84	930	1
pratihAra		9	9	84	86	1
ramya		9	9	84	738	1
sArasa	1	9	9	84	139	1
vEvasvata		9	9	84	271	1
viDura		9	8	84	75	1
vicitra		9	9	84	696	1
aNga	3	9	9	83	4120	1
aja	1	9	8	82	814	1
gAnDAra		9	9	81	132	1
manTa		9	9	81	175	1
agra	1	9	9	80	3363	1
kalApa		9	7	80	134	1
arTay		9	9	79	117	1
cAru		9	9	79	608	1
SaraBa		9	9	78	111	1
SfNgAra		9	8	78	72	1
baka		9	9	78	222	1
netra		9	9	78	1240	1
vAjin		9	8	77	1040	1
SuBra		9	9	76	353	1
div	1	9	5	76	4071	1
sidDArTa		9	9	76	127	1
vipra		9	9	76	3300	1
niveSana		9	9	75	370	1
pAka	2	9	9	75	1036	1
Atreya		9	9	74	340	1
sukumAra		9	9	72	135	1
vEkfta		9	9	72	112	1
BAsa		9	7	71	109	1
naBas		9	8	71	650	1
pariDi		9	9	71	302	1
vaktra		9	8	71	999	1
ASraya		9	9	70	926	1
aDas		9	8	70	1468	1
maDumant		9	9	70	4	1
mayUra		9	8	68	256	1
nidarSana		9	8	68	190	1
uzRa		9	7	68	2522	1
antarA		9	9	67	430	1
kesara		9	8	67	250	1
kzipra		9	9	67	144	1
pakzin		9	8	66	705	1
Sakta	1	9	9	65	12	1
karaBa		9	9	65	37	1
varizWa	2	9	9	64	200	1
rAgin		9	9	63	70	1
nAla		9	9	62	240	1
taskara		9	7	61	143	1
DArin	1	9	9	60	383	1
kuwila		9	9	60	143	1
upacAra		9	9	60	346	1
jamBa		9	9	59	165	1
kukkuwa		9	9	59	162	1
satyavant		9	9	59	69	1
upAdAna		9	8	59	131	1
Danya		9	8	58	382	1
dardura		9	9	58	75	1
piSuna		9	9	58	74	1
upakrama		9	9	58	138	1
jana	1	9	8	57	4097	1
rajata		9	6	57	402	1
suDA	2	9	9	57	342	1
gamya		9	9	56	5	1
suzeRa		9	9	56	128	1
ambara		9	9	55	837	1
rUpaka		9	8	55	52	1
sUcaka		9	9	55	59	1
viSiKa		9	9	55	207	1
Aroha		9	9	54	218	1
daMSa		9	9	54	157	1
viSoka	2	9	9	54	107	1
mArIca		9	9	53	107	1
vAyasa	1	9	8	53	179	1
Uti	1	9	9	52	517	1
kakzya	2	9	8	52	7	1
saMniveSa		9	9	52	82	1
pariGa		9	9	51	281	1
pUra		9	9	50	53	1
waNka		9	9	50	92	1
ijya		9	7	49	3	1
pIta	2	9	9	49	1010	1
kzetrajYa		9	9	48	209	1
Sukta		9	8	47	91	1
aYjana	2	9	9	47	714	1
kakuB		9	7	47	136	1
mudrA		9	9	47	316	1
umA		9	8	47	383	1
viDu	2	9	9	47	40	1
liNgin		9	9	46	61	1
nEgama		9	9	46	50	1
pattrin		9	8	46	181	1
raYjana		9	9	46	194	1
puzkarin		9	8	45	10	1
gara		9	8	44	150	1
kAntAra		9	7	44	108	1
mahAbala		9	9	44	61	1
parivarta		9	9	44	58	1
saMsTiti		9	9	44	85	1
surUpa		9	9	43	105	1
kakuBa		9	9	42	51	1
SeKara		9	9	41	92	1
mahApadma		9	9	41	58	1
saMnati		9	9	41	64	1
sugrIva		9	7	41	666	1
sunanda		9	9	41	9	1
vinata		9	9	41	10	1
azAQa		9	9	40	19	1
barhis		9	9	40	889	1
cAndra		9	8	40	20	1
kUpa		9	6	40	322	1
kfti	2	9	9	40	107	1
leKana		9	8	40	176	1
mAhendra		9	9	40	115	1
vimarda		9	8	40	82	1
Danvin		9	8	39	278	1
siMhanAda		9	9	39	214	1
durDara		9	9	38	60	1
rasika		9	7	38	37	1
saMkrama		9	9	38	83	1
tEjasa		9	9	38	119	1
vAqava		9	9	38	1	1
mecaka		9	7	37	41	1
catuzpada		9	9	36	223	1
golaka		9	9	36	337	1
sAmudra	1	9	9	36	118	1
Dvaja		9	9	35	1067	1
balaBadra		9	8	35	71	1
suvftta		9	9	35	2	1
aDastAt		9	9	34	374	1
cawaka		9	9	34	38	1
rAkzasa		9	8	34	2586	1
sTeya		9	9	34	1	1
sUci		9	8	34	164	1
sumaNgala		9	9	34	15	1
mahAvIrya		9	9	33	10	1
tApasa		9	8	33	320	1
azwApada		9	9	32	44	1
rOhiRa		9	9	32	39	1
vA	1	9	4	32	25488	1
catuzka		9	8	31	85	1
harzaRa		9	9	31	196	1
kAra	1	9	7	31	188	1
maRqalin		9	9	31	47	1
Dvajin		9	6	30	33	1
hArya		9	9	30	4	1
kUrca		9	9	30	133	1
leKya		9	9	30	120	1
sev		9	3	30	1328	1
SuRqa		9	8	29	3	1
aNgaja		9	9	29	15	1
kalApin		9	9	29	27	1
matkuRa		9	9	29	41	1
varUTa		9	9	29	97	1
abja		9	9	28	177	1
gaYja		9	9	28	4	1
kAliNga		9	7	28	29	1
mahAnIla		9	9	28	31	1
suzama	2	9	9	28	8	1
varRin		9	8	28	43	1
kutra		9	9	27	142	1
vawa		9	9	27	202	1
kzepa		9	8	26	125	1
meGanAda	2	9	9	26	80	1
gorakza		9	7	25	22	1
hema		9	9	25	32	1
veDa		9	7	25	342	1
vezwana		9	9	25	46	1
kozWa		9	8	24	372	1
kuRqalin		9	9	24	52	1
Agraha		9	4	23	19	1
jImUta		9	9	23	170	1
kzemaMkara		9	9	23	18	1
piYja		9	9	23	2	1
DIra	3	9	9	22	684	1
druRa		9	9	22	1	1
kUrcaka		9	6	22	7	1
nibanDa		9	9	22	39	1
Akarza		9	8	20	21	1
bAhuka		9	9	20	64	1
hAraka		9	9	20	23	1
saMtAnaka		9	7	20	15	1
SAbara		9	8	19	7	1
lambakarRa		9	9	18	3	1
nAkula		9	8	18	5	1
tapa		9	8	18	41	1
jyotizka		9	9	16	58	1
kalikA		9	7	16	36	1
agniSiKa		9	9	15	25	1
Avartana		9	8	14	29	1
romaSa		9	7	14	55	1
ganDaPala		9	5	12	3	1
citraPala		9	5	10	4	1
mAdana		9	6	10	18	1
ganDAQya		9	5	9	5	1
Ra		9	4	8	19	1
jYA	1	8	8	1027	5059	1
tan	1	8	8	448	759	1
plu		8	8	434	299	1
sPur		8	8	296	358	1
svap	1	8	8	287	1101	1
vaSa	1	8	8	276	1463	1
as	1	8	8	262	35763	1
nu	1	8	8	213	1970	1
cud		8	8	197	31	1
viSeza		8	8	191	2017	1
yukti		8	8	189	553	1
iqA		8	8	173	650	1
laNG		8	8	169	32	1
bAla		8	8	165	1819	1
vizama		8	8	164	680	1
kratu		8	8	162	1086	1
snigDa		8	8	160	1512	1
saMjYA		8	8	159	1516	1
budDi		8	8	157	3003	1
pratyaya		8	8	157	824	1
svara		8	8	155	824	1
uttama		8	7	155	4951	1
vega		8	8	152	1671	1
vfdDi		8	8	152	1084	1
indriya		8	8	150	3362	1
sPuw		8	8	150	154	1
stamBa		8	8	147	562	1
vizRu		8	7	147	3782	1
banDana		8	8	141	679	1
kzaRa		8	7	141	1757	1
Barata		8	8	136	2165	1
saMgama		8	8	133	399	1
bIja		8	8	131	2244	1
vEzRava		8	8	131	618	1
kal	2	8	8	128	1	1
tapas		8	7	128	4981	1
sPuwa		8	8	123	326	1
vAdin		8	8	123	1060	1
SUla		8	7	121	1550	1
mUrC		8	8	121	189	1
baBru		8	8	120	238	1
Syena		8	8	119	374	1
tad		8	7	119	197087	1
karRa	1	8	8	117	3248	1
muni		8	8	116	4567	1
ati		8	7	110	4036	1
SiSira		8	8	107	381	1
vapus		8	8	107	927	1
kzatra		8	8	105	1403	1
rucira		8	7	101	293	1
mAna	2	8	8	100	1294	1
pakva		8	8	99	926	1
vAsana	2	8	8	99	13	1
vilAsa		8	8	98	167	1
vinA		8	8	98	1134	1
vimAna	1	8	8	97	703	1
SaWa		8	5	96	132	1
fkza	2	8	8	94	435	1
sADaka		8	8	93	472	1
BAvin		8	8	92	265	1
nyAsa		8	8	91	292	1
samAgama		8	8	91	338	1
salila		8	8	90	927	1
Sakala		8	8	89	253	1
kaliNga		8	8	85	206	1
meDA		8	5	85	443	1
prApti		8	8	85	361	1
yAma	3	8	8	85	864	1
sarpa		8	7	84	1041	1
vizARa	2	8	8	84	140	1
Bakta		8	6	83	1035	1
Sabala		8	7	83	88	1
gaBIra		8	6	83	74	1
sUri		8	8	83	226	1
dAruRa		8	8	82	967	1
karAla		8	8	82	126	1
sOra	2	8	7	82	144	1
saMtati		8	8	82	354	1
vAla	1	8	5	82	171	1
vfnda		8	8	82	182	1
arbuda		8	8	81	241	1
lAGava		8	8	81	273	1
skanda		8	8	79	290	1
vanya	2	8	8	79	187	1
harit		8	8	78	78	1
nivftti		8	8	78	308	1
dfzwi		8	8	76	998	1
kawaka		8	7	76	91	1
SArdUla		8	8	75	628	1
kzam	1	8	8	75	473	1
pattra		8	8	75	2190	1
pIlu		8	8	74	75	1
kUrma		8	8	73	333	1
nAqI		8	8	72	466	1
trika		8	8	72	121	1
viwa		8	6	72	49	1
PAlguna		8	6	71	100	1
Samana		8	8	71	405	1
hfdya		8	8	71	332	1
dala		8	8	70	541	1
tanaya		8	8	70	694	1
dUzaRa		8	8	69	220	1
manTara		8	8	69	66	1
sUkara		8	8	69	97	1
Ceda		8	7	68	306	1
kawu		8	8	68	980	1
maGa		8	8	67	76	1
a	3	8	8	66	15354	1
karuRa		8	8	66	186	1
svaDA	1	8	6	66	613	1
arvan	1	8	8	65	47	1
nemi		8	8	65	152	1
pIWa		8	8	65	208	1
palita		8	8	65	329	1
BaraRa		8	8	64	68	1
anna		8	8	64	4639	1
reKa		8	6	64	2	1
rucaka		8	8	64	45	1
vasumant		8	8	64	17	1
DftarAzwra		8	8	63	1088	1
ISAna		8	8	63	514	1
SravaRa	2	8	6	63	555	1
SoBa		8	8	62	16	1
saMyama		8	8	62	123	1
subAhu		8	8	62	62	1
tapasvin		8	8	62	458	1
vfjina		8	8	62	89	1
nibanDana		8	8	61	92	1
parRa		8	7	61	514	1
puRqra		8	8	61	125	1
sfzwi		8	8	61	421	1
azwaka		8	7	60	345	1
nidAna		8	7	60	212	1
virocana		8	8	60	81	1
parihAra		8	8	59	101	1
saMkara		8	8	58	211	1
yena		8	8	58	498	1
adri		8	8	57	508	1
caraka		8	8	57	64	1
kam	1	8	7	57	82	1
praBAsa		8	8	57	101	1
kawuka		8	8	56	550	1
rUpya		8	8	55	321	1
aDizWAna		8	8	54	284	1
avyakta		8	8	54	821	1
cala		8	8	54	328	1
Urja		8	8	53	40	1
aSvatTa		8	8	53	278	1
kAmboja		8	7	53	119	1
lalana		8	8	53	6	1
meGa		8	8	53	951	1
vESAKa		8	8	53	61	1
ADAra		8	8	52	296	1
aRu		8	8	52	409	1
kadamba		8	8	52	155	1
KarjUra		8	8	51	94	1
atyaya		8	8	51	208	1
jina		8	8	51	96	1
kuSika		8	8	51	88	1
tamAla		8	8	51	71	1
zawpada		8	6	51	67	1
Ama	1	8	8	50	595	1
BAvya		8	8	50	17	1
vyavasTA		8	8	50	678	1
kalya		8	8	49	64	1
SaMsa		8	8	48	139	1
aDikAra		8	8	48	285	1
cAra		8	7	48	266	1
markawa		8	7	48	58	1
nizaDa		8	8	48	93	1
vEdeha		8	6	48	70	1
SfNgAwaka		8	8	47	80	1
praBAkara		8	8	47	27	1
sevya		8	8	47	17	1
udDAra		8	7	47	91	1
Sarvara		8	6	46	1	1
dAkzAyaRa		8	7	46	9	1
ja	1	8	7	46	4125	1
Palguna		8	8	45	337	1
citraBAnu		8	8	45	42	1
grAmaRI		8	6	45	69	1
caYcala		8	7	44	103	1
saMDay		8	8	44	4	1
samudaya		8	7	44	60	1
guYja		8	7	43	6	1
Akzepa		8	8	42	93	1
cIna		8	8	42	48	1
vEkuRWa		8	5	42	89	1
pramada	2	8	8	41	34	1
vegavant		8	8	41	30	1
arDacandra		8	8	40	88	1
mukunda		8	8	40	52	1
vizRupada		8	8	40	12	1
BujaMga		8	7	39	173	1
Sala		8	8	39	63	1
cakzuzya		8	8	39	224	1
daRqin		8	8	39	87	1
ezaRa		8	8	39	12	1
kArttika		8	8	39	82	1
taviza		8	7	39	25	1
ADAna		8	7	38	121	1
DfzRu		8	8	38	78	1
Kaga		8	8	38	239	1
rama		8	6	38	11	1
javana	1	8	7	37	76	1
arha		8	8	36	500	1
kapAlin		8	8	36	52	1
pravartana		8	8	36	95	1
ajira		8	7	35	175	1
Sleza		8	8	34	14	1
kuwi		8	6	34	9	1
Kewa		8	8	33	9	1
ketumant		8	8	33	43	1
tripad		8	8	33	1	1
udDaraRa		8	7	33	77	1
SUka		8	8	32	36	1
aMSu		8	8	32	489	1
catura	2	8	8	32	81	1
kuzmARqa		8	7	32	22	1
pARqara		8	7	31	42	1
parAga		8	6	31	24	1
pawwaka		8	8	31	19	1
vasuMDara		8	8	31	1	1
arRa		8	8	30	66	1
sarvaga		8	8	30	86	1
Bedin		8	8	29	166	1
cakrANga		8	8	29	8	1
malimluca		8	7	29	7	1
piYjara		8	7	29	32	1
anirudDa		8	8	28	141	1
arAla		8	6	28	7	1
gundra		8	8	28	1	1
PAla		8	7	27	46	1
mahApaTa		8	6	27	40	1
pUrRa		8	8	27	646	1
samucCraya		8	8	27	49	1
kaRika		8	7	26	2	1
nirAkfti		8	8	26	19	1
vIraBadra		8	7	26	51	1
yApana		8	8	26	29	1
Ayurveda		8	2	25	126	1
rohit		8	7	25	19	1
saMvara	3	8	4	25	15	1
GarGara		8	8	24	12	1
SaNkukarRa		8	8	24	24	1
lohitaka		8	8	24	14	1
raktAkza		8	7	24	10	1
sulocana		8	8	24	12	1
suparvan		8	7	24	11	1
KaRqana		8	7	23	28	1
anuzaNga		8	8	23	28	1
cUlika		8	8	23	1	1
kUpaka		8	8	23	12	1
kuhara		8	5	23	31	1
kuwa		8	8	23	10	1
pAcana		8	8	23	302	1
praboDana		8	8	23	31	1
lohitAkza	2	8	8	22	18	1
amala		8	8	21	383	1
dyotana		8	7	21	10	1
kOSika	2	8	7	21	643	1
kumBaka		8	5	21	73	1
kIla		8	8	20	47	1
sUcImuKa	2	8	8	20	11	1
mahodara	2	8	8	19	76	1
anuttara		8	6	18	540	1
karRin		8	8	18	39	1
kzepaRa		8	8	18	35	1
Aryaka		8	8	17	34	1
Kawa		8	7	17	2	1
kramaRa		8	8	16	22	1
pacana		8	7	16	50	1
rohaRa		8	8	16	14	1
varANga	2	8	8	16	35	1
cyuti		8	8	15	50	1
pAkala		8	6	14	6	1
tamAlaka		8	7	14	6	1
agnimuKa		8	7	13	5	1
kAmika		8	8	12	19	1
kalApaka		8	7	12	3	1
kuhana		8	6	12	1	1
praharzaRa		8	7	12	13	1
sutAra		8	7	12	8	1
uddAna		8	4	10	7	1
dIpta		8	5	9	12	1
vAmanaka		8	6	9	12	1
Ja		8	4	8	29	1
ava	1	8	3	8	474	1
dIrGamUla	2	8	5	7	8	1
dIrGaPala		8	4	6	6	1
nfpapriya		8	3	6	5	1
Ta		8	3	4	21	1
gucCaPala		8	2	4	3	1
buD	1	7	7	651	1120	1
karz	1	7	7	414	1	1
vac		7	7	372	33950	1
Seza		7	7	358	2003	1
yaj	1	7	7	354	6777	1
mad	1	7	7	328	63834	1
raB		7	7	328	67	1
iz	3	7	7	292	5402	1
cakz		7	7	283	103	1
kAla	2	7	7	272	8488	1
Uh	1	7	7	270	98	1
rAD		7	7	255	242	1
ci	1	7	7	243	769	1
star	1	7	7	240	8	1
vezw		7	5	226	43	1
brahman	1	7	7	218	10475	1
vyasana	1	7	7	190	547	1
hvA	1	7	6	180	987	1
yoni		7	7	176	2315	1
eka		7	7	175	13492	1
sahas		7	7	172	908	1
iva		7	7	162	20322	1
juz	1	7	7	155	1278	1
Sruta		7	7	153	418	1
ftu		7	7	153	1754	1
ah	2	7	7	152	9447	1
nitya		7	7	152	1541	1
vikAra	1	7	7	149	981	1
yatas		7	7	148	2012	1
paScAt		7	6	144	2092	1
su	4	7	7	140	14088	1
antar		7	7	134	2108	1
praT	1	7	7	133	365	1
rUpay		7	7	130	9	1
SAsana		7	7	129	638	1
yAtrA		7	7	128	340	1
Bojana		7	7	126	1162	1
vic	1	7	7	126	10	1
varga		7	7	122	695	1
yaSas	1	7	7	122	1891	1
Bakti		7	7	120	1478	1
vyaya		7	7	120	229	1
mAnuza		7	7	116	1493	1
Dana		7	7	115	2528	1
kula		7	7	114	3394	1
kOSika	1	7	7	113	643	1
kaRWa		7	7	112	976	1
mAna	1	7	7	111	1294	1
veDas		7	7	111	183	1
virAj	1	7	7	110	1100	1
mahendra		7	7	109	183	1
sAhasa		7	7	109	276	1
paSu	1	7	7	108	5301	1
kadA		7	7	107	178	1
saha	1	7	6	107	7215	1
gaRay		7	7	105	164	1
marIci		7	7	104	278	1
yakza	1	7	7	103	989	1
srotas		7	7	102	509	1
BAjana		7	7	100	405	1
Ardra		7	7	99	544	1
ayana		7	7	96	269	1
krOYca		7	7	95	170	1
Sakawa		7	7	94	180	1
buDa		7	6	94	933	1
kowi		7	6	94	1316	1
pitrya		7	6	94	251	1
aDika		7	7	93	1509	1
dEva		7	7	92	1226	1
Sabara		7	7	91	104	1
gocara		7	7	91	421	1
sUnfta		7	7	91	52	1
sahasra		7	7	91	5224	1
SaMkara	1	7	7	90	959	1
nirvARa	2	7	6	90	274	1
traya		7	6	90	1612	1
SIGra		7	6	89	478	1
sOBAgya		7	7	89	303	1
niDana		7	7	88	774	1
raTya		7	7	88	41	1
puwa		7	7	87	1493	1
svad	1	7	7	87	81	1
Buvana		7	7	86	894	1
saMnipAta		7	6	86	362	1
vyUha	1	7	7	85	324	1
BAj		7	7	84	480	1
cakzus		7	7	84	2335	1
matsara		7	7	84	163	1
vimuKa		7	7	84	177	1
jAmi		7	7	83	142	1
vivara		7	7	83	178	1
yazwi	1	7	7	83	192	1
Silpa	2	7	7	82	193	1
naraka		7	7	82	810	1
loha		7	7	81	1995	1
praBA		7	7	81	1430	1
kAvya	2	7	7	80	366	1
niDi		7	7	79	458	1
saMgati		7	7	79	88	1
gAnDarva		7	6	78	185	1
pfSni		7	7	78	194	1
gozWa		7	7	77	232	1
arvAYc		7	7	76	259	1
maNgalya		7	7	76	94	1
svayam		7	7	76	2837	1
SacI		7	7	74	195	1
kali	1	7	7	74	584	1
kirAta		7	7	74	115	1
aBaya	1	7	7	73	570	1
cetana		7	7	73	148	1
gar	3	7	7	73	1	1
trita		7	7	73	116	1
BAskara		7	7	72	589	1
dvitIya	1	7	7	72	1874	1
jaWara		7	7	72	290	1
gomant	1	7	7	71	2	1
niroDa		7	7	71	253	1
guhya		7	6	70	393	1
kroqa		7	6	70	68	1
pradeSa		7	7	70	338	1
sArvaBOma		7	7	70	59	1
draviRa		7	7	69	331	1
kAzWA		7	7	69	173	1
kIrti		7	7	69	707	1
mAlava		7	6	69	79	1
sArTa		7	7	68	132	1
musala		7	7	66	305	1
Danus	1	7	7	65	1718	1
jizRu		7	7	65	204	1
naya		7	7	65	223	1
Kala		7	6	64	141	1
dvija		7	7	64	2940	1
vAsizWa		7	7	64	72	1
mAra		7	6	63	207	1
kzAra		7	7	62	1133	1
parikara		7	6	62	28	1
saMcAra		7	7	62	88	1
gupti		7	7	61	118	1
hiMsra		7	7	61	56	1
vidaTa		7	7	61	161	1
pravAda		7	6	60	88	1
saMdarSana		7	7	60	113	1
utsarga		7	7	60	170	1
vali		7	7	60	97	1
SudDi		7	7	59	800	1
kAya	2	7	6	59	1358	1
kala		7	7	59	151	1
raNga		7	6	59	273	1
jara		7	6	58	11	1
vaSin		7	6	58	223	1
DUmra		7	7	57	131	1
candana		7	7	57	804	1
kambala		7	7	57	115	1
sfgAla		7	7	57	41	1
tyAga		7	7	57	448	1
Palgu		7	7	56	54	1
SAri		7	7	56	3	1
prapaYca		7	7	56	127	1
sa	2	7	7	56	14890	1
vAmadeva	1	7	5	56	172	1
ATarvaRa		7	7	55	82	1
antareRa		7	7	55	326	1
devadatta		7	7	55	120	1
BIzaRa		7	7	54	140	1
gfhya	2	7	7	54	82	1
kOmAra		7	7	54	84	1
pramuKa		7	7	54	461	1
ahi		7	5	53	489	1
