lemma_slp1	group_id	status	shape	method	score	witnesses	flags	failure_class	pwg_sense_ids	pwg_gloss	mw_sense_ids	mw_gloss	apte_sense_ids	apte_gloss	skd_sense_ids	skd_gloss	vcp_sense_ids	vcp_gloss	note	stratum	stratum_census	stratum_population	population_share	sample_weight
maDu	maDu#1	aligned	1-1-1-1-0	attrib+gloss+ls	0.500	rv skdr ts			pwg:56888:2	süss, lieblich, schmeckend; lieblich, angenehm	mw:155768:1	mf( or or )n. ( gen. n. Ved. , , or ; instr. ; dat. ; loc. ) sweet, delicious, pleasant, charming, delightful	ap90:22602:1	a. ( or f. ) [ ] Sweet, pleasant, agreeable, delightful	skd:25968:1	madhu , klī, (manyante viśeṣeṇa jānanti janā yasmin . man + phalipāṭinamimanijanāṃ guk- paṭinākidhataśca . uṇā0 1 . 19 . iti uḥ dhaścāntādeśaḥ . madyam . (yathā, āryyāsapta- śatyām . 425 . madhumadavītavrīḍā yathā yathā lapati sammukhaṃ bālā .. ) kṣīram . jalam . iti …			shared literary witness, weighted 1/df within the lemma	attrib+gloss+ls|mid 0.40-0.69|clean	yes	2	0.000664	0.0398
plava	plava#1	aligned	1-1-1-1-0	attrib+gloss+ls	0.500	skdr vs			pwg:51326:8	ein best. Schwimmvogel	mw:141473:1	m. a kind of aquatic bird (= , , , or , ), &amp;c. &amp;c	ap90:21423:27	3 an aquatic bird, the diver	skd:23649:1	plava , ṅa gatyām . (bhvā0-ātma0-saka0-seṭ .) antaḥsthatṛtīyayuktaḥ . ṅa, plavate . plu ṅa ityane- naiveṣṭasiddhe asya pāṭhaḥ plaviṣyate plavyate ityādi siddhyarthaḥ . iti durgādāsaḥ			shared literary witness, weighted 1/df within the lemma	attrib+gloss+ls|mid 0.40-0.69|clean	yes	2	0.000664	0.0398
dakza	dakza#1	aligned	1-1-0-1-0	attrib+ls	1.000	nir rv santik skdr			pwg:31601:8	rechtem; des Ungeborenen	mw:89330:1	N. of an Āditya (identified with Prajā-pati , ; ; father of Kṛttikā , )			skd:15784:1	dakṣa , ṣa ma ṅa hantyarthe . iti kavikalpadrumaḥ .. (bhvāṃ-ātmaṃ-sakaṃ-seṭ .) ma, adakṣi adākṣi . dakṣaṃ dakṣam . dākṣaṃ dākṣam . mānubandhabalā- danupadhayorapi dīrghaḥ . svamate tu dīrghavidhi- rupadhāṃ nāpekṣate . ṣa, dakṣā . semaktāt saro- rityanenaiveṣṭasiddhe'sy…			shared literary witness, weighted 1/df within the lemma	attrib+ls|hi >=0.70|clean	yes	5	0.001659	0.0398
dakza	dakza#2	aligned	1-1-0-1-0	attrib+ls	0.783	hariv mbh r skdr			pwg:31601:2	tüchtig, tauglich; geschickt, anstellig; gescheidt; verständig; kräftig, geistig; Allen zur Genüge seiend; angemessen, entsprechend; geeignet zu Etwas; ein allen Geliebten genügender Liebhaber	mw:89331:1	N. of one of the Prajā-pati s ( ; ; and ; ; ; &amp;c., ; born from Brahmā 's right thumb, , ; &amp;c.; or from A-ja , ‘the unborn’, ; or son of Pra-cetas or of the of 10 Pra-cetasa s, whence called Prācetasa , , ; ; ; father of 24 daughters by Pra-sūti , ; &a…			skd:15783:1	dakṣa , ṅa syade . vṛddhau . iti kavikalpadrumaḥ .. (bhvāṃ-ātmaṃ-sakaṃ-seṭ .) syada iha śīghrakara- ṇam . ṅa, dakṣate dhanamudyogī . śīghramutpāda- yati ityarthaḥ . iti durgādāsaḥ .. (sāmarthye akarmmako'yam . yathā, ṛgvede . 2 . 1 . 11 . tamiḻā śatamihāsi dakṣase .. …			shared literary witness, weighted 1/df within the lemma	attrib+ls|hi >=0.70|clean	yes	5	0.001659	0.0398
guqa	guqa#1	aligned	1-1-0-1-0	attrib+ls	1.000	katy mbh skdr yajn			pwg:22528:5	trockner, in (runde) Stücke sich ballender Zucker; gekochter Zuckerrohrsaft, Melasse; Sandzucker; mit Melasse vermischtes Wasser; Melasse statt Wasser enthaltend; Reis mit Zucker; in Melasse eingemachte Myrobalane; mit Melasse; in Kugelform	mw:65427:1	sugar which forms itself into lumps, dry sugar, treacle, molasses, first thickening of the juice of the sugarcane by boiling, ; ; ; &amp;c			skd:10969:1	guḍa , i ka veṣṭe . rakṣe . iti kavikalpadrumaḥ .. (curāṃ-paraṃ-sakaṃ-seṭ .) pañcamasvarī . i ka, guṇḍayati . anekārthatvāccūrṇīkaraṇe'pi . guṇḍa- yati hiṅgulaṃ lokaḥ . iti durgādāsaḥ			shared literary witness, weighted 1/df within the lemma	attrib+ls|hi >=0.70|clean	yes	5	0.001659	0.0398
kuSa	kuSa#1	aligned	1-1-0-1-0	attrib+ls	1.000	mbh skdr yajn			pwg:18235:4	das heilige, bei verschiedenen religiösen Ceremonien verwendete Gras; mit; aufgekochtes Wasser	mw:53297:1	the sacred grass used at certain religious ceremonies ( Poa cynosuroides , a grass with long pointed stalks), ; ; &amp;c			skd:8332:1	kuśa i ki dyutau . iti kavikalpadrumaḥ .. (curāṃ pakṣe bhvāṃ paraṃ-akaṃ-seṭ-idit .) pañcamasvarī . i kuṃśyate . ki kuṃśayati kuṃśati . iti durgā- dāsaḥ			shared literary witness, weighted 1/df within the lemma	attrib+ls|hi >=0.70|clean	yes	5	0.001659	0.0398
nala	nala#1	aligned	1-1-0-1-0	attrib+ls	1.000	brahmap skdr			pwg:37896:7	N. pr. eines Daitya _im_	mw:104385:1	of a Daitya			skd:18425:1	nala , ja bandhe . iti nalaśabdasya vyutpattau bharataḥ .. (bhvāṃ-paraṃ-sakaṃ-seṭ ..)			shared literary witness, weighted 1/df within the lemma	attrib+ls|hi >=0.70|clean	yes	5	0.001659	0.0398
SAKa	SAKa#1	aligned	1-1-0-1-0	attrib+ls	0.533	hariv mbh skdr			pwg:98647:2	eine Manifestation; die als sein Sohn gefasst wird	mw:214946:1	m. N. of a manifestation of Skanda or of his son			skd:35276:1	śākha , ṛ vyāptau . iti kavikalpadrumaḥ .. (bhvā0- para0-saka0-seṭ .) ṛ, aśaśākhat . iti durgādāsaḥ			shared literary witness, weighted 1/df within the lemma	attrib+ls|mid 0.40-0.69|clean	yes	4	0.001328	0.0398
ka	ka#1	aligned	1-1-0-1-0	attrib+ls	0.500	nir skdr			pwg:14150:1	eines obersten Gottes, des; der Wer, der Unbekannte; Wind; Sonne; Seele; Feuer; Pfau; a clever or dexterous man; der Liebesgott; Knoten; König der Vögel; König; Körper; Zeit; Reichthum; Laut; Schein, Glanz	mw:41356:1	( ), n. happiness, joy, pleasure, ; &amp;c			skd:5738:1	ka , kakāraḥ . (varṇasya svarūpagrahaṇāya kāraḥ .) sa tu vyañjanaprathamavarṇaḥ . asyoccāraṇasthānaṃ kaṇṭhaḥ . iti vyākaraṇam .. (taṃthā coktam tulyāsya prayatnaṃ savarṇaṃ . 1 . 1 . 9 . siddhāntakaumudyām . akuhavisarjanīyānāṅkaṇṭhaḥ .. iti .. * ..) (vaṅgīyabhāṣāyāṃ)…			shared literary witness, weighted 1/df within the lemma	attrib+ls|mid 0.40-0.69|clean	yes	4	0.001328	0.0398
kuSa	kuSa#2	aligned	1-1-0-1-0	attrib+ls	0.667	hariv ragh skdr			pwg:18235:6	N. pr. eines Sohnes von Vasu Uparicara . eines Sohnes von Balākāśva oder Grossohnes von Balāka und Vaters von Kuśāmba , Kuśanābha (und auch von Vasu ) . . ( ). . . eines Sohnes von Suhotra ( vgl. ) . von Vidarbha . von Rāma ( vgl. ) . . . . . _im_ ( vgl. ). .…	mw:53304:1	of a son of Rāma ( cf. )			skd:8333:1	kuśa ya ir śliṣi . āliṅgana iti yāvat . iti kavikalpadrumaḥ .. (divāṃ-paraṃ-sakaṃ-seṭ .) ya kuśyati bālā kāntam . ir akuśat akośīt . asmāt pūṣāditvānnityaṃ ṅa ityanye . iti durgā- dāsaḥ			shared literary witness, weighted 1/df within the lemma	attrib+ls|mid 0.40-0.69|clean	yes	4	0.001328	0.0398
mUla	mUla#1	aligned	1-1-0-1-0	attrib+ls	0.500	rv skdr			pwg:61308:2	Wurzel; Grundlage; Ausgangspunkt, Anfang; Ausgangspunkt; die Wurzel von; die Wurzel vom langen Pfeffer; von Costus speciosus; arabicus; Wurzeln schlagen, festen Fuss fassen; wurzelnd in, hervorgehend aus; von Anfang an; von Grund aus; bis auf den Grund, ganz …	mw:166324:1	n. (or m. g. ; ifc. f( or ). ; prob. for 3. See above) ‘firmly fixed’, a root (of any plant or tree; but also fig. the foot or lowest part or bottom of anything), &amp;c. &amp;c. ( or , to take or strike root)			skd:27732:1	mūla ka ropaṇe . iti kavikalpadrumaḥ .. (curā0- ubha0-saka0-seṭ .) dīrghī ropaṇamāropaṇam . ka mūlayati vṛkṣaṃ lokaḥ . govindabhaṭṭastu rohaṇe iti paṭhitvā rohaṇaṃ janmeti vyākhyāti . iti durgādāsaḥ			shared literary witness, weighted 1/df within the lemma	attrib+ls|mid 0.40-0.69|clean	yes	4	0.001328	0.0398
SiKA	SiKA#5	aligned	1-0-0-1-0	attrib	1.000	skdr			pwg:99255:16	Liebesfieber					skd:35533:1	śikhā , strī, (śī + śīṅo hrasvaśca . uṇā0 5 . 24 . iti khaḥ hrasvo guṇābhāvaśca . striyāṃ ṭāp .) agnijvālā . tatparyyāyaḥ . jvālaḥ 2 kīlaḥ 3 arcciḥ 4 hetiḥ 5 śikhā 6 . itya- maraḥ .. (yathā, māghe, . 1 . 20 . vidudyute vāḍavajātavedasaḥ śikhābhirāśliṣṭa ivāmbhasāṃ nidh…			printed attribution: a western sense cites this kośa by name, weighted 1/df within the lemma	attrib|hi >=0.70|clean	no	16	0.005310	0.0708
ca	ca#5	aligned	1-0-0-1-0	attrib	1.000	skdr			pwg:24260:3	böse, boshaft					skd:11901:1	ca , cakāraḥ . sa tu vyañjanaṣaṣṭhavarṇaḥ . (dvitīyavarga- syādyavarṇaśca .) asyoccāraṇasthānaṃ tālu . iti vyākaraṇam .. (yaduktaṃ siddhāntakaumudyām . icu- yaśānāṃ tālu . iti . tathā ca śikṣāyām . kaṇṭhyāvahāvicuyaśāstālavyā oṣṭhajāvupū .. ) vaṅgākṣarairasya svarūpa…			printed attribution: a western sense cites this kośa by name, weighted 1/df within the lemma	attrib|hi >=0.70|clean	no	16	0.005310	0.0708
haya	haya#1	aligned	1-0-0-1-0	attrib	1.000	skdr			pwg:116034:15	Stute					skd:41398:1	haya , klame . gatau . iti kavikalpadrumaḥ .. (bhvā0- para0-klame aka0-gatau saka0-seṭ .) hayati . klamo glāniḥ . iti durgādāsaḥ			printed attribution: a western sense cites this kośa by name, weighted 1/df within the lemma	attrib|hi >=0.70|clean	no	16	0.005310	0.0708
hi	hi#2	aligned	1-0-0-1-0	attrib	1.000	skdr			pwg:116887:1	2. indecl. Einfluss auf ein folgendes . . . . wann pluta . . das verbum finitum orthotonirt . . . gewöhnlich auf das erste Wort des Satzes folgend, aber auch an andern Stellen bei dem Worte, auf welchem der Nachdruck liegt. . . . . . _zu_ mit Berufung auf , w…					skd:41734:1	hi , na varddhane . gatau iti kavikalpadrumaḥ . (bhvā0- para0-saka0-aniṭ .) gatiriha antarbhūta- ñyarthatvāt gatipreraṇam . na, prahiṇu svasūnu- miti bhaṭṭiḥ . varddhane viralaprayogaḥ . iti durgā- dāsaḥ			printed attribution: a western sense cites this kośa by name, weighted 1/df within the lemma	attrib|hi >=0.70|clean	no	16	0.005310	0.0708
kAla	kAla#13	aligned	1-0-0-0-1	attrib	1.000	vacasp			pwg:16729:40	Eisen							vcp:13281:1	kāla kālopadeśe (iyattayā kālaniścayārthopradeśe) ada0 cu0 ubha0 saka0 seṭ . kālayati te avakālat ta, kalayām babhūva āsa cakāra cakre . kālayiṣyati te	printed attribution: a western sense cites this kośa by name, weighted 1/df within the lemma	attrib|hi >=0.70|clean	no	16	0.005310	0.0708
maDu	maDu#7	aligned	1-0-0-0-1	attrib	1.000	vacasp			pwg:56888:6	Honig; Milch; Süssigkeit							vcp:37527:1	madhu na mana u nasya dhaḥ . 1 madye garja garja kṣaṇaṃ mūḍha! madhu yāvat pibāmyaham devīmā0 . 2 kṣaudre madhu vātā ṛtāyate iti madhusūktam . 3 puṣparase śabdara0 . madhu dvirephaḥ kusumaikapātre kumāraḥ . 4 jale ca viśvaḥ 5 madhurarase ca . madhukṣaranti sindhavaḥ iti m…	printed attribution: a western sense cites this kośa by name, weighted 1/df within the lemma	attrib|hi >=0.70|clean	no	16	0.005310	0.0708
puzpa	puzpa#1	aligned	1-0-0-1-0	attrib	1.000	skdr			pwg:46409:8	das Aufblühen					skd:22042:1	puṣpa , ya phullane . iti kavikalpadrumaḥ .. (divā0- para0-aka0-seṭ .) pañcamasvarī . mūrddhanyopadhaḥ . pullanaṃ vikasanam . ya, puṣpyati kundakorakam . iti durgādāsaḥ			printed attribution: a western sense cites this kośa by name, weighted 1/df within the lemma	attrib|hi >=0.70|clean	no	16	0.005310	0.0708
tala	tala#1	aligned	1-0-0-1-0	attrib	1.000	skdr			pwg:29046:13	Grube					skd:14560:1	tala , gatau . (bhvāṃ-paraṃ-sakaṃ-seṭ .) sautradhātu- rayam . tāliśaḥ . iti durgādāsaḥ			printed attribution: a western sense cites this kośa by name, weighted 1/df within the lemma	attrib|hi >=0.70|clean	no	16	0.005310	0.0708
vana	vana#1	aligned	1-0-0-1-0	attrib	1.000	skdr			pwg:87738:18	Wald					skd:30999:1	vana , sambhaktiśabdayoḥ . iti kavikalpadrumaḥ .. (bhvā0-para0-saka0-seṭ .) vanati . saṃbhaktiḥ sevanam . iti durgādāsaḥ			printed attribution: a western sense cites this kośa by name, weighted 1/df within the lemma	attrib|hi >=0.70|clean	no	16	0.005310	0.0708
BU	BU#15	aligned	1-0-0-1-0	attrib	0.333	skdr			pwg:55166:103	Jmd umgehen; nicht beachten, geringschätzen, mit Geringachtung behandeln; mit Geringachtung behandelt; sich selbst gering achtend; Etwas nicht beachten; eine Kleidung, über die die Leute spotten					skd:25174:1	bhū , sattāyām . iti kavikalpadrumaḥ .. (bhvā0- para0-aka0-seṭ .) satteha dvividhā . utpatti- rvidyamānatā ca . bhavati manuṣyo'thavā viṣṇuḥ . iti durgādāsaḥ			printed attribution: a western sense cites this kośa by name, weighted 1/df within the lemma	attrib|lo <0.40|clean	no	18	0.005974	0.0717
BU	BU#16	aligned	1-0-0-1-0	attrib	0.333	skdr			pwg:55166:105	hinschwinden					skd:25175:1	bhū , ka śuddhicintayoḥ . miśraṇe . iti kavikalpa- drumaḥ . (curā0-para0-saka0-seṭ .) ka, tṛṇa- vadbhāvayati dviṣaḥ sarvvān . trayo'rthāḥ . iti durgādāsaḥ			printed attribution: a western sense cites this kośa by name, weighted 1/df within the lemma	attrib|lo <0.40|clean	no	18	0.005974	0.0717
BU	BU#17	aligned	1-0-0-1-0	attrib	0.333	skdr			pwg:55167:11	Opfer- feuer					skd:25176:1	bhū , ka ṅa prāptau . iti kavikalpadrumaḥ .. (curā0- ātma0-saka0-seṭ .) ka ṅa, bhāvayate . iti durgādāsaḥ			printed attribution: a western sense cites this kośa by name, weighted 1/df within the lemma	attrib|lo <0.40|clean	no	18	0.005974	0.0717
Gawa	Gawa#4	aligned	1-0-0-1-0	attrib	0.333	skdr			pwg:23884:19	ein best. Zeitabschnitt, 24 Minuten					skd:11674:1	ghaṭa , ṣa ṅa ma ceṣṭe . iti kavikalpadrumaḥ .. (bhvāṃ- ātmaṃ-akaṃ-seṭ .) ṣa, ghaṭā . ṅa, ghaṭate paṭhituṃ śiṣyaḥ . ma, ghaṭayati . ghaṭatīti ghaṭo jñeyo nāghaṭan ghaṭatāmiyāditi tu ghaṭate ghaṭaḥ pacāditvādan . tato ghaṭa ivācaratīti kvau sādhyam . iti durgādāsaḥ .. (yathā,…			printed attribution: a western sense cites this kośa by name, weighted 1/df within the lemma	attrib|lo <0.40|clean	no	18	0.005974	0.0717
akza	akza#3	aligned	1-0-0-1-0	attrib	0.333	skdr			pwg:167:15	14〉 Garuḍa , _im_					skd:103:1	akṣa , na ū vyāptau . saṃhatau . iti kavikalpadrumaḥ . na akṣṇoti dhanaṃ lokaḥ . vyāpnoti rāśīkaroti vā ityarthaḥ . ū ākṣiṣṭāṃ . āṣṭāṃ . iti durgādāsaḥ			printed attribution: a western sense cites this kośa by name, weighted 1/df within the lemma	attrib|lo <0.40|clean	no	18	0.005974	0.0717
akza	akza#4	aligned	1-0-0-1-0	attrib	0.333	skdr			pwg:167:19	ein Blindgeborner					skd:104:1	akṣa , ū vyāptau . saṃhatau . iti kavikalpadrumaḥ . akṣati dhanaṃ lokaḥ . vyāpnoti rāśīkaroti vā ityarthaḥ . ū ākṣiṣṭāṃ . āṣṭāṃ . iti durgādāsaḥ			printed attribution: a western sense cites this kośa by name, weighted 1/df within the lemma	attrib|lo <0.40|clean	no	18	0.005974	0.0717
mUla	mUla#4	aligned	1-0-0-1-0	attrib	0.333	skdr			pwg:61308:15	Asparagus racemosus Willd. _im_					skd:27733:1	mūla ña pratiṣṭhāyām . iti kavikalpadrumaḥ .. (bhvā0- ubha0-aka0-seṭ .) pavargaśeṣādirdīrghī . pratiṣṭhā sthitiriti govindabhaṭṭaḥ . ña mūlati mūlate yaśaḥ . ayaṃ parasmaipadītyanye . iti durgādāsaḥ			printed attribution: a western sense cites this kośa by name, weighted 1/df within the lemma	attrib|lo <0.40|clean	no	18	0.005974	0.0717
nawa	nawa#2	aligned	1-0-0-1-0	attrib	0.333	skdr			pwg:37457:5	eine Rohrart					skd:18218:1	naṭa , nṛtye . hiṃse ! iti kavikalpadrumaḥ .. (bhvāṃ- paraṃ-nṛtye akaṃ-hiṃse sakaṃ-seṭ .) naṭati . iti durgādāsaḥ			printed attribution: a western sense cites this kośa by name, weighted 1/df within the lemma	attrib|lo <0.40|clean	no	18	0.005974	0.0717
nawa	nawa#4	aligned	1-0-0-1-0	attrib	0.333	skdr			pwg:37457:11	Hure					skd:18220:1	naṭa , ma nṛtau . iti kavikalpadrumaḥ .. (bhvāṃ-paraṃ- akaṃ-seṭ .) ma, praṇaṭayati . iti durgādāsaḥ			printed attribution: a western sense cites this kośa by name, weighted 1/df within the lemma	attrib|lo <0.40|clean	no	18	0.005974	0.0717
vfza	vfza#3	aligned	1-0-0-1-0	attrib	0.333	skdr			pwg:94971:9	Bez. verschiedener göttlicher Wesen: Viṣṇu ʼs oder Kṛṣṇa ʼs . . . . . Śiva ʼs . (zwei Mal neben !). . Indra ʼs ( pl. ). der Sonne 107,4. des Liebesgottes _im_ des Regenten des Karaṇa Catuṣpada					skd:33855:1	vṛṣa , ka ṅa prajanaiśye . iti kavikalpadrumaḥ .. (curā0-ātma0-aka0-seṭ .) ka ṅa, varṣayate . asya pañcamasvarānubandho lekhakaśramakṛtaḥ sudhībhirheyaḥ . ñyantebhyaḥ sarvvatra nityem sāmpra- dāyikatvāt . na ca prācāmanurodhāt pāṭhya iti vācyam . tarhi anṛk vyaktau . …			printed attribution: a western sense cites this kośa by name, weighted 1/df within the lemma	attrib|lo <0.40|clean	no	18	0.005974	0.0717
Ka	Ka#1	aligned	1-0-0-1-0	attrib	0.500	skdr			pwg:20749:15	das auf ein aufgegangenes Zodiakalbild folgende zehnte					skd:9896:1	kha , khakāraḥ . sa tu vyañjanadvitīyavarṇaḥ . asyo- ccāraṇasthānaṃ kaṇṭhaḥ . (yathā, siddhāntakaumu- dyām . a-ku-ha-visarjjanīyānāṃ kaṇṭhaḥ . iti . śikṣāgranthe tu asya jihvāmūlīyatvamuktam . yathā, jihvāmūle tu kuḥ proktaḥ . iti . paraṃ jihvāmūlīyasyāpi kaṇṭhamūloccār…			printed attribution: a western sense cites this kośa by name, weighted 1/df within the lemma	attrib|mid 0.40-0.69|clean	no	22	0.007302	0.0730
aja	aja#6	aligned	1-0-0-1-0	attrib	0.500	skdr			pwg:872:6	Widder					skd:460:1	aja kṣepe . gatau . iti kavikalpadrumaḥ .. ajati . iti durgādāsaḥ			printed attribution: a western sense cites this kośa by name, weighted 1/df within the lemma	attrib|mid 0.40-0.69|clean	no	22	0.007302	0.0730
aja	aja#7	aligned	1-0-0-1-0	attrib	0.500	skdr			pwg:873:13	Māyā , als erste Śakti , _im_ ; vgl. _zu_					skd:461:1	aja ika bhāsi (aji dīptau curā iditvānnum .) iti kavikalpadrumaḥ .. ika añjayati . bhāsi doptau . iti durgādāsaḥ			printed attribution: a western sense cites this kośa by name, weighted 1/df within the lemma	attrib|mid 0.40-0.69|clean	no	22	0.007302	0.0730
cara	cara#6	aligned	1-0-0-1-0	attrib	0.500	skdr			pwg:24903:11	Bachstelze					skd:12237:1	cara , gamane . adane . ācāre . iti kavikalpa- drumaḥ .. (bhvāṃ-paraṃ-sakaṃ-seṭ .) carati . iti durgādāsaḥ			printed attribution: a western sense cites this kośa by name, weighted 1/df within the lemma	attrib|mid 0.40-0.69|clean	no	22	0.007302	0.0730
kUwa	kUwa#12	aligned	1-0-0-1-0	attrib	0.500	skdr			pwg:71264:1	Augapfel					skd:8454:1	kūṭa t ka dāhe . mantre . iti kavikalpadrumaḥ .. (adantacurāṃ-paraṃ-sakaṃ-seṭ .) dīrgho . acukūṭat . iti durgādāsaḥ			printed attribution: a western sense cites this kośa by name, weighted 1/df within the lemma	attrib|mid 0.40-0.69|clean	no	22	0.007302	0.0730
kawa	kawa#2	aligned	1-0-0-1-0	attrib	0.500	skdr			pwg:14332:18	Gras					skd:5891:1	kaṭa gatyāṃ . iti kavikalpadrumaḥ .. (bhvāṃ paraṃ sakaṃ seṭ .) kaṭati . iti durgādāsaḥ			printed attribution: a western sense cites this kośa by name, weighted 1/df within the lemma	attrib|mid 0.40-0.69|clean	no	22	0.007302	0.0730
kawa	kawa#3	aligned	1-0-0-1-0	attrib	0.500	skdr			pwg:14332:19	Brett					skd:5892:1	kaṭa i gatyāṃ . iti kavikalpadrumaḥ .. (bhvāṃ paraṃ sakaṃ seṭ idit . i-kaṇṭyate . iti durgādāsaḥ			printed attribution: a western sense cites this kośa by name, weighted 1/df within the lemma	attrib|mid 0.40-0.69|clean	no	22	0.007302	0.0730
kumAra	kumAra#4	aligned	1-0-0-1-0	attrib	0.500	skdr			pwg:17828:11	ein Bein. des Flusses Sindhu _im_					skd:8100:1	kumāra , t ka kelau . iti kavikalpadrumaḥ .. (adanta- curāṃ-paraṃ-akaṃ-seṭ .) hrasvī . acukumārat . iti durgādāsaḥ			printed attribution: a western sense cites this kośa by name, weighted 1/df within the lemma	attrib|mid 0.40-0.69|clean	no	22	0.007302	0.0730
laGu	laGu#7	aligned	1-0-0-1-0	attrib	0.500	skdr			pwg:85738:13	Trigonella corniculata Lin. _im_					skd:30103:1	laghu , klī, (laṅghate aneneti . laṅgha + laṅghivaṃhyo- rnalopaśca . uṇā0 1 . 30 . iti kuḥ . dhātornalopaśca .) śīghram . ityamaraḥ .. (yathā, rāmāyaṇe . 2 . 46 . 21 . yāvadeva tu saṃsuptāstāvadeva vayaṃ laghu . rathamāruhya gacchāmaḥ panthānamakutobhayam .. ) kṛṣṇāguru …			printed attribution: a western sense cites this kośa by name, weighted 1/df within the lemma	attrib|mid 0.40-0.69|clean	no	22	0.007302	0.0730
ma	ma#1	aligned	1-0-0-1-0	attrib	0.500	skdr			pwg:56103:6	der Mond					skd:25601:1	ma makāraḥ . sa tu pañcaviṃśatitamavyañjanavarṇaḥ . asyoccāraṇasthānamoṣṭhaḥ . iti vyākaraṇam .. ( upūpadhmānīyānāmoṣṭhau . iti siddhānta- kaumudī ..) asya svarūpaṃ yathā, makāraṃ śṛṇu cārvvaṅgi ! svayaṃ paramakuṇḍalī . taruṇādityasaṅkāśaṃ caturvvargapradāyakam .. pa…			printed attribution: a western sense cites this kośa by name, weighted 1/df within the lemma	attrib|mid 0.40-0.69|clean	no	22	0.007302	0.0730
ta	ta#1	aligned	1-0-0-1-0	attrib	0.500	skdr			pwg:28331:2	Schwanz; ein anderer Schwanz als der des Bos Gaurus; der Schwanz eines Schakals					skd:14191:1	ta , takāraḥ . sa vyañjanaṣoḍaśavarṇaḥ . tavargaprathama- varṇaśca . (ardhamātrākālenoccāryyaḥ .) asyo- ccāraṇasthānaṃ dantaḥ . iti vyākaraṇam .. (asyo- ccāraṇe dantamūlena jihvāgrasya sparśaḥ ābhya- ntaraprayatnaḥ . vivāraśvāsaghoṣāḥ bāhyaprayatnāḥ . mātṛkānyāse'…			printed attribution: a western sense cites this kośa by name, weighted 1/df within the lemma	attrib|mid 0.40-0.69|clean	no	22	0.007302	0.0730
vara	vara#8	aligned	1-0-0-1-0	attrib	0.500	skdr			pwg:88106:7	Bdellion					skd:31179:1	vara , t ka īpse . iti kavikalpadrumaḥ .. (adanta- curā0-para0-saka0-seṭ .) rephopadhaḥ . varayati . iti durgādāsaḥ			printed attribution: a western sense cites this kośa by name, weighted 1/df within the lemma	attrib|mid 0.40-0.69|clean	no	22	0.007302	0.0730
arjuna	arjuna#2	aligned	1-1-1-0-0	gloss+ls	1.000	vs			pwg:5852:9	ein Name Indra ʼs	mw:15752:1	of Indra	ap90:4148:13	9 N. of Indra					shared literary witness, weighted 1/df within the lemma	gloss+ls|hi >=0.70|clean	no	95	0.031530	1.2612
krUra	krUra#1	aligned	1-1-1-0-0	gloss+ls	1.000	av ts vs			pwg:19915:15	wunde Stelle, Wunde	mw:58358:1	( ), n. a wound, sore	ap90:11759:20	1 A wound					shared literary witness, weighted 1/df within the lemma	gloss+ls|hi >=0.70|clean	no	95	0.031530	1.2612
mADava	mADava#1	aligned	1-1-1-0-0	gloss+ls	0.708	hariv kathas vikr			pwg:59737:3	zum Frühling in Beziehung stehend; an einem Frühlingstage; Frühlingspracht	mw:162531:1	mf( )n. ( fr. ; f( ). only in [= ] , , Sch. ) relating to spring, vernal	ap90:22960:4	3 Vernal, relating to the spring					shared literary witness, weighted 1/df within the lemma	gloss+ls|hi >=0.70|clean	no	95	0.031530	1.2612
Arya	Arya#2	aligned	1-1-2-0-0	gloss+ls	1.000	av m mbh pancat rv vs yajn			pwg:9297:2	der zu den Treuen, Ergebenen Gehörige; der Mann des eigenen Stammes; der den Volksgöttern des Stammes Treue; Arier; Arier — der Angehörige des in Indien herrschenden Stammes, der Mann der drei oberen Kasten; der Arier im Lande der sieben Ströme; ein Mann, der…	mw:26536:1	in later times N. of the first three castes (opposed to ), ; ; ; ; ; &amp;c	ap90:6806:9; ap90:6806:48	3 N. of the first three castes (as opp. to ) ‖ 2 your reverence or honour (a respectful address)					shared literary witness, weighted 1/df within the lemma	gloss+ls|hi >=0.70|m2m	yes	16	0.005310	0.0398
Atman	Atman#1	aligned	2-2-2-0-0	gloss+ls	1.000	av kath ragh rv	granularity-many-to-many		pwg:8309:3; pwg:8309:4	Seele, als Princip von Leben und Empfindung ‖ das Selbst, die eigene Person; in sich aufnehmen, sich aneignen; den; kennt nur sein Selbst; auch die Mutter brachte sich selbstumʼs Leben; seines Lebens verlustig gehen; Selbst; ein gegenseitiges Erkennen; selbander, selbdritt; das Selbst, die eigene Person	mw:23456:1; mw:23465:1	the soul, principle of life and sensation, ; &amp;c ‖ the body	ap90:6115:2; ap90:6115:145	1 The soul, the individual soul, the breath, the principle of life and sensation; ; (In is compared to a river) ‖ 3 the body					shared literary witness, weighted 1/df within the lemma	gloss+ls|hi >=0.70|m2m	yes	16	0.005310	0.0398
ISvara	ISvara#1	aligned	1-1-2-0-0	gloss+ls	0.750	av h hit r			pwg:10551:3	Herr, Gebieter, Fürst, König; der Weltgegenden; Landesfürst, König; ein hochstehender, vornehmer, reicher Herr	mw:29881:1	mfn. able to do, capable of (with gen. of Vedic inf. , or with common inf. ), liable, exposed to, ; ; ; ; ; &amp;c	ap90:7532:2; ap90:7532:7	1 Powerful, able, capable of (with inf. ) ‖ 3 A rich or great man; ; ; ; ; cf. “To carry coals to Newcastle.”					shared literary witness, weighted 1/df within the lemma	gloss+ls|hi >=0.70|m2m	yes	16	0.005310	0.0398
dahana	dahana#1	aligned	2-2-1-0-0	gloss+ls	0.950	bhartr hariv horas kaus mbh r	granularity-many-to-many		pwg:32382:3; pwg:32382:6	verbrennend; der Verbrenner von; versengend, zu Grunde richtend ‖ Feuer; der Gott des Feuers; Feuer; der Zahl drei	mw:91168:1; mw:91170:1	mf( )n. burning, consuming by fire, scorching, destroying (chiefly ifc. ) ‖ m. fire (of three kinds), Agni , ; &amp;c. ( ifc. f( ). , )	ap90:15287:13	1 Burning, consuming by fire ( fig. also)					shared literary witness, weighted 1/df within the lemma	gloss+ls|hi >=0.70|m2m	yes	16	0.005310	0.0398
divya	divya#1	aligned	1-1-2-0-0	gloss+ls	1.000	av kaus mbh r rv			pwg:33024:1	himmlisch; himmlische, göttliche; menschlichen; das Messen der Zeit nach Tagen und Jahren der Götter; das über Raum und Zeit hinwegsehende Auge des Sehers; himmlisch; wunderbar, magisch; himmlisch schön, prachtvoll	mw:92382:1	2. ( , ), mfn. divine, heavenly, celestial ( opp. to , or ), ; ; ; ; &amp;c	ap90:15438:2; ap90:15438:35	1 Divine, heavenly, celestial ‖ 1 having divine vision, heavenly-eyed					shared literary witness, weighted 1/df within the lemma	gloss+ls|hi >=0.70|m2m	yes	16	0.005310	0.0398
jyotis	jyotis#1	aligned	1-1-2-0-0	gloss+ls	1.000	gobh h satr			pwg:28023:4	die Gestirne; der Lauf der Gestirne, die Regeln [Page3-0164] darüber, das; Sonne und Mond; auffallende Erscheinungen an Sonne und Mond; die beiden Fürsten unter den Gestirnen, Sonne und Mond	mw:80779:1	du. sun and moon	ap90:14106:6; ap90:14106:8	5 A heavenly body, a luminary (planet, star &amp;c.) ‖ 7 The sun and moon (dual)					shared literary witness, weighted 1/df within the lemma	gloss+ls|hi >=0.70|m2m	yes	16	0.005310	0.0398
kamala	kamala#1	aligned	1-2-2-0-0	gloss+ls	1.000	bhartr n sak susr	granularity-many-to-many		pwg:15001:8	Lotus; lieblich, schön	mw:43801:1; mw:43811:1	( , ), m n. a lotus, lotus-flower, Nelumbium , ; ; &amp;c ‖ water	ap90:10298:10; ap90:10298:11	1 A lotus; ; so , &amp;c ‖ 2 Water					shared literary witness, weighted 1/df within the lemma	gloss+ls|hi >=0.70|m2m	yes	16	0.005310	0.0398
krUra	krUra#2	aligned	1-1-2-0-0	gloss+ls	0.833	pancat r sak			pwg:19915:4	blutig, grausam; roh, hart; gräulich, furchtbar, schrecklich; furchtbar; ungünstig; auf eine schreckliche Weise	mw:58349:1	hard, solid	ap90:11759:2; ap90:11759:11	1 Cruel, wicked, hard-hearted, pitiless ‖ 10 Hard, solid, hardened					shared literary witness, weighted 1/df within the lemma	gloss+ls|hi >=0.70|m2m	yes	16	0.005310	0.0398
mAnasa	mAnasa#1	aligned	1-2-1-0-0	gloss+ls	0.700	ghat hariv r			pwg:59860:13	geistigen Badeplatz, das Bad der Seele	mw:162934:1; mw:162942:1	of the worlds of the Soma-pa ‖ (with or scil. , or ) N. of a sacred lake and place of pilgrimage on mount Kailāsa (the native place of the wild geese, which migrate to it every year at the breeding season)	ap90:22995:10	2 N. of a sacred lake on the mountain Kailāsa; ( ( pb ) ; it is said to be the native place of swans, who are described as migrating to its shores every year at the commencement of the breeding season or the monsoons; , ; ; see ; also)					shared literary witness, weighted 1/df within the lemma	gloss+ls|hi >=0.70|m2m	yes	16	0.005310	0.0398
mAtra	mAtra#1	aligned	1-1-2-0-0	gloss+ls	0.819	h hit kath laty pancat r			pwg:59685:8	nur so viel als das vorangehende Wort besagt; nichts als Lust, nur Lust, blosse Lust; durch blosses Hören; nach dem blossen Angriffe, sobald der Angriff erfolgt ist; wenn nur eine Zahl bezeichnet ist, so sind Rinder das gemeinte Opfergeschenk; nur in Büchern;…	mw:161711:1	( ifc. ) measure, quantity, sum, size, duration, measure of any kind (whether of height, depth, breadth, length, distance, time or number, e.g. , a finger's breadth, ; , a certain sum of money, ; , at the distance of a Kos, ; , in a month, ; , a hundred in nu…	ap90:22943:3; ap90:22943:5	1 A measure, whether of length, breadth, height, size, space, distance or number; usually at the end of comp. i. e. a ‘finger's breadth’; ‘to some distance’; ‘at the distance of a Krośa’, ‘even the breadth of a line, as much as a line’; ; so ‘the space of an … ‖ 3 The simple measure of anything, the one thing and no more, often translateable by ‘mere,’ ‘only’, ‘even’; ‘by mere caste’; ‘by a mere wag-tail’, ‘merely by words’; so ; used with past participles may be translated by ‘as soon as’, ‘no sooner than’, ‘just’; …					shared literary witness, weighted 1/df within the lemma	gloss+ls|hi >=0.70|m2m	yes	16	0.005310	0.0398
pUraRa	pUraRa#2	aligned	1-1-2-0-0	gloss+ls	0.750	mbh r			pwg:46676:12	das Vollmachen, Ausfüllen, Anfüllen, Aufblähen; das Ausfüllen; das Einbringen von Flüssigkeiten oder anderen Stoffen; das Vollmachen des Bogens; das Spannen desselben; das Durchlaufen; das Versehen, Ausschmücken mit; das Erfüllen, Befriedigen	mw:127585:1	(with ) drawing or bending a bow to the full	ap90:19245:16; ap90:19245:25	2 Filling up, completing ‖ 11 Drawing, bending (as a bow)					shared literary witness, weighted 1/df within the lemma	gloss+ls|hi >=0.70|m2m	yes	16	0.005310	0.0398
puras	puras#1	aligned	1-2-1-0-0	gloss+ls	1.000	amar br mbh r vs			pwg:46007:1	voran, vorn, nach vorn, davor, vor den Augen, vor sich, vor Jemand; den; vor sich habend; im Osten, nach Osten; nach Südosten; vorher, zuerst; bevorstehen; man spannt nicht den Esel vor das Ross; vor; vor sich	mw:125903.1:1; mw:125903.3:1	(as prep. ) before (of place and time), in the presence or before the eyes of ( gen. abl. acc. or comp. ), &amp;c. &amp;c ‖ in or from or towards the east, eastward, ; &amp;c. ( , towards the south-east, )	ap90:19129:2	1 Before(in time or space), in front, in the presence of, ( pb ) before the eyes of (by itself or with gen. ); ; ; ; ; ; often used with (see below)					shared literary witness, weighted 1/df within the lemma	gloss+ls|hi >=0.70|m2m	yes	16	0.005310	0.0398
suKa	suKa#1	aligned	1-1-2-0-0	gloss+ls	1.000	m naigh			pwg:109803:15	Wohlbefinden, Wohlbehagen, Lust, angenehme Empfindung, Genuss, Freude; Freude an; wohlthun, frommen	mw:245622:1	n. water	ap90:30355:12; ap90:30355:16	3 Well-being, welfare, health ‖ 7 Water					shared literary witness, weighted 1/df within the lemma	gloss+ls|hi >=0.70|m2m	yes	16	0.005310	0.0398
tarala	tarala#1	aligned	1-1-2-0-0	gloss+ls	1.000	git r ragh sak			pwg:28907:3	sich hinundherbewegend, zuckend, zitternd; funkelnd; Blitz; flüssig; unstät, unbeständig, vergänglich; liederlich, wollüstig	mw:83215:1	glittering	ap90:14450:2; ap90:14450:4	1 trembling, waving, shaking, tremulous ‖ 3 Splendid, sparkling, glittering					shared literary witness, weighted 1/df within the lemma	gloss+ls|hi >=0.70|m2m	yes	16	0.005310	0.0398
vAma	vAma#1	aligned	1-2-2-0-0	gloss+ls	1.000	git kir	granularity-many-to-many		pwg:89972:4	schief, verkehrt; seitwärts; in entgegengesetzter Richtung —, anders verfahrend; widerstrebend, widerspänstig, widerwärtig; spröde; ein widerwärtiges Geschick; Widerwärtiges, Unheil; hart, grausam; verkehrt; schlecht, böse	mw:191035:1; mw:191040:1	reverse, adverse, contrary, opposite, unfavourable ‖ vile, wicked, base, low, bad	ap90:25443:4; ap90:25443:5	3 ( a ) Reverse, contrary, opposite, adverse, unfavourable; ; , ( b ) Acting contrary, of an opposite nature; ( e ) Perverse, crooked-natured, refractory ‖ 4 Vile, wicked, base, low, bad					shared literary witness, weighted 1/df within the lemma	gloss+ls|hi >=0.70|m2m	yes	16	0.005310	0.0398
vilAsin	vilAsin#1	aligned	2-1-1-0-0	gloss+ls	0.700	dhurtas r ragh			pwg:92963:5; pwg:92963:16	munter, ein Freund der Fröhlichkeit, sich gern vergnügend, Genüsse liebend; seine Freude habend an; sich vergnügend mit ‖ ein munteres Frauenzimmer, ein anmuthiges Weib, Weib; Geliebte; ein leichtfertiges Frauenzimmer; Gattin; Concubine	mw:199700:1	wanton, sportive, playful, dallying with or fond of ( comp. )	ap90:26421:1	a. ( f. ) Sportive, playful, dallying, wanton, coquettish					shared literary witness, weighted 1/df within the lemma	gloss+ls|hi >=0.70|m2m	yes	16	0.005310	0.0398
Gana	Gana#4	aligned	1-1-1-0-0	gloss+ls	0.367	hariv mbh			pwg:23947:12	eine compacte Masse, Klumpen u. s. w.; Fötus im zweiten Monat; ganz, nichts als; ganz Erkennen	mw:69439:1	a cloud, &amp;c. ( ifc. f( ). , )	ap90:12876:14	1 A cloud					shared literary witness, weighted 1/df within the lemma	gloss+ls|lo <0.40|clean	no	17	0.005642	0.2257
Sukra	Sukra#1	aligned	1-1-1-0-0	gloss+ls	0.333	av rv vs			pwg:100127:4	klar, lauter; der lautere	mw:218927:1	clear, pure	ap90:28060:3	2 White, pure					shared literary witness, weighted 1/df within the lemma	gloss+ls|lo <0.40|clean	no	17	0.005642	0.2257
amfta	amfta#5	aligned	1-1-1-0-0	gloss+ls	0.333	naigh			pwg:5200:37	Wasser	mw:14198.56:1	unsolicited alms, and , water	ap90:3852:25	8 Unsolicited alms, alms got without solicitation					shared literary witness, weighted 1/df within the lemma	gloss+ls|lo <0.40|clean	no	17	0.005642	0.2257
citra	citra#6	aligned	1-1-1-0-0	gloss+ls	0.500	megh			pwg:25410:46	Sectenzeichen auf der Stirn	mw:73680:1	n. a picture, sketch, delineation, ; ( mfn. = ), ; &amp;c. ( ifc. f( ). , )	ap90:13334:17	1 A picture, painting, delineation; ; ( pb ) , , &amp;c					shared literary witness, weighted 1/df within the lemma	gloss+ls|mid 0.40-0.69|clean	no	138	0.045802	1.8321
laGu	laGu#1	aligned	1-1-1-0-0	gloss+ls	0.500	av			pwg:85738:4	leicht; nicht schwer; gering geachtet; einen leichten Unterleib —, nicht viel im Magen habend; leicht zu verdauen, nicht schwer im Magen liegend; leicht; sich leicht fühlend, keine Last empfindend; leicht; ohne Gefolge; leicht zu vollbringen; leicht von Statt…	mw:180779:1	light, easy, not heavy or difficult, &amp;c. &amp;c	ap90:24408:11	10 Easy, not difficult					shared literary witness, weighted 1/df within the lemma	gloss+ls|mid 0.40-0.69|clean	no	138	0.045802	1.8321
tAra	tAra#1	aligned	1-1-1-0-0	gloss+ls	0.667	amar kathas			pwg:29355:2	hinüberdringend, hinüberschallend; hoch, laut, laut tönend, gellend; ein lauter, hoher, [Page3-0305] gellender Ton; ganz laut	mw:84232:1	( fr. ?) shining, radiant	ap90:14598:4	3 Shining, radiant, clear; (regarded as an interpolation in by )					shared literary witness, weighted 1/df within the lemma	gloss+ls|mid 0.40-0.69|clean	no	138	0.045802	1.8321
BIma	BIma#1	aligned	2-1-1-0-0	gloss+ls	0.500	r rv			pwg:54947:2; pwg:54947:12	furchtbar, schrecklich ‖ N. pr. einer Apsaras	mw:150996:1	mf( )n. fearful, terrific, terrible, awful, formidable, tremendous, &amp;c. &amp;c. ( ibc. , fearfully &amp;c.)	ap90:22205:1	a. [ ] Fearful, terrific, terrible, dreadful, formidable					shared literary witness, weighted 1/df within the lemma	gloss+ls|mid 0.40-0.69|m2m	yes	14	0.004647	0.0398
Druva	Druva#1	aligned	1-2-2-0-0	gloss+ls	0.667	av chan rv	granularity-many-to-many		pwg:37147:3	am Ort verharrend, feststehend; bleibend, dauernd; beständig, unveränderlich; bei Jmd bleibend; ein Glied, ein Theil des Körpers, der feststeht, unbeweglich ist; eine beim Melken stillhaltende Kuh; der Fusspunkt; der bleibende; aufbewahrte; ein festes, starke…	mw:102286:1; mw:102288:1	mf( )n. ( prob. fr. √ , but cf. √ and ) fixed, firm, immovable, unchangeable, constant, lasting, permanent, eternal, &amp;c. &amp;c. ( e.g. the earth, a mountain, a pillar, a vow &amp;c.; with n. an inseparable member of the body, ; with f. a cow which stands… ‖ settled, certain, sure, ; ; &amp;c	ap90:16216:2; ap90:16216:4	1 ( a ) Fixed, firm, immovable, stable, permanent, constant, unchangeable; ( b ) Perpetual, everlasting, eternal ‖ 3 Certain, sure, inevitable; ( pb )					shared literary witness, weighted 1/df within the lemma	gloss+ls|mid 0.40-0.69|m2m	yes	14	0.004647	0.0398
SiKarin	SiKarin#1	aligned	2-2-2-0-0	gloss+ls	0.583	mbh r satr	granularity-many-to-many		pwg:99253:2; pwg:99253:5	mit Spitzen —, mit Zacken versehen, spitzig; des Metrums ‖ N. pr. eines Berges ( ) , Schol	mw:216721:1; mw:216724:1	mfn. pointed, peaked, crested, tufted, ; &amp;c ‖ N. of a mountain, , Sch	ap90:27933:2; ap90:27933:5	1 Crested, tufted ‖ 1 A mountain					shared literary witness, weighted 1/df within the lemma	gloss+ls|mid 0.40-0.69|m2m	yes	14	0.004647	0.0398
aja	aja#1	aligned	1-2-1-0-0	gloss+ls	0.600	av r rv			pwg:872:5	Bock; Ziege; behende, agilis; Ziegen; Ziegen und Schafe	mw:2034:1; mw:2035:1	2. mfn. not born, existing from all eternity ‖ m. N. of the first uncreated being	ap90:352:1	a. [ . . .] Unborn, existing from all eternity					shared literary witness, weighted 1/df within the lemma	gloss+ls|mid 0.40-0.69|m2m	yes	14	0.004647	0.0398
asita	asita#2	aligned	1-2-1-0-0	gloss+ls	0.500	r santi			pwg:7381:1	dunkelfarbig, schwarz; Schwärze; das dunkle Volk; die Geister des Dunkels; die dunkle, abnehmende Hälfte des Mondes	mw:20964:1; mw:20970:1	2. mf( ; Ved. )n. ( , ‘white’, appears to have been formed from this word, which is probably original, and not a compound of and ; cf. and ), dark-coloured, black, &amp;c ‖ of a son of Bharata	ap90:5537:3	2 [ ] Not white, black, dark-blue, dark-coloured; ; ; , &amp;c					shared literary witness, weighted 1/df within the lemma	gloss+ls|mid 0.40-0.69|m2m	yes	14	0.004647	0.0398
brAhma	brAhma#1	aligned	1-1-2-0-0	gloss+ls	0.500	av r			pwg:53627:2	heilig, göttlich; auf das; den; die Brahmanen bezüglich, dazu gehörig; ein best. Theil der Hand; den Brahmanen günstig; des Brahmanen Macht; aus Brahmanen bestehend	mw:147279:1	mf( )n. ( fr. , for which it is also the Vṛddhi form in comp. ) relating to Brahmă or Brahmā , holy, sacred, divine, &amp;c. &amp;c	ap90:21873:2; ap90:21873:6	1 Relating to Brahman or the creator, or to the Supreme Spirit ‖ 5 Holy, sacred, divine					shared literary witness, weighted 1/df within the lemma	gloss+ls|mid 0.40-0.69|m2m	yes	14	0.004647	0.0398
gOra	gOra#2	aligned	1-1-2-0-0	gloss+ls	0.500	caurap r			pwg:23542:2	weisslich, gelblich, röthlich; die weissliche Farbe u. s. w.; glänzend, rein, schön	mw:68233:1	shining, brilliant, clean, beautiful	ap90:12754:2; ap90:12754:5	1 White ‖ 4 Shining, brilliant					shared literary witness, weighted 1/df within the lemma	gloss+ls|mid 0.40-0.69|m2m	yes	14	0.004647	0.0398
kalpa	kalpa#2	aligned	1-1-2-0-0	gloss+ls	0.476	av m mbh			pwg:15750:6	Satzung, Regel, Ordnung, Brauch; Verfahren, Art und Weise; eine vor allen andern geltende Regel; ein Verfahren, welches vor allen andern den Vorzug verdient; dafür haben wir zunächst zu sorgen, dass; Regel in Betreff der Verunreinigung durch einen Todten; auf…	mw:46071:1	m. a sacred precept, law, rule, ordinance (= , ), manner of acting, proceeding, practice ( esp. that prescribed by the Veda s), ; ; -	ap90:10517:7; ap90:10517:8	1 A sacred precept or rule, law, ordinance ‖ 2 A prescribed rule, a prescribed alternative, optional rule; ‘able to follow the prescribed rule to be observed in preference to all others’; a very good (or best) alternative					shared literary witness, weighted 1/df within the lemma	gloss+ls|mid 0.40-0.69|m2m	yes	14	0.004647	0.0398
mADava	mADava#3	aligned	1-2-1-0-0	gloss+ls	0.500	git hariv mbh r			pwg:59737:9	ein Sohn; Nachkomme; ein Mann aus; Geschlecht	mw:162533:1; mw:162538:1	representing Kṛṣṇa (as a picture) ‖ a son or descendant of Madhu , a man of the race of Yadu ( sg. esp. N. of Kṛṣṇa - Viṣṇu or of Paraśu-rāma as an incarnation of this god; pl. the Yādava s or Vṛṣṇi s)	ap90:22960:7	1 N. of Kṛṣṇa					shared literary witness, weighted 1/df within the lemma	gloss+ls|mid 0.40-0.69|m2m	yes	14	0.004647	0.0398
nAgara	nAgara#2	aligned	1-2-2-0-0	gloss+ls	0.500	mbh santi	granularity-many-to-many		pwg:38204:3	städtisch, zur Stadt gehörig; Städter; zur Stadt in Beziehung stehend, die Stadt betreffend; in der Stadt gesprochen; eines besonderen Schriftcharakters	mw:105221:1; mw:105227:1	mf( )n. ( fr. ) town-born, t˚ -bred, relating or belonging to a t˚ or city, t˚ -like, civic, ; &amp;c ‖ m. a citizen, &amp;c	ap90:16446:2; ap90:16446:10	1 Town-born, town-bred ‖ 1 A citizen ( )					shared literary witness, weighted 1/df within the lemma	gloss+ls|mid 0.40-0.69|m2m	yes	14	0.004647	0.0398
nAman	nAman#2	aligned	1-2-1-0-0	gloss+ls	0.525	av m r rv vs			pwg:38462:3	Name, Benennung; ist nicht beim Namen zu nennen; den Namen nennen; der einen Namen bekommen hat, genannt; einen Namen tragen, haben; die führen nur den Namen (sind es aber nicht in Wirklichkeit); einen Namen beilegen; mit einem nach dir gebildeten Namen; eine…	mw:105825:1; mw:105826:1	n. ( prob. neither fr. √ nor fr. √ [ cf. ]; ifc. f. either = m. or ) a characteristic mark or sign, form, nature, kind, manner ‖ name, appellation, &amp;c. &amp;c	ap90:16503:29	1 a name, appellation					shared literary witness, weighted 1/df within the lemma	gloss+ls|mid 0.40-0.69|m2m	yes	14	0.004647	0.0398
pAwala	pAwala#1	aligned	1-2-2-0-0	gloss+ls	0.600	git kaus	granularity-many-to-many		pwg:44067:2	blassroth; die blassrothe Farbe	mw:121313:1; mw:121315:1	mf( )n. pale red, pink, pallid ‖ m. a pale red hue, rose colour	ap90:18597:2; ap90:18597:3	1 Palered, of a pink or pale-red colour ‖ The pale-red or pink colour					shared literary witness, weighted 1/df within the lemma	gloss+ls|mid 0.40-0.69|m2m	yes	14	0.004647	0.0398
sADu	sADu#1	aligned	1-1-2-0-0	gloss+ls	0.500	m mbh pancat			pwg:108217:9	gut, edel; Biedermann, Ehrenmann, ein vortrefflicher Mann; treu, brav; eine biedere, treue Frau	mw:241640:1	well, enough of, away with ( instr. ) !	ap90:30054:16; ap90:30054:17	1 Well, welldone, very nice, bravo ‖ 2 Enough, away with					shared literary witness, weighted 1/df within the lemma	gloss+ls|mid 0.40-0.69|m2m	yes	14	0.004647	0.0398
tAra	tAra#2	aligned	1-1-2-0-0	gloss+ls	0.500	git susr			pwg:29355:8	das reine Wasser einer Perle; eine Perle von reinem Wasser; Perle	mw:84242:1	m. [ n. &amp; ( ), f. , ] the clearness or transparency of a pearl, clear pearl	ap90:14598:9; ap90:14598:10	2 The clearness of a pearl ‖ 3 A beautiful or big pearl					shared literary witness, weighted 1/df within the lemma	gloss+ls|mid 0.40-0.69|m2m	yes	14	0.004647	0.0398
Kara	Kara#7	aligned	0-1-1-0-0	gloss	1.000						mw:61355:1	a quadrangular mound of earth for receiving the sacrificial vessels ( cf. ἐσχάρα )	ap90:12093:16	6 A quadrangular mound of earth for receiving the sacrificial vessels					shared literary witness, weighted 1/df within the lemma	gloss|hi >=0.70|clean	no	630	0.209094	3.1364
dA	dA#4	aligned	0-1-1-0-0	gloss	0.750						mw:91212:8	to pay ( , ‘a fine’, ; , ‘a debt’, ; )	ap90:15299:3	2 To pay (as debt, fine &amp;c.)					shared literary witness, weighted 1/df within the lemma	gloss|hi >=0.70|clean	no	630	0.209094	3.1364
karRika	karRika#1	aligned	0-1-1-0-0	gloss	1.000						mw:45024:1	having a helm	ap90:10394:3	2 Having a helm					shared literary witness, weighted 1/df within the lemma	gloss|hi >=0.70|clean	no	630	0.209094	3.1364
sTira	sTira#1	aligned	0-1-1-0-0	gloss	1.000						mw:255712:1	stern, relentless, hard-hearted	ap90:30879:13	12 Stern, relentless, hard-hearted					shared literary witness, weighted 1/df within the lemma	gloss|hi >=0.70|clean	no	630	0.209094	3.1364
sah	sah#2	aligned	0-1-1-0-0	gloss	1.000						mw:240101:2	to be pleased	ap90:29936:3	2 To be pleased					shared literary witness, weighted 1/df within the lemma	gloss|hi >=0.70|clean	no	630	0.209094	3.1364
velA	velA#1	aligned	0-1-1-0-0	gloss	1.000						mw:206281:1	the gums	ap90:26971:12	10 The gums					shared literary witness, weighted 1/df within the lemma	gloss|hi >=0.70|clean	no	630	0.209094	3.1364
vftta	vftta#4	aligned	0-1-1-0-0	gloss	1.000						mw:204354:1	deceased, dead	ap90:26852:8	7 Dead, deceased					shared literary witness, weighted 1/df within the lemma	gloss|hi >=0.70|clean	no	630	0.209094	3.1364
yA	yA#1	aligned	0-1-1-0-0	gloss	1.000						mw:171018:19	to find out, discover	ap90:23738:14	13 To find out, discover					shared literary witness, weighted 1/df within the lemma	gloss|hi >=0.70|clean	no	630	0.209094	3.1364
DAraRa	DAraRa#6	aligned	0-1-1-0-0	gloss	0.312						mw:100954:1	mf( )n. holding, bearing, keeping (in remembrance), retention, preserving, protecting, maintaining, possessing, having ( ifc. or with gen. )	ap90:16032:1	a. ( f. ) [ ] Holding, bearing, carrying, preserving, sustaining, protecting, having, assuming, &amp;c					shared literary witness, weighted 1/df within the lemma	gloss|lo <0.40|clean	no	310	0.102887	2.4693
i	i#12	aligned	0-1-1-0-0	gloss	0.300						mw:28533:1	1. the third vowel of the alphabet, corresponding to i short, and pronounced as that letter in kill &amp;c	ap90:7284:1	The third letter of the Devanāgarī alphabet					shared literary witness, weighted 1/df within the lemma	gloss|lo <0.40|clean	no	310	0.102887	2.4693
suvarRa	suvarRa#12	aligned	0-1-1-0-0	gloss	0.385						mw:249827:1	m. (rarely n. ) a partic. weight of gold (= 1 Karṣa , = 16 Māṣa s, = 80 Raktikā s, = about 175 grains troy), ; &amp;c	ap90:30402:20	3 A weight of gold equal to 16 Māṣas or about 175 grains Troy ( m. also)					shared literary witness, weighted 1/df within the lemma	gloss|lo <0.40|clean	no	310	0.102887	2.4693
tAra	tAra#10	aligned	0-1-1-0-0	gloss	0.333						mw:84235:1	m. ‘crossing’, see	ap90:14598:15	8 Crossing, passing over					shared literary witness, weighted 1/df within the lemma	gloss|lo <0.40|clean	no	310	0.102887	2.4693
vasu	vasu#13	aligned	0-1-1-0-0	gloss	0.333						mw:188721:1	of a son of Kṛṣṇa	ap90:25279:48	N. of the father of Kṛṣṇa and son of Śūra, a descendant of Yadu					shared literary witness, weighted 1/df within the lemma	gloss|lo <0.40|clean	no	310	0.102887	2.4693
Badra	Badra#7	aligned	0-1-1-0-0	gloss	0.429						mw:148265:1	excellent, fair, beautiful, lovely, pleasant, dear	ap90:21960:7	6 Pleasant, enjoyable, lovely, beautiful					shared literary witness, weighted 1/df within the lemma	gloss|mid 0.40-0.69|clean	no	569	0.188848	3.2374
Siva	Siva#10	aligned	0-1-1-0-0	gloss	0.400						mw:217532:1	final emancipation	ap90:27998:81	final emancipation ( lit. unification with Śiva)					shared literary witness, weighted 1/df within the lemma	gloss|mid 0.40-0.69|clean	no	569	0.188848	3.2374
dakziRa	dakziRa#9	aligned	0-1-1-0-0	gloss	0.400						mw:89389.08:1	(with ) the southern sacred text (of the Tāntrika s)	ap90:15136:17	5 The southern sacred fire					shared literary witness, weighted 1/df within the lemma	gloss|mid 0.40-0.69|clean	no	569	0.188848	3.2374
gam	gam#2	aligned	0-1-1-0-0	gloss	0.500						mw:63409:20	to send away	ap90:12317:13	5 To send to					shared literary witness, weighted 1/df within the lemma	gloss|mid 0.40-0.69|clean	no	569	0.188848	3.2374
hA	hA#6	aligned	0-1-1-0-0	gloss	0.500						mw:262501:8	Desid	ap90:31352:1	I. 3 A. ( ; pass. ; desid. )					shared literary witness, weighted 1/df within the lemma	gloss|mid 0.40-0.69|clean	no	569	0.188848	3.2374
hari	hari#5	aligned	0-1-1-0-0	gloss	0.500						mw:260898:1	m. yellow or reddish brown or green (the colour)	ap90:31276:25	20 The tawny green or yellow colour					shared literary witness, weighted 1/df within the lemma	gloss|mid 0.40-0.69|clean	no	569	0.188848	3.2374
nivartana	nivartana#6	aligned	0-1-1-0-0	gloss	0.500						mw:110366:1	turning back (the hair)	ap90:17117:3	2 Turning back, ceasing					shared literary witness, weighted 1/df within the lemma	gloss|mid 0.40-0.69|clean	no	569	0.188848	3.2374
aNka	aNka#1	aligned	1-1-0-0-0	ls	1.000	tbr ts			pwg:62690:6	ein best. Theil des Wagens	mw:1410:1	part of a chariot (used in the dual)							shared literary witness, weighted 1/df within the lemma	ls|hi >=0.70|clean	no	189	0.062728	1.8818
darSana	darSana#9	aligned	1-1-0-0-0	ls	0.810	ragh sak vet			pwg:32151:4	das Sehen, Erblicken, Wahrnehmen; das Sichtbarwerden oder -sein, zum-Vorschein Kommen; Wahrnehmungen durch das Auge; Sehkraft; der die goldene Stadt gesehen hätte; die man schwer zu Gesicht bekommt; durch das Erblicken, das Zusammentreffen mit; zum Empfange d…	mw:90627:1	audience, meeting (with gen. ; instr. with or without , ; in comp. )							shared literary witness, weighted 1/df within the lemma	ls|hi >=0.70|clean	no	189	0.062728	1.8818
ganDa	ganDa#1	aligned	1-1-0-0-0	ls	1.000	av mbh vs			pwg:21648:2	Geruch, Duft; wohlriechendes Wasser	mw:62971:1	m. smell, odour (nine kinds are enumerated, viz. , , , , , , , , , ; a tenth kind is called , ), ; ; &amp;c. ( ifc. f( ). , ; )							shared literary witness, weighted 1/df within the lemma	ls|hi >=0.70|clean	no	189	0.062728	1.8818
kandala	kandala#1	aligned	1-1-0-0-0	ls	1.000	bhartr ragh			pwg:14772:16	Pilz	mw:43280:1	n. the flower of the Kandalī tree, ; &amp;c							shared literary witness, weighted 1/df within the lemma	ls|hi >=0.70|clean	no	189	0.062728	1.8818
KaRqa	KaRqa#3	aligned	1-1-0-0-0	ls	0.333	ganit			pwg:72244:8	Erdtheil	mw:61081:1	a continent							shared literary witness, weighted 1/df within the lemma	ls|lo <0.40|clean	no	326	0.108198	2.5967
sTita	sTita#6	aligned	1-1-0-0-0	ls	0.333	sarvad			pwg:114028:19	feststehend; allgemein angenommen, — geltend; feststehend; beschlossen	mw:255634:1	turned or directed to, fixed upon ( loc. or comp. )							shared literary witness, weighted 1/df within the lemma	ls|lo <0.40|clean	no	326	0.108198	2.5967
sah	sah#8	aligned	1-1-0-0-0	ls	0.392	av bhatt r rv			pwg:107462:2	bewältigen, gewinnen; Jmd; Gewalt anthun; siegreich sein; bewältigend, siegreich	mw:239967:3	to overcome, vanquish, conquer, defeat (enemies), gain, win (battles)							shared literary witness, weighted 1/df within the lemma	ls|lo <0.40|clean	no	326	0.108198	2.5967
tAmasa	tAmasa#6	aligned	1-0-1-0-0	ls	0.333	m			pwg:29251:4	zum; zur Finsterniss, zum Irrthum, zur Unwissenheit in Beziehung stehend			ap90:14583:3	2 ( pb ) Affected by or relating to or the quality of darkness (the third of the three qualities of nature)					shared literary witness, weighted 1/df within the lemma	ls|lo <0.40|clean	no	326	0.108198	2.5967
tantra	tantra#3	aligned	1-1-0-0-0	ls	0.333	laty			pwg:28661:6	Aufzug einer Cerimonie u. s. w.; das Grundwerk, das Durchlaufende; diejenigen Acte, welche ein Mal ausgeführt für die ganze Dauer der Handlung oder für eine Reihe von Handlungen gelten; Grundordnung, System, Zusammenhang; Ritual; durchlaufend, ein für alle Ma…	mw:82479:1	the leading or principal or essential part, main point, characteristic feature, model, type, system, framework, ; ; ; &amp;c. ( e.g. , ‘the principal action in keeping up a family i.e. propagation’, ; ifc. ‘depending on’, cf. , , , &amp;c.)							shared literary witness, weighted 1/df within the lemma	ls|lo <0.40|clean	no	326	0.108198	2.5967
apara	apara#6	aligned	1-0-1-0-0	ls	0.500	nir			pwg:3824:3	der hintere, der spätere; die zweite Hälfte des Monats; das diesseitige Ufer; das jenseitige; Abendröthe; Morgenröthe			ap90:2430:5	4 Hinder, posterior, latter, later, (in time or space) ( opp. ); the last; ; ; oft. used as first member of a genitive Tatpuruṣa comp. meaning ‘the hind part,’ ‘latter part or half’; the latter half of a month; latter half of winter; hind part of the body &am…					shared literary witness, weighted 1/df within the lemma	ls|mid 0.40-0.69|clean	no	640	0.212413	3.1862
caraRa	caraRa#5	aligned	1-1-0-0-0	ls	0.500	sarvad			pwg:73625:1	Viertel; aus vier Vierteln —, aus vier Abtheilungen bestehend	mw:72234:1	a section, subdivision, ; ( , q.v. )							shared literary witness, weighted 1/df within the lemma	ls|mid 0.40-0.69|clean	no	640	0.212413	3.1862
karRika	karRika#6	aligned	1-1-0-0-0	ls	0.500	sarng			pwg:69873:6	einer besonderen Pfeilspitze	mw:45030:1	n. a kind of arrow (the top being shaped like an ear)							shared literary witness, weighted 1/df within the lemma	ls|mid 0.40-0.69|clean	no	640	0.212413	3.1862
paYcama	paYcama#2	aligned	1-1-0-0-0	ls	0.500	vayup			pwg:41453:10	des 21sten	mw:114162:1	the 21st Kalpa (called after the musical note)							shared literary witness, weighted 1/df within the lemma	ls|mid 0.40-0.69|clean	no	640	0.212413	3.1862
sTala	sTala#2	aligned	1-1-0-0-0	ls	0.500	sarvad			pwg:113888:14	Fall; in einem derartigen Falle	mw:255215:1	situation, circumstance, case ( , ‘in such a case’)							shared literary witness, weighted 1/df within the lemma	ls|mid 0.40-0.69|clean	no	640	0.212413	3.1862
vartana	vartana#9	aligned	1-1-0-0-0	ls	0.500	hariv			pwg:88507:4	in Bewegung setzend, Leben verleihend	mw:187541:1	setting in motion, quickening, causing to live or be (also applied to Viṣṇu )							shared literary witness, weighted 1/df within the lemma	ls|mid 0.40-0.69|clean	no	640	0.212413	3.1862
vijaya	vijaya#1	aligned	1-1-0-0-0	ls	0.500	rv			pwg:91229:3	Streit um den Sieg; Sieg, Uebermacht; Besiegung, Eroberung; in den Kampf ziehend; der Sieg des Rechts; Besiegung; Eroberung	mw:194989:1	m. contest for victory, victory, conquest, triumph, superiority, &amp;c. &amp;c. ( fig. applied to ‘the sword’ and to ‘punishment’, ; )							shared literary witness, weighted 1/df within the lemma	ls|mid 0.40-0.69|clean	no	640	0.212413	3.1862
viparyaya	viparyaya#3	aligned	1-1-0-0-0	ls	0.444	kathas r			pwg:92206:8	Verkehrtheit, perversitas; ein verkehrtes Thun	mw:197708:1	perverseness							shared literary witness, weighted 1/df within the lemma	ls|mid 0.40-0.69|clean	no	640	0.212413	3.1862
prati	prati#1	aligned	1-2-1-0-0	ls	0.500	pancat vikr yajn			pwg:48120:14	in Beziehung auf, in Betreff von; wegen des Schwankens, damit sie nicht schwanke; nur in Beziehung auf diesen; was ich zuerst für die Geliebte hielt	mw:131398.44:1; mw:131398.60:1	or used distributively ( cf. ) to express at every, in or on every, severally ( e.g. , at every sacrifice, ; , ; , every year, annually, ; in this sense often comp. ; cf. above) ‖ as, for (after a verb meaning, ‘to regard or consider’; cf. )	ap90:19801:147	2 an adversary, enemy, foe, rival; ‘a rival wife’; ; , ; ; often used in comp. in the sense of ‘equal’ or ‘similar’					shared literary witness, weighted 1/df within the lemma	ls|mid 0.40-0.69|m2m	yes	2	0.000664	0.0398
utTAna	utTAna#3	aligned	2-1-1-0-0	ls	0.500	r ts			pwg:11010:4; pwg:11010:7	Erhebung, Aufbruch zu einer Handlung, zum Kampfe; rasch anʼs Werk gehend ‖ das Aufbrechen, womit-Aufhören	mw:31494:1	leaving off, ; ; &amp;c.; starting on a warlike expedition, ; ; &amp;c	ap90:7872:4	2 Rising (as of luminaries); newly risen					shared literary witness, weighted 1/df within the lemma	ls|mid 0.40-0.69|m2m	yes	2	0.000664	0.0398
