index_token	gender	stem_class	member_count	pct_rows	mean_n_dicts	pct_rows_ge5_dicts	in_paradigm_classes	cum_pct_rows
m·1+2	m	a-stem	12681	12.856	3.88	20.7	yes	12.856
m·1	m	a-stem	11496	11.655	4.55	38.9	yes	24.511
mfn·1	mfn	a-stem	8346	8.461	5.29	55.0	yes	32.972
mfn·1+2	mfn	a-stem	6737	6.83	4.64	45.0	yes	39.802
n·1+2	n	a-stem	6116	6.2	3.79	20.4	yes	46.002
n·1	n	a-stem	5916	5.998	4.55	41.4	yes	52.0
f·2+2	f	ā-stem	3811	3.864	4.39	44.2	yes	55.864
f·2	f	ā-stem	2531	2.566	4.65	49.0	yes	58.43
mfn·1a	mfn	a-stem	2329	2.361	5.93	62.9	yes	60.791
mfn·1b	mfn	a-stem	2066	2.095	6.52	67.9	yes	62.886
f·4+2	f	ī-stem	1698	1.721	4.28	43.2	yes	64.607
mfn·1a+2	mfn	a-stem	1504	1.525	4.89	48.2	yes	66.132
m·1b	m	a-stem	1397	1.416	6.45	66.9	yes	67.548
mfn·8i	mfn	consonant-stem	1380	1.399	5.02	57.4	yes	68.947
m·3+2	m	i-stem	1273	1.291	3.9	22.4	yes	70.238
f·4	f	ī-stem	1152	1.168	4.48	45.1	yes	71.406
m·3	m	i-stem	1148	1.164	4.05	24.7	yes	72.57
ind·0	ind	indeclinable	1124	1.14	6.05	57.2	no	73.71
f·3	f	i-stem	967	0.98	4.99	51.8	yes	74.69
m·1a	m	a-stem	958	0.971	6.73	68.6	yes	75.661
mfn·8t*	mfn	consonant-stem	928	0.941	2.74	4.3	yes	76.602
ind·0+2	ind	indeclinable	856	0.868	4.61	43.5	no	77.47
f·3+2	f	i-stem	797	0.808	3.81	20.7	yes	78.278
mfn·8i+2	mfn	consonant-stem	794	0.805	4.3	39.3	yes	79.083
n·1a	n	a-stem	683	0.692	6.36	70.3	yes	79.775
mfn·1b+2	mfn	a-stem	680	0.689	5.17	53.2	yes	80.464
m·5+2	m	u-stem	657	0.666	3.92	18.7	yes	81.13
m·8i+2	m	consonant-stem	502	0.509	4.06	32.1	yes	81.639
m·5	m	u-stem	497	0.504	4.29	34.4	yes	82.143
mfn·8√b+2	mfn	consonant-stem	493	0.5	5.28	61.1	yes	82.643
m·1b+2	m	a-stem	469	0.475	5.1	51.8	yes	83.118
mfn·8ta*	mfn	consonant-stem	437	0.443	3.12	6.6	yes	83.561
f·1	f	a-stem	417	0.423	6.78	74.1	yes	83.984
m·8i	m	consonant-stem	405	0.411	4.37	44.4	yes	84.395
m·1+3	m	a-stem	402	0.408	3.32	4.0	yes	84.803
mfn·8√+2	mfn	consonant-stem	400	0.406	4.55	44.0	yes	85.209
m·8√+2	m	consonant-stem	399	0.405	4.71	50.4	yes	85.614
mfn·5	mfn	u-stem	376	0.381	4.85	44.9	yes	85.995
m·8n*+2	m	consonant-stem	365	0.37	3.94	25.8	yes	86.365
n·1b	n	a-stem	359	0.364	6.19	61.8	yes	86.729
mfn·8ib	mfn	consonant-stem	354	0.359	6.03	68.4	yes	87.088
m·8√	m	consonant-stem	328	0.333	3.48	19.5	yes	87.421
mfn·3+2	mfn	i-stem	325	0.329	4.75	50.2	yes	87.75
mfn·8√	mfn	consonant-stem	308	0.312	5.99	58.1	yes	88.062
mfn·8sa+2	mfn	consonant-stem	301	0.305	5.06	53.5	yes	88.367
f·3a	f	i-stem	290	0.294	6.67	82.4	yes	88.661
n·8n*+2	n	consonant-stem	282	0.286	4.55	46.8	yes	88.947
mfn·5b	mfn	u-stem	270	0.274	7.19	88.1	yes	89.221
n·1b+2	n	a-stem	261	0.265	4.69	46.4	yes	89.486
f·8√	f	consonant-stem	260	0.264	5.57	49.2	yes	89.75
m·3a	m	i-stem	254	0.258	5.52	50.8	yes	90.008
f·2+3	f	ā-stem	250	0.253	3.39	18.4	yes	90.261
n·1+3	n	a-stem	240	0.243	3.08	3.3	yes	90.504
f·2b	f	ā-stem	232	0.235	7.02	73.7	yes	90.739
m·1a+2	m	a-stem	211	0.214	4.95	44.5	yes	90.953
n·8√	n	consonant-stem	201	0.204	7.01	71.1	yes	91.157
f·2a	f	ā-stem	199	0.202	7.11	75.9	yes	91.359
mfn·3a+2	mfn	i-stem	197	0.2	4.76	48.2	yes	91.559
n·1a+2	n	a-stem	196	0.199	4.64	45.9	yes	91.758
mfn·8n*+2	mfn	consonant-stem	186	0.189	4.59	45.2	yes	91.947
mfn·3a	mfn	i-stem	179	0.181	6.43	72.1	yes	92.128
mfn·8√b	mfn	consonant-stem	178	0.18	5.29	56.2	yes	92.308
mfn·8na*+2	mfn	consonant-stem	177	0.179	4.88	50.8	yes	92.487
mfn·1+3	mfn	a-stem	173	0.175	3.44	14.5	yes	92.662
mfn·8s+2	mfn	consonant-stem	173	0.175	4.8	49.7	yes	92.837
mn·1	mn	a-stem	165	0.167	6.93	78.2	yes	93.004
mfn·5a+2	mfn	u-stem	151	0.153	5.5	62.9	yes	93.157
mfn·3	mfn	i-stem	148	0.15	5.26	53.4	yes	93.307
mfn·5+2	mfn	u-stem	143	0.145	4.64	49.0	yes	93.452
n·8sa	n	consonant-stem	142	0.144	8.53	94.4	yes	93.596
m·8n*	m	consonant-stem	138	0.14	4.71	49.3	yes	93.736
m·8s+2	m	consonant-stem	138	0.14	4.18	31.9	yes	93.876
n·8s+2	n	consonant-stem	136	0.138	4.3	36.0	yes	94.014
f·8√+2	f	consonant-stem	131	0.133	4.24	36.6	yes	94.147
mfn·2b+2	mfn	ā-stem	130	0.132	5.17	66.9	yes	94.279
mfn·5a	mfn	u-stem	127	0.129	5.98	71.7	yes	94.408
m·8t*	m	consonant-stem	124	0.126	2.59	6.5	yes	94.534
f·8√b	f	consonant-stem	112	0.114	6.83	78.6	yes	94.648
mfn·8ib+2	mfn	consonant-stem	111	0.113	4.93	45.9	yes	94.761
mfn·8√a	mfn	consonant-stem	108	0.109	3.55	15.7	yes	94.87
f·3a+2	f	i-stem	107	0.108	5.22	58.9	yes	94.978
f·3b	f	i-stem	104	0.105	8.09	95.2	yes	95.083
f·4b	f	ī-stem	104	0.105	5.97	62.5	yes	95.188
m·3a+2	m	i-stem	103	0.104	5.29	52.4	yes	95.292
m·3b	m	i-stem	103	0.104	7.78	88.3	yes	95.396
m·8nd*	m	consonant-stem	102	0.103	6.51	71.6	no	95.499
mfn·8td*	mfn	consonant-stem	100	0.101	3.3	6.0	no	95.6
mfn·8n*	mfn	consonant-stem	98	0.099	5.49	60.2	yes	95.699
mfn·8s	mfn	consonant-stem	98	0.099	5.96	62.2	yes	95.798
mn·1a	mn	a-stem	97	0.098	9.31	97.9	yes	95.896
f·1+2	f	a-stem	96	0.097	5.7	62.5	yes	95.993
mfn·8na*	mfn	consonant-stem	96	0.097	5.51	60.4	yes	96.09
m·5b	m	u-stem	96	0.097	8.25	91.7	yes	96.187
m·5a	m	u-stem	92	0.093	7.6	80.4	yes	96.28
mfn·8sa	mfn	consonant-stem	91	0.092	5.71	61.5	yes	96.372
mn·1+2	mn	a-stem	91	0.092	4.56	39.6	yes	96.464
m·8s	m	consonant-stem	91	0.092	4.54	41.8	yes	96.556
n·8s	n	consonant-stem	91	0.092	5.8	59.3	yes	96.648
f·4a	f	ī-stem	86	0.087	5.91	54.7	yes	96.735
mfn·2+2	mfn	ā-stem	86	0.087	4.62	50.0	yes	96.822
f·6+2	f	ū-stem	85	0.086	3.76	20.0	yes	96.908
f·2a+2	f	ā-stem	74	0.075	4.95	54.1	yes	96.983
f·2b+2	f	ā-stem	74	0.075	5.39	54.1	yes	97.058
mfn·2	mfn	ā-stem	73	0.074	6.03	50.7	yes	97.132
n·8na*	n	consonant-stem	70	0.071	8.54	98.6	yes	97.203
mfn·4+2	mfn	ī-stem	66	0.067	4.79	42.4	yes	97.27
m·8√b	m	consonant-stem	65	0.066	3.77	18.5	yes	97.336
mfn·4a+2	mfn	ī-stem	63	0.064	4.9	54.0	yes	97.4
mn·1b	mn	a-stem	62	0.063	9.85	98.4	yes	97.463
mfn·3b	mfn	i-stem	58	0.059	7.02	84.5	yes	97.522
f·4+3	f	ī-stem	55	0.056	3.53	21.8	yes	97.578
n·5	n	u-stem	55	0.056	6.95	72.7	yes	97.634
m·8ib	m	consonant-stem	51	0.052	4.76	41.2	yes	97.686
n·8n*	n	consonant-stem	51	0.052	4.53	39.2	yes	97.738
m·3+3	m	i-stem	49	0.05	3.55	12.2	yes	97.788
m·6+2	m	ū-stem	49	0.05	4.14	30.6	yes	97.838
n·5+2	n	u-stem	47	0.048	4.94	57.4	yes	97.886
f·5	f	u-stem	46	0.047	5.85	58.7	yes	97.933
mfn·8nd*+2	mfn	consonant-stem	46	0.047	5.24	65.2	no	97.98
mfn·2b	mfn	ā-stem	45	0.046	5.6	55.6	yes	98.026
mfn·8√a+2	mfn	consonant-stem	45	0.046	4.82	60.0	yes	98.072
m·8na*	m	consonant-stem	45	0.046	7.18	86.7	yes	98.118
mfn·4	mfn	ī-stem	41	0.042	4.95	48.8	yes	98.16
n·3	n	i-stem	41	0.042	5.85	56.1	yes	98.202
f·5+2	f	u-stem	40	0.041	3.77	12.5	yes	98.243
mfn·6a+2	mfn	ū-stem	40	0.041	4.95	62.5	yes	98.284
m·4+2	m	ī-stem	40	0.041	3.92	22.5	yes	98.325
f·1a	f	a-stem	37	0.038	6.05	51.4	yes	98.363
mfn·8sb	mfn	consonant-stem	37	0.038	6.92	78.4	yes	98.401
f·1b	f	a-stem	34	0.034	5.88	58.8	yes	98.435
f·3b+2	f	i-stem	34	0.034	5.24	55.9	yes	98.469
mfn·5b+2	mfn	u-stem	34	0.034	5.65	61.8	yes	98.503
m·4	m	ī-stem	32	0.032	3.12	18.8	yes	98.535
f·8t*	f	consonant-stem	29	0.029	3.83	31.0	yes	98.564
f·6	f	ū-stem	28	0.028	3.79	32.1	yes	98.592
n·3+2	n	i-stem	28	0.028	4.89	64.3	yes	98.62
m·6	m	ū-stem	27	0.027	4.15	33.3	yes	98.647
mfn·8nd*	mfn	consonant-stem	26	0.026	5.38	73.1	no	98.673
f·4a+2	f	ī-stem	25	0.025	5.5	64.0	yes	98.698
mfn·3b+2	mfn	i-stem	25	0.025	5.64	72.0	yes	98.723
mfn·6+2	mfn	ū-stem	25	0.025	4.32	36.0	yes	98.748
m·5a+2	m	u-stem	25	0.025	5.52	76.0	yes	98.773
m·2	m	ā-stem	24	0.024	6.42	70.8	yes	98.797
m·8√a	m	consonant-stem	24	0.024	3.46	16.7	yes	98.821
ind·0+3	ind	indeclinable	23	0.023	3.57	21.7	no	98.844
m·8i+3	m	consonant-stem	23	0.023	3.57	8.7	yes	98.867
m·3b+2	m	i-stem	21	0.021	5.05	47.6	yes	98.888
f·6b	f	ū-stem	20	0.02	6.5	75.0	yes	98.908
m·8√b+2	m	consonant-stem	20	0.02	6.05	65.0	yes	98.928
m·8n*+3	m	consonant-stem	19	0.019	3.16	0.0	yes	98.947
m·8sa	m	consonant-stem	19	0.019	6.47	68.4	yes	98.966
f·3+3	f	i-stem	18	0.018	3.11	5.6	yes	98.984
n·5a	n	u-stem	18	0.018	9.72	88.9	yes	99.002
f·4b+2	f	ī-stem	17	0.017	4.59	35.3	yes	99.019
f·8ta*+2	f	consonant-stem	17	0.017	6.29	88.2	yes	99.036
f·8√b+2	f	consonant-stem	17	0.017	6.24	64.7	yes	99.053
mfn·1a+3	mfn	a-stem	17	0.017	3.59	11.8	yes	99.07
mfn·8ia	mfn	consonant-stem	17	0.017	5.29	52.9	yes	99.087
mfn·8sb+2	mfn	consonant-stem	17	0.017	5.41	64.7	yes	99.104
n·2	n	ā-stem	17	0.017	8.06	82.4	yes	99.121
f·8i	f	consonant-stem	16	0.016	5.88	75.0	yes	99.137
f·8s	f	consonant-stem	16	0.016	4.75	43.8	yes	99.153
mfn·4b	mfn	ī-stem	16	0.016	5.5	68.8	yes	99.169
m·2+2	m	ā-stem	16	0.016	4.25	37.5	yes	99.185
n·8√+2	n	consonant-stem	16	0.016	5.44	68.8	yes	99.201
f·8td*	f	consonant-stem	15	0.015	7.93	93.3	no	99.216
mfn·8i+3	mfn	consonant-stem	15	0.015	4	33.3	yes	99.231
m·5+3	m	u-stem	15	0.015	3.33	6.7	yes	99.246
m·5b+2	m	u-stem	15	0.015	4.33	33.3	yes	99.261
mfn·6b	mfn	ū-stem	14	0.014	5.93	78.6	yes	99.275
mfn·8c*	mfn	consonant-stem	14	0.014	4.29	28.6	yes	99.289
mfn·8cd*	mfn	consonant-stem	14	0.014	5.36	71.4	no	99.303
m·8na*+2	m	consonant-stem	14	0.014	5.79	64.3	yes	99.317
n·8nd*	n	consonant-stem	14	0.014	7.29	78.6	no	99.331
n·8sb	n	consonant-stem	14	0.014	8.64	92.9	yes	99.345
f·8√a	f	consonant-stem	13	0.013	3.77	23.1	yes	99.358
mfn·2a+2	mfn	ā-stem	12	0.012	5.08	66.7	yes	99.37
mfn·8ia+2	mfn	consonant-stem	12	0.012	3.67	0.0	yes	99.382
m·8sa+2	m	consonant-stem	12	0.012	6.25	75.0	yes	99.394
m·8√+3	m	consonant-stem	12	0.012	3.58	8.3	yes	99.406
n·2+2	n	ā-stem	12	0.012	4.67	58.3	yes	99.418
f·8sb	f	consonant-stem	11	0.011	6.91	81.8	yes	99.429
mfn·6°	mfn	ū-stem	11	0.011	10.36	100.0	yes	99.44
m·8ib+2	m	consonant-stem	11	0.011	5	45.5	yes	99.451
m·8sb	m	consonant-stem	11	0.011	7.64	81.8	yes	99.462
m·8ta*	m	consonant-stem	11	0.011	3.55	45.5	yes	99.473
f·5a	f	u-stem	10	0.01	9.7	100.0	yes	99.483
f·8s+2	f	consonant-stem	10	0.01	3.7	20.0	yes	99.493
f·8√c	f	consonant-stem	10	0.01	8.3	90.0	no	99.503
mfn·2a	mfn	ā-stem	10	0.01	3.6	30.0	yes	99.513
mfn·4a	mfn	ī-stem	10	0.01	5	40.0	yes	99.523
n·8t*	n	consonant-stem	10	0.01	4.1	30.0	yes	99.533
f·8t*+2	f	consonant-stem	9	0.009	4.89	77.8	yes	99.542
mfn·6	mfn	ū-stem	9	0.009	4.33	44.4	yes	99.551
mn·1b+2	mn	a-stem	9	0.009	6.44	77.8	yes	99.56
m·2b+2	m	ā-stem	9	0.009	6.33	88.9	yes	99.569
n·8i	n	consonant-stem	9	0.009	5.89	77.8	yes	99.578
n·8sb+2	n	consonant-stem	9	0.009	4.33	44.4	yes	99.587
mn·5	mn	u-stem	8	0.008	8.88	100.0	yes	99.595
f·4°	f	ī-stem	7	0.007	11.86	100.0	yes	99.602
f·8n*+2	f	consonant-stem	7	0.007	3.14	0.0	yes	99.609
mfn·8ca*	mfn	consonant-stem	7	0.007	6.86	71.4	yes	99.616
m·4+3	m	ī-stem	7	0.007	3.29	0.0	yes	99.623
m·4b	m	ī-stem	7	0.007	6	85.7	yes	99.63
m·6b	m	ū-stem	7	0.007	4	42.9	yes	99.637
m·8nd*+2	m	consonant-stem	7	0.007	4.57	57.1	no	99.644
m·8√a+2	m	consonant-stem	7	0.007	6.14	57.1	yes	99.651
n·8na*+2	n	consonant-stem	7	0.007	5.57	71.4	yes	99.658
n·8nd*+2	n	consonant-stem	7	0.007	4.43	42.9	no	99.665
mfn·3+3	mfn	i-stem	6	0.006	3.5	0.0	yes	99.671
mfn·8√+3	mfn	consonant-stem	6	0.006	3.33	0.0	yes	99.677
mfn·8√b+3	mfn	consonant-stem	6	0.006	4.17	33.3	yes	99.683
n·1b+3	n	a-stem	6	0.006	3.17	0.0	yes	99.689
f·1+3	f	a-stem	5	0.005	2.8	0.0	yes	99.694
f·6°	f	ū-stem	5	0.005	10	100.0	yes	99.699
f·8√a+2	f	consonant-stem	5	0.005	6.2	80.0	yes	99.704
mfn·4b+2	mfn	ī-stem	5	0.005	5.8	60.0	yes	99.709
mfn·4°	mfn	ī-stem	5	0.005	11.8	100.0	yes	99.714
mfn·6a	mfn	ū-stem	5	0.005	5	60.0	yes	99.719
mn·5b	mn	u-stem	5	0.005	10.4	100.0	yes	99.724
m·4a	m	ī-stem	5	0.005	5.6	80.0	yes	99.729
m·4a+2	m	ī-stem	5	0.005	5.4	40.0	yes	99.734
m·6a+2	m	ū-stem	5	0.005	5	60.0	no	99.739
n·8sa+2	n	consonant-stem	5	0.005	6	60.0	yes	99.744
n·8√a	n	consonant-stem	5	0.005	8.8	80.0	yes	99.749
f·1a+2	f	a-stem	4	0.004	6.5	50.0	yes	99.753
f·2a+3	f	ā-stem	4	0.004	3.5	0.0	yes	99.757
f·5a+2	f	u-stem	4	0.004	5.5	50.0	yes	99.761
f·5b	f	u-stem	4	0.004	9	100.0	yes	99.765
f·8i+2	f	consonant-stem	4	0.004	5.25	75.0	yes	99.769
f·8n*	f	consonant-stem	4	0.004	6.75	75.0	yes	99.773
mfn·8n*+3	mfn	consonant-stem	4	0.004	4.25	50.0	yes	99.777
mfn·8td*+2	mfn	consonant-stem	4	0.004	6	100.0	no	99.781
mn·1a+2	mn	a-stem	4	0.004	8	100.0	yes	99.785
mn·5a	mn	u-stem	4	0.004	11.75	100.0	yes	99.789
m·2b	m	ā-stem	4	0.004	5.25	50.0	yes	99.793
n·3a	n	i-stem	4	0.004	10.5	100.0	yes	99.797
n·4°	n	ī-stem	4	0.004	11	100.0	yes	99.801
n·8n*+3	n	consonant-stem	4	0.004	3.5	25.0	yes	99.805
n·8s+3	n	consonant-stem	4	0.004	3	0.0	yes	99.809
n·8t*+2	n	consonant-stem	4	0.004	5	50.0	yes	99.813
n·8√b	n	consonant-stem	4	0.004	7	75.0	yes	99.817
f·5b+2	f	u-stem	3	0.003	5	66.7	yes	99.82
f·6+3	f	ū-stem	3	0.003	4	33.3	yes	99.823
f·6b+2	f	ū-stem	3	0.003	4.33	33.3	yes	99.826
f·8na*	f	consonant-stem	3	0.003	7.33	66.7	yes	99.829
f·8sa	f	consonant-stem	3	0.003	8.33	100.0	yes	99.832
mfn·1c	mfn	a-stem	3	0.003	7.67	66.7	no	99.835
mfn·3a+3	mfn	i-stem	3	0.003	4	0.0	yes	99.838
mfn·4+3	mfn	ī-stem	3	0.003	4	33.3	yes	99.841
mfn·5+3	mfn	u-stem	3	0.003	3	0.0	yes	99.844
mfn·8cd*+2	mfn	consonant-stem	3	0.003	6	66.7	no	99.847
mfn·8na*+3	mfn	consonant-stem	3	0.003	4	0.0	yes	99.85
mfn·8s+3	mfn	consonant-stem	3	0.003	3.67	0.0	yes	99.853
m·1b+3	m	a-stem	3	0.003	3.67	33.3	yes	99.856
m·6+3	m	ū-stem	3	0.003	3.33	0.0	yes	99.859
m·6°	m	ū-stem	3	0.003	8.67	100.0	yes	99.862
m·8ia	m	consonant-stem	3	0.003	6.67	100.0	yes	99.865
m·8t*+2	m	consonant-stem	3	0.003	5	66.7	yes	99.868
n·4+2	n	ī-stem	3	0.003	5	66.7	yes	99.871
n·8i+2	n	consonant-stem	3	0.003	5	66.7	yes	99.874
fn·8sb	fn	consonant-stem	2	0.002	9.5	100.0	yes	99.876
f·1b+2	f	a-stem	2	0.002	6	50.0	yes	99.878
f·6a+2	f	ū-stem	2	0.002	7.5	100.0	yes	99.88
f·8√+3	f	consonant-stem	2	0.002	3	0.0	yes	99.882
mfn·2b+3	mfn	ā-stem	2	0.002	4	0.0	yes	99.884
mfn·8c*+2	mfn	consonant-stem	2	0.002	4.5	50.0	yes	99.886
mfn·8ca*+2	mfn	consonant-stem	2	0.002	4.5	50.0	yes	99.888
mfn·8cc*	mfn	consonant-stem	2	0.002	7	100.0	no	99.89
mfn·8sa+3	mfn	consonant-stem	2	0.002	4	0.0	yes	99.892
mf·3	mf	i-stem	2	0.002	7	100.0	yes	99.894
mf·3a	mf	i-stem	2	0.002	10	100.0	yes	99.896
mf·3b	mf	i-stem	2	0.002	9	100.0	yes	99.898
mn·3	mn	i-stem	2	0.002	5.5	50.0	yes	99.9
mn·8na*	mn	consonant-stem	2	0.002	10.5	100.0	yes	99.902
mn·8√	mn	consonant-stem	2	0.002	8	100.0	yes	99.904
m·1a+3	m	a-stem	2	0.002	3.5	0.0	yes	99.906
m·1c	m	a-stem	2	0.002	5.5	50.0	no	99.908
m·2a	m	ā-stem	2	0.002	3	0.0	yes	99.91
m·2a+2	m	ā-stem	2	0.002	4	0.0	yes	99.912
m·4b+2	m	ī-stem	2	0.002	3.5	0.0	yes	99.914
m·4°	m	ī-stem	2	0.002	10	100.0	yes	99.916
m·8ia+2	m	consonant-stem	2	0.002	4	50.0	yes	99.918
m·8td*	m	consonant-stem	2	0.002	5	50.0	no	99.92
m·8√c	m	consonant-stem	2	0.002	4.5	50.0	no	99.922
n·1a+3	n	a-stem	2	0.002	4	50.0	yes	99.924
n·2a	n	ā-stem	2	0.002	4	50.0	yes	99.926
n·4	n	ī-stem	2	0.002	10.5	100.0	yes	99.928
n·5b+2	n	u-stem	2	0.002	3.5	0.0	yes	99.93
fn·5a	fn	u-stem	1	0.001	8	100.0	yes	99.931
fn·8sa	fn	consonant-stem	1	0.001	12	100.0	yes	99.932
f·1c	f	a-stem	1	0.001	8	100.0	no	99.933
f·4c	f	ī-stem	1	0.001	14	100.0	no	99.934
f·5+3	f	u-stem	1	0.001	4	0.0	yes	99.935
f·6c	f	ū-stem	1	0.001	8	100.0	no	99.936
f·8c*	f	consonant-stem	1	0.001	10	100.0	yes	99.937
f·8c*+2	f	consonant-stem	1	0.001	8	100.0	yes	99.938
f·8ib	f	consonant-stem	1	0.001	9	100.0	yes	99.939
f·8na*+2	f	consonant-stem	1	0.001	10	100.0	yes	99.94
f·8nd*	f	consonant-stem	1	0.001	10	100.0	no	99.941
f·8s+3	f	consonant-stem	1	0.001	3	0.0	yes	99.942
f·8sa+2	f	consonant-stem	1	0.001	4	0.0	yes	99.943
f·8sb+2	f	consonant-stem	1	0.001	5	100.0	yes	99.944
f·8ta*	f	consonant-stem	1	0.001	2	0.0	yes	99.945
f·8td*+2	f	consonant-stem	1	0.001	9	100.0	no	99.946
mfn·5a+3	mfn	u-stem	1	0.001	3	0.0	yes	99.947
mfn·5b+3	mfn	u-stem	1	0.001	6	100.0	yes	99.948
mfn·8ia+3	mfn	consonant-stem	1	0.001	3	0.0	yes	99.949
mfn·8ib+3	mfn	consonant-stem	1	0.001	4	0.0	yes	99.95
mfn·8nd*+3	mfn	consonant-stem	1	0.001	3	0.0	no	99.951
mfn·8nf*	mfn	consonant-stem	1	0.001	12	100.0	no	99.952
mfn·8t*+2	mfn	consonant-stem	1	0.001	3	0.0	yes	99.953
mfn·8√a+3	mfn	consonant-stem	1	0.001	4	0.0	yes	99.954
mfn·8√c	mfn	consonant-stem	1	0.001	7	100.0	no	99.955
mf·5b	mf	u-stem	1	0.001	11	100.0	yes	99.956
mn·1+3	mn	a-stem	1	0.001	4	0.0	yes	99.957
mn·5+2	mn	u-stem	1	0.001	6	100.0	yes	99.958
mn·8n*+2	mn	consonant-stem	1	0.001	4	0.0	yes	99.959
mn·8nd*	mn	consonant-stem	1	0.001	10	100.0	no	99.96
mn·8s+2	mn	consonant-stem	1	0.001	9	100.0	yes	99.961
mn·8sa	mn	consonant-stem	1	0.001	11	100.0	yes	99.962
mn·8td*	mn	consonant-stem	1	0.001	2	0.0	no	99.963
mn·8√+2	mn	consonant-stem	1	0.001	4	0.0	yes	99.964
m·2+3	m	ā-stem	1	0.001	4	0.0	yes	99.965
m·5a+3	m	u-stem	1	0.001	4	0.0	yes	99.966
m·8c*	m	consonant-stem	1	0.001	10	100.0	yes	99.967
m·8cd*	m	consonant-stem	1	0.001	5	100.0	no	99.968
m·8nd*+3	m	consonant-stem	1	0.001	3	0.0	no	99.969
m·8nf*	m	consonant-stem	1	0.001	11	100.0	no	99.97
m·8s+3	m	consonant-stem	1	0.001	4	0.0	yes	99.971
m·8sb+2	m	consonant-stem	1	0.001	5	100.0	yes	99.972
m·8td*+2	m	consonant-stem	1	0.001	3	0.0	no	99.973
n·2+3	n	ā-stem	1	0.001	5	100.0	yes	99.974
n·3b	n	i-stem	1	0.001	3	0.0	yes	99.975
n·4a+2	n	ī-stem	1	0.001	10	100.0	no	99.976
n·5a+2	n	u-stem	1	0.001	3	0.0	yes	99.977
n·5b	n	u-stem	1	0.001	1	0.0	yes	99.978
n·6°	n	ū-stem	1	0.001	12	100.0	yes	99.979
n·8i+3	n	consonant-stem	1	0.001	3	0.0	yes	99.98
n·8ia	n	consonant-stem	1	0.001	6	100.0	yes	99.981
n·8td*	n	consonant-stem	1	0.001	10	100.0	no	99.982
n·8√c	n	consonant-stem	1	0.001	11	100.0	no	99.983
