pack	lemma_slp1	surface	gloss_ru	gloss_en	locus
hitopadesa-0	a	a	о	[gramm.] the sound a; eh bien!; (ibc., negating particle); [gramm.] the root han; [gramm.…	11
hitopadesa-0	abhigamana	abhigamanam	сближение	Hingehen; Verkehr mit; Ankunft	14
hitopadesa-0	abhijña	abhijñān	искусный	knowing; skilful; clever; understanding; conversant with (gen. or ifc.)	44
hitopadesa-0	abhyantara	abhyantare	внутреннее	inner part; interior; inside; middle; interval; space of time	44
hitopadesa-0	abhāvin	abhāvi	достигать	what is not to be or will not be; not destined to be	29
hitopadesa-0	adhika	adhiko	выше	additional; subsequent; later; surpassing (in number or quantity or quality); superior; m…	25
hitopadesa-0	adhī	adhītam	изучить	to turn the mind towards; to observe; to understand; to study; to learn by heart; to read…	24
hitopadesa-0	adravya	adravye	a nothing; a worthless thing; [medic.] not a dravya = e.g. the mental disposition of the…	a nothing; a worthless thing; [medic.] not a dravya = e.g. the mental disposition of the…	42
hitopadesa-0	agada	agadaḥ	здоровый	freedom from disease; a medicine; drug; antidote; Costus Speciosus	29
hitopadesa-0	agratas	agrataḥ	перед	in front; before; in the beginning; first; (with gen.) before; in presence of	35
hitopadesa-0	ah	āha	сказать	to say; to call; to consider; to declare; to acknowledge; to state; to adjugde anything	30
hitopadesa-0	ahi	ahi	змея	a snake; the serpent of the sky; the demon Vṛtra; cloud; water; the sun; a name of Rāhu;…	28
hitopadesa-0	ahāryatva	ahāryatvād	the state of not being liable to be taken away	the state of not being liable to be taken away	4
hitopadesa-0	ajara	ajara	нестареющий	not subject to old age; undecaying; ever young	3
hitopadesa-0	ajāgalastana	ajāgalastanasya	nipple or fleshy protuberance on the neck of goats; an emblem of any useless or worthless…	nipple or fleshy protuberance on the neck of goats; an emblem of any useless or worthless…	26
hitopadesa-0	ajāta	ajāta	неродившихся	unborn; not yet born; not yet developed	13
hitopadesa-0	akṣama	akṣamāṇām	невыполнимый	unable to endure; impatient; incompetent	30
hitopadesa-0	akṣaya	akṣaya	нетленные	exempt from decay; undecaying; [alchemy] undiminished, i.e. merury undergoes no eliminati…	4
hitopadesa-0	amara	amara	бессмертные	a deity; (in arithm.) the number 33; name of a Marut; the plant Euphorbia Tirucalli; the…	3
hitopadesa-0	ambā	ambā	мать	a mother; good woman (as a title of respect); name of a plant; name of Durgā (the wife of…	16
hitopadesa-0	anadhigata	anadhigata	не предполагающий достаточное	not obtained; not acquired; not studied	12
hitopadesa-0	ananuṣṭhāna	ananuṣṭhānena	невыполнение	non-observance; neglect; impropriety	12
hitopadesa-0	anargha	anargha	priceless; invaluable	priceless; invaluable	4
hitopadesa-0	anartha	anarthāya	не-артха	non-value; a worthless or useless object; disappointing occurrence; reverse; evil; nonsen…	11
hitopadesa-0	andha	andha	слепой	blind; dark	10
hitopadesa-0	aneka	aneka	многие	not one; many; much; separated	10
hitopadesa-0	antara	antare	между	the interior; a hole; opening; the interior part of a thing; the contents; soul; heart; s…	42
hitopadesa-0	antima	antimaḥ	последний	final; ultimate; last	13
hitopadesa-0	anudyoga	anudyogena	absence of exertion or effort; inactivity	absence of exertion or effort; inactivity	32
hitopadesa-0	anuttama	anuttamam	несравненный	unsurpassed; incomparably the best or chief; excellent; excessive; not the best; (in Gr.)…	4
hitopadesa-0	anya	anyac	другой	other; another	16
hitopadesa-0	anyathā	anyathā	иначе	otherwise; in a different manner; inaccurately; untruly; falsely; erroneously; from anoth…	29
hitopadesa-0	apara	aparaṃ	другие	the other; another; future; next; western	18
hitopadesa-0	apatya	apatyam	потомство	offspring; child; descendant; a patronymical affix	43
hitopadesa-0	apaṇḍita	apaṇḍitaḥ	невежда	unlearned; illiterate	22
hitopadesa-0	apekṣ	apekṣate	зависимость	to look away; to look round; to have some design; to have regard to; to respect; to look…	35
hitopadesa-0	api	api	также	also; moreover; besides; assuredly; surely	10
hitopadesa-0	arh	arhati	должен	to deserve; to merit; to be worthy of; to be allowed to; to be able; to counterbalance	32
hitopadesa-0	artha	arthasya	ради	aim; purpose; cause; motive; reason; advantage; use; utility (generally named with kāma a…	10
hitopadesa-0	as	satām	есть	to be; to live; to exist; to be present; to take place; to happen; to abide; to dwell; to…	1
hitopadesa-0	atandrita	atandritaḥ	неустанно	unwearied	31
hitopadesa-0	atas	ato	поэтому	from this; than this; hence; henceforth; from that time; from this or that cause or reason	44
hitopadesa-0	atha	atha	и	an auspicious and inceptive particle (not easily expressed in English); now; then; moreov…	10
hitopadesa-0	atiduṣkara	atiduṣkaram	труднее	very difficult	19
hitopadesa-0	atra	'tra	здесь	in this matter; in this respect; in this place; here; there; then; at this time	33
hitopadesa-0	autkārṣya	autkārṣyam			30
hitopadesa-0	avaśyam	avaśyaṃ	непременно	necessarily; inevitably; certainly; at all events; by all means	28
hitopadesa-0	aśman	aśmā	камень	a stone; rock; a precious stone; any instrument made of stone (as a hammer etc.); thunder…	44
hitopadesa-0	bahu	bahubhiḥ	много	much; many; abundant; great in quantity	21
hitopadesa-0	baka	bako	Бака	a kind of heron or crane; Ardea Nivea (often fig. = a hypocrite); cheat; rogue; Sesbana G…	37
hitopadesa-0	bhavat	bhavat	ты	your honour; your worship; your lordship or ladyship; you (lit. "the gentleman or lady pr…	44
hitopadesa-0	bhaya	bhaya	страх	fear; alarm; fear of; terror; dismay; danger; peril; distress; danger from (abl. or comp.…	25
hitopadesa-0	bheda	bhedaḥ	различие	breaking; splitting; cleaving; rending; tearing; piercing; breaking open; disclosing; div…	9
hitopadesa-0	bho	bho	о	hoiho!!; sir!	40
hitopadesa-0	bhoḥ	bhoḥ	о	hoiho!!	40
hitopadesa-0	bhāgya	bhāgyam	счастье	fate; destiny (resulting from merit or demerit in former existences); fortune; (esp.) goo…	5
hitopadesa-0	bhāgīrathī	bhāgīrathī	Бхагиратхи	name of the Ganges (or of one of the 3 main streams or branches of it)	10
hitopadesa-0	bhājana	bhājane	сосуды	a recipient; receptacle; a vessel; pot; plate; cup; a place or person in which anything i…	8
hitopadesa-0	bhāryā	bhāryā	жена	a wife (or the female of an animal)	14
hitopadesa-0	bhāva	bhāvā	бытие	becoming; being; existing; occurring; appearance; turning or transition into; continuance…	28
hitopadesa-0	bhāvin	bhāvino	быть	becoming; being; existing; wont to be (often ifc.); about to be; future; imminent; predes…	28
hitopadesa-0	bhū	bhavati	быть	to be; to become; to come into being; to happen; to occur; to make up; gedeihen	16
hitopadesa-0	bhūpati	bhūpatir	царь	name of Rudra; name of Indra; name of Baṭukabhairava; name of one of the Viśveḍevāḥ; a ki…	10
hitopadesa-0	brū	abravīt	сказать	to speak; to say; to tell; to speak about any person or thing (acc. with or without prati…	42
hitopadesa-0	bāla	bālo	дети	a child; boy (esp. one under 5 years); (in law) a minor; a fool; simpleton; any young ani…	37
hitopadesa-0	bṛhaspati	bṛhaspatir	Брихаспати	name of a deity; the planet Jupiter; name of the author of a Dharma text	42
hitopadesa-0	ca	ca	и	and; both; also; moreover; as well as	13
hitopadesa-0	cakra	cakreṇa	колесо	a wheel; a potter's wheel; a discus; an oil-mill; an astronomical circle; a diagram; a cy…	30
hitopadesa-0	cakṣus	cakṣuṣā	глаз	faculty of seeing; sight; a look; the eye; aspect	12
hitopadesa-0	candramas	candramās	луна	the moon; the deity of the moon; name of a hero; a kind of Soma	18
hitopadesa-0	catuṣṭaya	catuṣṭayam	четыре	four	11
hitopadesa-0	ced	cen	если	(never found at the beginning of a sentence or verse) = ca; when	29
hitopadesa-0	chala	chalena	словесные ухищрения	fraud; deceit; sham; guise; pretence; delusion; semblance; fiction; feint; trick; fallacy…	8
hitopadesa-0	cintay	cintayāmāsa	подумать	to think; to have a thought or idea; to reflect; to consider; to think about; to reflect…	12
hitopadesa-0	cintā	cintā	мысль	thought; care; anxiety; anxious thought about; consideration; name of a woman	29
hitopadesa-0	daiva	daivaṃ	a religious offering or rite; divine power or will; destiny; fate; chance; a deity; finge…	a religious offering or rite; divine power or will; destiny; fate; chance; a deity; finge…	30
hitopadesa-0	darśaka	darśakam	вызвавший появление	seeing (with gen.); looking at (acc.); ifc. looking for; showing; pointing out; examining	10
hitopadesa-0	dehin	dehinaḥ	воплощенный	a living creature; man; the spirit; soul (enveloped in the body)	27
hitopadesa-0	deva	devaiḥ	боги	a deity; god; (rarely applied to) evil demons; the gods as the heavenly or shining ones;…	42
hitopadesa-0	dhana	dhana	богатство	the prize of a contest or the contest itself (lit. a running match); the thing raced for;…	11
hitopadesa-0	dhanus	dhanus	лук	a bow; a measure of length = 4 Hastas or 1/2000 Gavyūti; (geom.) an Arc or past of a circ…	23
hitopadesa-0	dhanya	dhanyo	счастливый	bringing or bestowing wealth; opulent; rich; fortunate; happy; auspicious; good; virtuous…	21
hitopadesa-0	dharma	dharma	дхарма	that which is established or firm; steadfast decree; statute; ordinance; law; usage; prac…	26
hitopadesa-0	dhā	dhatte	дать	to put; to place; to hold; to put on (clothes); to accept; to conceive; to take; verleihe…	40
hitopadesa-0	dhārmika	dhārmikaḥ	добродетельный	righteous; virtuous; pious; just; resting on right; conformable to justice (mind)	12
hitopadesa-0	dhūrjaṭi	dhūrjaṭeḥ	Дхурджати	name of Rudra-Śiva; name of a poet	1
hitopadesa-0	doṣa	doṣaḥ	зло	fault; vice; deficiency; want; inconvenience; disadvantage; badness; wickedness; sinfulne…	33
hitopadesa-0	draviṇa	draviṇa	богатство	movable property (as opp. to house and field); substance; goods; wealth; money; essence;…	14
hitopadesa-0	dravya	dravyeṣu	субстанция	a substance; thing; object; the ingredients or materials of anything; medicinal substance…	4
hitopadesa-0	durdharṣa	durdharṣaṃ	неодолимый	difficult to be assaulted or laid hold of; inviolable; inaccessible; unconquerable; dange…	5
hitopadesa-0	duḥkha	duḥkha	горе	uneasiness; pain; sorrow; trouble; difficulty (personified as the son of Naraka and Vedan…	13
hitopadesa-0	dvaya	dvayam	два	twofold; double; two things; both; twofold nature; falsehood; the masc. and fem. gender	10
hitopadesa-0	dvi	dve	два	two	7
hitopadesa-0	dvitīya	dvitīyā	второй	forming the 2nd part or half of anything; second	7
hitopadesa-0	dyuti	dyutīḥ	блеск	splendour (as a goddess); brightness; lustre; majesty; dignity; (dram.) a threatening att…	40
hitopadesa-0	dā	dadāti	давать	to give; to offer to; to yield; to give (a daughter) in marriage; to pay; to give up; to…	2
hitopadesa-0	dāna	dāne	дары	the act of giving; giving in marriage; giving up; communicating; imparting; teaching; pay…	17
hitopadesa-0	dīp	dīpyate	пылающий	to blaze; to flare; to shine; to be luminous or illustrious; to glow; to burn	45
hitopadesa-0	dṛś	dṛṣṭvā	увидеть	to behold; to look at; to regard; to consider; to see; to wait on; to visit; to see with…	35
hitopadesa-0	eka	eko	один	one; alone; happening only once; single of its kind; excellent; sincere; little; isolated…	18
hitopadesa-0	ekadā	ekadā	однажды	at the same time; at once; sometimes; once; one time; some time ago	10
hitopadesa-0	ekaika	ekaikam	one by one; single; every single one	one by one; single; every single one	11
hitopadesa-0	etad	etāsu	это	this; [gramm.] the pronoun etad; auf diese Weise	24
hitopadesa-0	eva	eva	именно	so; just so; exactly so (in the sense of the later evam); indeed; truly; really (often at…	10
hitopadesa-0	evam	evam	так	thus; in this way; in such a manner; such	34
hitopadesa-0	evambhūta	evambhūto	таким образом	of such a quality or nature; such	40
hitopadesa-0	gam	gatāsv	отправиться	to go; to move; to approach; to understand; to reside (as a disease); to elapse (of time)	24
hitopadesa-0	garbha	garbheṣu	зародыш	the womb; the inside; middle; interior of anything; calyx (as of a lotus); an inner apart…	14
hitopadesa-0	garbhasrāva	garbhasrāvo	выкидыш		14
hitopadesa-0	gati	gatir	путь	going; moving; gait; deportment; motion in general; manner or power of going; going away;…	30
hitopadesa-0	gaṇa	gaṇa	сонмы	a flock; troop; multitude; number; tribe; series; class (of animate or inanimate beings);…	16
hitopadesa-0	gaṇanā	gaṇanā	счёт	calculation; the being enumerated among (in comp.); considering; supposing; regarding; ta…	16
hitopadesa-0	ghna	ghnaḥ	губить	striking with; killing; killer; murderer; destroying; removing; multiplied by	29
hitopadesa-0	go	gaur	корова	an ox; cattle; a herd of cattle; milk; flesh; skin; hide; leather; bow-string; sinew; the…	24
hitopadesa-0	gotra	gotre	род	protection or shelter for cows; cow-pen; cow-shed; stable for cattle; stable (in general)…	43
hitopadesa-0	grah	gṛhīta	взять	to seize; to take (by the hand); to grasp; to lay hold of; to arrest; to stop; to catch;…	3
hitopadesa-0	grantha	granthād	книги	tying; binding; stringing together; = granthﾡ; a knot; verse; composition; treatise; lite…	9
hitopadesa-0	grāhay	grāhayituṃ	обучить	to cause to take or seize or lay hold of; to cause to marry; to make acquainted with; to…	42
hitopadesa-0	guru	guru	гуру	any venerable or respectable person; a spiritual parent or preceptor (from whom a youth r…	39
hitopadesa-0	guṇa	guṇa	гуны	a single thread or strand of a cord or twine; string or thread; rope; a garland; an auxil…	10
hitopadesa-0	guṇavat	guṇavān	добродетельный	endowed with the five qualities or attributes of elements; endowed with good qualities or…	23
hitopadesa-0	guṇin	guṇi	элемент	containing parts; cosisisting of parts; endowed with good qualities or merits; auspicious…	16
hitopadesa-0	gāmin	gāminām	не приносящій жертвы	going anywhere	12
hitopadesa-0	han	hanti	убить	to strike; to beat; to pound; to hammer; to strike upon; to smite; to slay; to hit; to ki…	18
hitopadesa-0	hari	hareḥ	Хари	yellow or reddish brown or green (the colour); a horse; steed (esp. of Indra); a lion; th…	28
hitopadesa-0	haṃsa	haṃsa	гуси	a goose; gander; swan; flamingo (or other aquatic bird); the soul or spirit (typified by…	37
hitopadesa-0	hi	hi	ведь	for; because; on account of	27
hitopadesa-0	hitopadeśa	hitopadeśo	friendly advice; salutary instruction; name of a popular collection of fables intermixed…	friendly advice; salutary instruction; name of a popular collection of fables intermixed…	2
hitopadesa-0	hā	hā	оставить	a kind of bīja; a kind of exclamation (au wacker)	24
hitopadesa-0	hāsya	hāsyāya	шутил шутки	to be laughed at; laughable; ridiculous; funny; comical; laughing; laughter; mirth (in rh…	7
hitopadesa-0	i	eti	идти	to go; to walk; to flow; to blow; to advance; to spread; to get about; to go to or toward…	41
hitopadesa-0	idam	'yaṃ	это	this; (near deictic pronoun in Vedic)	2
hitopadesa-0	idānīm	idānīm	теперь	now; at this moment; in this case; just; even	25
hitopadesa-0	iha	iha	здесь	in this place; here; to this place; in this world; in this book or system; in this case;…	8
hitopadesa-0	iti	ity	так	in this manner; thus (in its original signification iti refers to something that has been…	12
hitopadesa-0	iva	iva	как	like; in the same manner as (in this sense = yathā); as it were; as if; in a certain mann…	1
hitopadesa-0	iṣ	icchati	хотеть	to seek for; to desire; to intend; to assent; to concede; to choose	34
hitopadesa-0	jan	jātena	родиться	to come into existence; to grow (as plants); to be born as; to be by birth or nature; to…	12
hitopadesa-0	janman	janma	рождение	birth; origin; existence; life; nativity; re-birth; birthplace; home; a progenitor; fathe…	26
hitopadesa-0	jña	jñaḥ	знать	knowing; familiar with (chiefly in comp.); intelligent; having a soul; wise	42
hitopadesa-0	jñāna	jñānaṃ	знание	knowing; becoming acquainted with; knowledge; (esp.) the higher knowledge (derived from m…	25
hitopadesa-0	jāhnavī	jāhnavī	Джахнави	the Gaṅgā	1
hitopadesa-0	jāragarbha	jāragarbha	a child by a paramour; bastard	a child by a paramour; bastard	39
hitopadesa-0	jīvaloka	jīvalokasya	мир живых	the world of living beings (opposed to that of the deceased); living beings; mankind	20
hitopadesa-0	ka	kena	что	who?; what?	10
hitopadesa-0	kalā	kalā	часть	a small part of anything; any single part or portion of a whole; a sixteenth part; a digi…	1
hitopadesa-0	kara	karau	руки	producing; causing; making; helping	13
hitopadesa-0	karin	karī	слон	doing; effecting	20
hitopadesa-0	karman	karma	действия	act; action; performance; business; name office; special duty; occupation; obligation; an…	27
hitopadesa-0	kartṛ	kartā	деятель	the creator of the world; name of Viṣṇu; name of Brahman; name of Śiva; (in Gr.) the agen…	34
hitopadesa-0	katham	katham	как	how?	25
hitopadesa-0	kathay	kathyate	рассказать	to call; to name; to tell; to designate	31
hitopadesa-0	kathā	kathā	рассказ	conversation; speech; talking together; talk; mention; story; tale; fable; feigned story;…	8
hitopadesa-0	kathāmukha	kathāmukham	introduction to a tale; name of the second Lambaka or book of the Kathāsaritsāgara	introduction to a tale; name of the second Lambaka or book of the Kathāsaritsāgara	10
hitopadesa-0	kaścit	keṣāṃcid	никто	someone; something; any	30
hitopadesa-0	kaṭhinī	kaṭhinī	chalk	chalk	16
hitopadesa-0	kevala	kevalam	только	alone; only; mere; sole; excluding others; isolated; absolute; pure; entire; whole; selfi…	12
hitopadesa-0	keśa	keśeṣu	волосы	the hair of the head; the mane (of a horse or lion); a kind of perfume; name of a mineral…	3
hitopadesa-0	kiṃśuka	kiṃśukāḥ	Киншука	Butea frondosa Roxb. [a tree bearing beautiful blossoms]	38
hitopadesa-0	kriyā	kriyā	обряды	doing; performing; performance; occupation with (in comp.); business; act; action; undert…	42
hitopadesa-0	kula	kula	род	a herd; troop; flock; assemblage; multitude; number; a race; family; community; tribe; ca…	21
hitopadesa-0	kutas	kutaḥ	откуда	from whom?; from where? whence?; whereto? in which direction?; where?; wherefore? why? fr…	43
hitopadesa-0	kuśūla	kuśūla			21
hitopadesa-0	kvāpi	kvāpy	где-либо	anywhere	19
hitopadesa-0	kāca	kācaḥ	стекло	glass; crystal or quartz (used as an ornament); alkaline ashes; any salt of potash or sod…	40
hitopadesa-0	kākatālīya	kākatālīya	after the manner of the crow and the palm-fruit; unexpected	after the manner of the crow and the palm-fruit; unexpected	35
hitopadesa-0	kāma	kāma	желание	wish; desire; longing; desire for; longing after; love; affection; object of desire or of…	26
hitopadesa-0	kāpuruṣa	kāpuruṣā	трус	a contemptible man; coward	33
hitopadesa-0	kāray	kāritavān	побуждать	to make someone do something; to put; schlachten lassen	40
hitopadesa-0	kārya	kārya	дело	work or business to be done; duty; affair; a religious action or performance; occupation;…	30
hitopadesa-0	kāñcana	kāñcana	золотой	gold; money; wealth; property; the filament of the lotus	40
hitopadesa-0	kāṇa	kāṇena	одноглазый	one-eyed; pierced; perforated	12
hitopadesa-0	kīdṛśa	kīdṛśī	какова	of what use? i.e. useless; of what kind? what like?	16
hitopadesa-0	kīṭa	kīṭo	насекомое	a worm; insect; the scorpion in the zodiac; an expression of contempt; Laus	44
hitopadesa-0	kṛ	kṛtaṃ	сделать	to make like or similar; to consider equivalent; to reduce anything to; to cause to becom…	19
hitopadesa-0	lag	lagnaḥ	будет ощутим	to stick; to cling or attach one's self to; to adhere; to take effect upon; to meet; to p…	8
hitopadesa-0	lakṣmī	lakṣmīr	Лакшми	a mark; sign; token; a bad sign; impending misfortune; a good sign; good fortune; prosper…	33
hitopadesa-0	lekhā	lekhā	линия	a scratch; streak; line; stroke; stripe; furrow; the pale or faintly discernible streak o…	1
hitopadesa-0	likh	likhyate	чертить	to scratch; to scrape; to furrow; to tear up (the ground); to pick; to peck (said of bird…	9
hitopadesa-0	locana	locanaṃ	глаз	the eye; name of a work; two; a kind of plant; cumin	10
hitopadesa-0	lābha	lābhe	прибыль	meeting with; finding; obtaining; getting; attaining; acquisition; gain; profit; capture;…	17
hitopadesa-0	mad	mama	я	I; we	25
hitopadesa-0	madhya	madhye	среди	the middle; midst; centre; inside; interior; the middle of the sky; space between; midday…	24
hitopadesa-0	mahat	mahatām	великий	great; large; big; huge; ample; extensive; long; abundant; numerous; considerable; import…	28
hitopadesa-0	maithuna	maithunāni	connection; copulation; marriage; sexual intercourse	connection; copulation; marriage; sexual intercourse	25
hitopadesa-0	manas	manāḥ	ум	mind (in its widest sense as applied to all the mental powers); intellect; intelligence;…	12
hitopadesa-0	manoratha	manorathaiḥ	желание	a wish; desire; fancy; illusion; (in dram.) a wish expressed in an indirect manner; hint;…	36
hitopadesa-0	mati	matis	мысль	devotion; prayer; worship; hymn; sacred utterance; thought; design; intention; resolution…	41
hitopadesa-0	maṇi	maṇeḥ	амулет	a jewel; gem; pearl; any ornament or amulet; globule; crystal; a magnet; loadstone; glans…	43
hitopadesa-0	mitra	mitra	Митра	a friend; companion; name of an Āditya (generally invoked together with Varuṇa); the sun;…	9
hitopadesa-0	mokṣa	mokṣāṇām	освобождение	emancipation; liberation; release from; release from worldly existence or transmigration;…	26
hitopadesa-0	mukha	mukhe	лицо	the mouth; face; countenance; the beak of a bird; snout or muzzle of an animal; a directi…	36
hitopadesa-0	māna	māna	гордость	measuring; measure; measuring-cord; standard; dimension; height; length (in space and tim…	47
hitopadesa-0	mānava	mānavaḥ	человек	man; patr. from manu (name of Nābhānediṣṭha); name of a cosmic period; the children of me…	34
hitopadesa-0	mārakata	mārakatīr	belonging to an emerald; having any of the properties or qualities of an emerald; coloure…	belonging to an emerald; having any of the properties or qualities of an emerald; coloure…	40
hitopadesa-0	māsa	māsa	месяц	the moon; a month or the 12th part of the Hindū year	44
hitopadesa-0	mātṛ	mātur	мать	a mother; any mother (applicable to animals); father and mother; parents; the earth (heav…	17
hitopadesa-0	mūrdhan	mūrdhani	голова	the forehead; head in general; skull; (fig.) the highest or first part of anything; top;…	1
hitopadesa-0	mūrkha	mūrkhānām	глупец	stupid; foolish; dull; inexperienced	13
hitopadesa-0	mṛ	mṛta	умирать	to die; to decease; to calcine	13
hitopadesa-0	mṛd	mṛd	глины	earth; soil; clay; loam; [min.] = saurāṣṭrā	34
hitopadesa-0	mṛga	mṛgāḥ	зверь	a forest animal or wild beast; game of any kind; a deer; fawn; antelope; stag; musk-deer;…	36
hitopadesa-0	mṛtyu	mṛtyunā	смерть	death; dying; Death personified; the god of disease (sometimes identified with Yama or wi…	3
hitopadesa-0	na	na	не	not; no; nor; neither; like	10
hitopadesa-0	nadī	nadyaḥ	реки	flowing water; a river (commonly personified as a female); name of 2 kinds of metre; name…	46
hitopadesa-0	nagara	nagaram	город	a town; city; name of several cities; name of a son of Bharadvāja	10
hitopadesa-0	nagna	nagna	нагой	naked; new; bare; desolate; desert	28
hitopadesa-0	nahi	nahi	не	for not; surely not; by no means; not at all (often strengthened by other particles)	36
hitopadesa-0	nara	naraḥ	человек	a man; a male; a person; husband; hero; a man or piece at chess or draughts; the pin or g…	23
hitopadesa-0	narapati	narapatir	царь	a king; name of one of the 4 myth. kings of Jambudvīpa; name of an author	10
hitopadesa-0	nava	nave	новые	new; fresh; recent; young; modern	8
hitopadesa-0	nidhana	nidhanam	смерть	settling down; residence or place of residence; domicile; receptacle; conclusion; end; de…	27
hitopadesa-0	nidhi	nidhim	сокровище	setting down or serving up (food etc.); the bottom of the Ukhā; a receptacle; a store; ho…	35
hitopadesa-0	nidhā	nihitā	сложить	to put or lay down; to deposit; to lay up; to preserve; to intrust; to commit; to present…	42
hitopadesa-0	nidrā	nidrā	сон	sleep; slumber; sleepiness; sloth; the budding state of a flower; a mystic. name of the l…	25
hitopadesa-0	nihan	nihatya	убить	to strike or fix in; to hurl in or upon or against; to make an attempt upon; to attack; t…	33
hitopadesa-0	nirarthaka	nirarthakam	тщетный	useless; vain; unsuccessful; nonsensical	26
hitopadesa-0	nirgandha	nirgandhā	void of smell; inodorous	void of smell; inodorous	38
hitopadesa-0	nirguṇa	nirguṇaḥ	лишенный свойств	having no qualities; having no cord; bad; vicious; having no epithet	23
hitopadesa-0	nityam	nityam	всегда	always	12
hitopadesa-0	nāma	nāma	имя	by name i.e. named; called; indeed; certainly; really; of course; quasi; only in appearan…	10
hitopadesa-0	nāmadheya	nāmadheyam	имя	a name; title; appellation; the ceremony of giving a name to a child	10
hitopadesa-0	nāman	nāmā	имя	a characteristic mark or sign; form; nature; kind; manner; name; appellation; personal na…	42
hitopadesa-0	nīcagā	nīcagā	a river	a river	5
hitopadesa-0	nīlakaṇṭha	nīlakaṇṭhasya	Синегорлый	a peacock; a wagtail; a sparrow; the blue-necked jay; Ardea Sibirica; a species of plant;…	28
hitopadesa-0	nīti	nīti	политика	leading or bringing; guidance; management; conduct; (esp.) right or wise or moral conduct…	2
hitopadesa-0	nṛpa	nṛpaṃ	царь	protector of men; prince; king; sovereign; (in music) a kind of measure; name of the nume…	5
hitopadesa-0	pada	pade	след	a step; pace; stride; a footstep; trace; vestige; mark; a sign; token; characteristic; a…	13
hitopadesa-0	padya	padya	Находясь у ног	a verse; metre; poetry; name of several hymns	43
hitopadesa-0	para	param	высшее	far; remote; opposite; previous; ancient; following; final; exceeding; better or worse th…	5
hitopadesa-0	parivartin	parivartini	неусыпный	moving round; revolving; ever-recurring; changing; passing into; being or remaining or st…	15
hitopadesa-0	parokṣa	parokṣa	втайне	invisible; unknown; past; mystical; cryptic	10
hitopadesa-0	pat	patati	упасть	to fly; to soar; to rush on; to fall down; to descend	16
hitopadesa-0	pauruṣa	pauruṣam	manhood; virility (opp. to strītva); manliness; manly strength or courage or deed; valour…	manhood; virility (opp. to strītva); manliness; manly strength or courage or deed; valour…	33
hitopadesa-0	pañcan	pañca	пять	five	27
hitopadesa-0	pañcatantra	pañcatantrāt	name of the well-known collection of moral stories and fables in 5 books; name of a poem…	name of the well-known collection of moral stories and fables in 5 books; name of a poem…	9
hitopadesa-0	paśu	paśubhir	скот	cattle; kine; a domestic animal (as opp. to mṛga); a mere animal in sacred things i.e. an…	25
hitopadesa-0	paṅka	paṅke	грязь	mud; mire; dirt; clay; ointment; unguent; moral impurity; sin	24
hitopadesa-0	paṇḍita	paṇḍita	мудрые	a scholar; a learned man; teacher; philosopher; a Pandit; name of a man; name of a Brāhma…	40
hitopadesa-0	phalavat	phalavatī	плод	fruit-bearing; fructiferous; covered or laden with fruits; yielding results; successful;…	42
hitopadesa-0	phena	phena	пена	foam; froth; scum; moisture of the lips; saliva; the bone of the cuttle-fish; a kind of p…	1
hitopadesa-0	pitṛ	pitā	отец	a father; parents; the fathers; forefathers; ancestors; (esp.) the Pitṛs or deceased ance…	21
hitopadesa-0	piṇḍa	piṇḍāt	пинд	any round or roundish mass or heap; a ball; globe; knob; button; clod; lump; piece; a rou…	34
hitopadesa-0	prabhu	prabhu	владыка	excelling; mighty; powerful; rich; abundant; more powerful than (abl.); having power over…	11
hitopadesa-0	pramāṇa	pramāṇam	источник знания	measure; scale; standard; measure of any kind (as size); prosodical length (of a vowel);…	47
hitopadesa-0	prasāda	prasādāt	милость	clearness; brightness; pellucidnees; purity; clearness of style; perspicuity; brightness…	1
hitopadesa-0	prasū	prasūto	размножаться	to set in motion; to rouse to activity; to urge; to incite; to impel; to bid; to command;…	23
hitopadesa-0	prath	prathitaṃ	прославленный	to spread; to extend; to become larger or wider; to increase; to spread abroad (as a name…	17
hitopadesa-0	pratipad	pratipadyate	достигать	to set foot upon; to enter; to go or resort to; to arrive at; to resch; to attain; to wal…	34
hitopadesa-0	pratipatti	pratipattaye	постижение	gaining; obtaining; acquiring; perception; observation; ascertainment; knowledge; intelle…	7
hitopadesa-0	pravah	pravahanti	тяжеловозы	to carry forwards; to draw or drag on wards; to carry off in flowing; to wash away; to le…	46
hitopadesa-0	praviś	praviśanti	войти	to enter; to go into; to resort to (acc. or loc.); to marry; to lay or store up; to depos…	36
hitopadesa-0	pravīṇatā	pravīṇatām	skill; proficiency	skill; proficiency	40
hitopadesa-0	pre	preto	после смерти	to come forth; to appear; to begin; to go on; to proceed; to advance (esp. as a sacrifice…	14
hitopadesa-0	priya	priyā	приятное	beloved; dear to; liked; favourite; wanted; own	20
hitopadesa-0	prājña	prājño	мудрый	intellectual; intelligent	3
hitopadesa-0	prāp	prāptaṃ	достигнуть	to attain to; to reach; to arrive at; to meet with; to find; to obtain; to receive; to in…	35
hitopadesa-0	punar	punar	снова	back; home; in an opposite direction; again and again; repeatedly; further; moreover; bes…	40
hitopadesa-0	puraḥsara	puraḥsaram	предшествуемая	going before or in advance	47
hitopadesa-0	puruṣa	puruṣa	человек	a man; male; human being (people); a person; an officer; a servant; a friend; a member of…	33
hitopadesa-0	puruṣakāra	puruṣakāra	человеческими усилиями	human effort (opp. to daiva); manly act; virility; heroism; haughtiness; pride; name of a…	30
hitopadesa-0	pustaka	pustakeṣu	книга	a protuberant ornament; boss; a manuscript; book; booklet	39
hitopadesa-0	putra	putrāṇām	сын	a son; child; a species of small venomous animal; (in astrol.) name of the fifth house; n…	12
hitopadesa-0	putraka	putraka	сынок	a little son; boy; child (often used as a term of endearment); a puppet; doll; figure of…	24
hitopadesa-0	puṇya	puṇya	святая	auspicious; propitious; fair; pleasant; good; right; virtuous; meritorious; pure; holy; s…	19
hitopadesa-0	pā	pīyate	защищать	to drink; to quaff; to suck; to swallow	29
hitopadesa-0	pātra	pātra	сосуд	a drinking-vessel; goblet; bowl; cup; dish; pot; plate; utensil; any vessel or receptacle…	6
hitopadesa-0	pāṭaliputra	pāṭaliputra	name of a town	name of a town	10
hitopadesa-0	pāṭava	pāṭavaṃ	Ваджроли	sharpness; intensity; skill; cleverness in; quickness; precipitation in (comp.); health	2
hitopadesa-0	pāṭhay	pāṭhyamānaṃ	чтения	to teach; to instruct; to read; to recite	10
hitopadesa-0	pīḍā	pīḍā	самоистязание	pain; suffering; annoyance; harm; injury; violation; devastation; restriction; limitation…	12
hitopadesa-0	pūjay	pūjyate	почтить	to honour; to worship; to revere; to respect; to regard; to honour or present with (instr…	23
hitopadesa-0	pūrva	pūrva	прежде	being before or in front fore; first; eastern; to the east of (abl.); former; prior; prec…	31
hitopadesa-0	ratha	rathasya	колесница	a chariot; car; esp. a two-wheeled war-chariot (lighter and swifter than the anas); any v…	30
hitopadesa-0	rogin	rogi	больной	sick; diseased; ill	20
hitopadesa-0	rāga	rāgāṇām	влечение	the act of colouring or dyeing; colour; hue; tint; dye; red colour; redness; inflammation…	43
hitopadesa-0	rājan	rājā	царь	a king; sovereign; prince; chief (often applied to gods); a man of the royal tribe or the…	12
hitopadesa-0	rātri	rātriṣu	ночь	night; the darkness or stillness of night (often personified); turmeric; name of a river…	24
hitopadesa-0	rūpa	rūpa	образ	any outward appearance or phenomenon or colour (often pl.); form; shape; phantom shapes;…	14
hitopadesa-0	rūpavat	rūpavatī	прекрасный	having form or colour; formed; embodied; corporeal; having a beautiful form or colour; ha…	22
hitopadesa-0	sa	sa	он	(ibc.) with	16
hitopadesa-0	sabhā	sabhā	собрание	an assembly; congregation; meeting; council; public audience; social party; society; good…	37
hitopadesa-0	sad	sīdasi	усаживаться	to sit down (esp. at a sacrifice); to sit upon or in or at (acc. or loc.); to sit down be…	24
hitopadesa-0	sadā	sadā	всегда	always; ever; every time; continually; perpetually	7
hitopadesa-0	saha	saha	с	together with; along with; with	41
hitopadesa-0	sakala	sakala	все	consisting of parts; divisible; material; possessing all its component parts; complete; e…	42
hitopadesa-0	sakṛt	sakṛd	однажды	at once; suddenly; forthwith; immediately; once; formerly; ever; once for all; for ever;…	13
hitopadesa-0	sama	samaiś	равный	even; flat; level; parallel; same; similar; like; equivalent; fair; constant; ordinary; c…	41
hitopadesa-0	samarpay	samarpitavān	поразить	to stretch out from; to put into; to shoot (a missile); to deliver; to give; to hand over	47
hitopadesa-0	samartha	samarthaḥ	способный	having a similar or suitable aim or object; well answering to; suitable for; very strong;…	40
hitopadesa-0	samatā	samatām	равенство	sameness of level; equality; sameness; identity with; fairness; impartiality towards; equ…	41
hitopadesa-0	sambhava	sambhavāḥ	рождение	being or coming together; meeting; union; intercourse (esp. sexual intercourse); finding…	38
hitopadesa-0	sambhrama	sambhramāt	рвение	whirling round; haste; hurry; flurry; confusion; agitation; bustling; activity; eagerness…	16
hitopadesa-0	sambhū	sambhūtāḥ	возникнуть	to be or come together; to assemble; to meet; to be joined or united with (instr. with or…	42
hitopadesa-0	sampad	sampannāḥ	стать	to turn out well; to accrue to; to amount to; to meet with; to obtain; to be absorbed in;…	38
hitopadesa-0	sampatti	sampattiḥ	процветание	prosperity; welfare; good fortune; success; accomplishment; fulfilment; turning out well…	11
hitopadesa-0	samudra	samudram	океан	the sea; ocean (in Veda also "the aerial waters"); name of the number four; a large Soma…	46
hitopadesa-0	samunnati	samunnatim	rising; swelling; exaltation; eminence; high position; elevation; increase; growth	rising; swelling; exaltation; eminence; high position; elevation; increase; growth	15
hitopadesa-0	samāgama	samāgamāt	встреча	coming together (either in a hostile or friendly manner); union; junction; encounter or m…	41
hitopadesa-0	samāna	samānāḥ	саман	same; identical; alike; equal; zusammen; unanimous	25
hitopadesa-0	samṛdh	samṛddho	процветающий	to succeed well; to prosper; to flourish; to increase or grow greatly; to share in abunda…	19
hitopadesa-0	sarit	sarit	реки	a river; stream; an expression for the number "four"; a metre of 72 syllables; a thread;…	5
hitopadesa-0	sarva	sarva	все	whole; entire; all; every; of all sorts; manifold; various; different; completely	10
hitopadesa-0	sarvadā	sarvadā	всегда	always; at all times (often joined with sarvatra and sarvathā)	4
hitopadesa-0	sarvatra	sarvatra	везде	everywhere; in every case; always; at all times	2
hitopadesa-0	saṃcintay	saṃcintya	подумать	to think about; to think over; to consider carefully; to reflect about (acc.); to design;…	32
hitopadesa-0	saṃdhi	saṃdhir	мир	junction; connection; combination; union with (instr.); association; intercourse with (in…	9
hitopadesa-0	saṃnidhi	saṃnidhau	присутствие	depositing together or near; juxtaposition; nearness; vicinity; presence	39
hitopadesa-0	saṃnidhāna	saṃnidhānena	совокупленье	juxtaposition; nearness; vicinity; presence; presence = existence; placingdown; depositin…	40
hitopadesa-0	saṃnikarṣa	saṃnikarṣeṇa	контакт	drawing near or together; approximation; close contact; nearness; neighbourhood; proximit…	45
hitopadesa-0	saṃsarga	saṃsargāt	смешения	mixture or union together; commixture; blending; conjunction; connection; contact; associ…	40
hitopadesa-0	saṃskāra	saṃskāro	санскары	putting together; forming well; making perfect; accomplishment; embellishment adornment;…	8
hitopadesa-0	saṃskṛta	saṃskṛta	освященное	making ready; preparation or a prepared place; sacrifice; a sacred usage or custom; the S…	2
hitopadesa-0	saṃsāra	saṃsāre	сансары	going or wandering through; undergoing transmigration; course; passage; passing through a…	15
hitopadesa-0	saṃyojay	saṃyojayati	запрячь	to cause to join together; to bring together; to unite; to put to (horses); to yoke; to h…	5
hitopadesa-0	saṃśaya	saṃśaya	сомнения	lying down to rest or sleep; uncertainty; irresolution; hesitation	10
hitopadesa-0	saṅga	saṅgāt	привязанность	sticking; clinging to; touch; contact with; relation to; association or intercourse with;…	44
hitopadesa-0	siddhi	siddhiḥ	совершенства	accomplishment; performance; fulfilment; complete attainment (of any object); success; th…	1
hitopadesa-0	sidh	sidhyati	устанавливаться	to be accomplished or fulfilled or effected or settled; to be successful; to succeed; to…	30
hitopadesa-0	siṃha	siṃham	лев	a lion; the zodiacal sign Leo or its Lagna; a hero or eminent person; a particular form o…	33
hitopadesa-0	stha	sthasya	стоять	standing; staying; abiding; being situated in; existing or being in or on or among; occup…	27
hitopadesa-0	strī	striyāḥ	женщины	a woman; female; wife; the female of any animal; a white ant; the Priyaṅgu plant; (in gra…	39
hitopadesa-0	sudarśana	sudarśano	Сударшана	a vulture; a fish; (in music) a kind of composition; name of Śiva; name of a son of Agni…	10
hitopadesa-0	sudhī	sudhīḥ	мудрый	intelligent; wise	19
hitopadesa-0	suhṛd	suhṛd	друг	a friend; ally; name of the fourth astrol. mansion	9
hitopadesa-0	sukha	sukhāni	счастье	ease; easiness; comfort; prosperity; pleasure; joy; delight in; the sky; heaven; atmosphe…	20
hitopadesa-0	sumanas	sumanas	цветок	a flower	44
hitopadesa-0	supratiṣṭhita	supratiṣṭhitaḥ	изящно стоит	standing firm; properly set up or established; thoroughly implanted in; well consecrated;…	44
hitopadesa-0	sutin	sutinī	having sons	having sons	16
hitopadesa-0	svap	suptasya	спать	to sleep; to rest	36
hitopadesa-0	svayam	svayaṃ	сам	self; one's self (applicable to all persons); of or by one's self spontaneously; voluntar…	35
hitopadesa-0	svāmin	svāmi	хозяин	an owner; proprietor; master; lord or owner of; a chief; commander (of an army); a husban…	10
hitopadesa-0	sādhya	sādhye	садхьи	accomplishment; perfection; an object to be accomplished; thing to be proved or establish…	1
hitopadesa-0	sāmānya	sāmānyam	общее	equal; alike; similar; shared by others; joint; common to (instr with and without saha);…	25
hitopadesa-0	sṛj	sṛjyante	сотворить	to let go or fly; to discharge; to throw; to cast; to hurl at (acc. or dat.); to cast or…	27
hitopadesa-0	tad	tasya	он	this; gleicher	1
hitopadesa-0	taila	tailāni	sesamum oil; oil; olibanum	sesamum oil; oil; olibanum	32
hitopadesa-0	tamas	tamo	мрак	darkness; gloom; the darkness of hell; hell or a particular division of hell; the obscura…	18
hitopadesa-0	tanaya	tanayaḥ	сын	a son; name of a people	14
hitopadesa-0	tapas	tapasi	подвижничество	warmth; heat; pain; suffering; religious austerity; bodily mortification; penance; severe…	17
hitopadesa-0	tatas	tataḥ	тогда	from that; in consequence of that; for that reason; consequently; then; after that	6
hitopadesa-0	tathā	tathā	так	in that manner; so; thus; yes; so be it; so it shall be (particle of assent); so also; in…	20
hitopadesa-0	tatra	tatra	там	in that place; there (in comp.); thither; to that place; in that; therein; in that case;…	10
hitopadesa-0	tattva	tattva	правда	true or real state; truth; reality; (in phil.) a true principle; the number 24; the numbe…	42
hitopadesa-0	tila	tilebhyo	сезам	Sesamum indicum DC. (its blossom is compared to the nose); sesamum seed (much used in coo…	32
hitopadesa-0	toya	toyāḥ	вода	water; [min.] !!	46
hitopadesa-0	tu	tu	же	do; now; then; but; and; or; name of the river Śatadru	13
hitopadesa-0	tva	tvam	ты	(suffix creating abstract nouns)	11
hitopadesa-0	tvad	tvaṃ	тебя	you	24
hitopadesa-0	tyaj	tyajed	оставить	to leave; to abandon; to quit; to leave a place; to go away from; to let go; to dismiss;…	32
hitopadesa-0	tā	tā	эти	ifc. abstracta; name of Lakṣmī	11
hitopadesa-0	tārā	tārā	звезды	a fixed star; asterism; the pupil of the eye (chiefly ifc.); a kind of meteor; (in Sāṃkhy…	18
hitopadesa-0	tāta	tāta	сын мой	a father	41
hitopadesa-0	tīra	tīre	берег	a shore; bank; the brim of a vessel	10
hitopadesa-0	tīrtha	tīrthe	тиртхе	a passage; way; road; ford; stairs for landing or for descent into a river; bathing-place…	19
hitopadesa-0	u	u	и	[gramm.] the sound or letter u; a particle; [gramm.] a kṛt affix; also; further; on the o…	11
hitopadesa-0	ucchedin	ucchedi	destroying; resolving (doubts or difficulties)	destroying; resolving (doubts or difficulties)	10
hitopadesa-0	uccāra	uccāra	испражняться	feces; excrement; discharge; pronunciation; utterance; upward movement of phonic energy	17
hitopadesa-0	udayagiri	udayagireḥ	the eastern mountain	the eastern mountain	45
hitopadesa-0	udvij	udvigna	страшиться	to gush or spring upwards; to be agitated; to grieved or afflicted; to shudder; to trembl…	12
hitopadesa-0	udyama	udyamena	труд	the act of raising or lifting up; elevation; undertaking; beginning; the act of striving…	36
hitopadesa-0	udyoga	udyogam	в Книге о старании	the act of undertaking anything; exertion; perseverance; strenuous and continuous endeavo…	32
hitopadesa-0	udyogin	udyoginaṃ	one who makes effort; active; laborious; persevering; energetic	one who makes effort; active; laborious; persevering; energetic	33
hitopadesa-0	ukti	uktiṣu	говориться	sentence; proclamation; speech; expression; word; a worthy speech or word	2
hitopadesa-0	unmārga	unmārga	deviation from the right way; wrong way (lit. and fig.)	deviation from the right way; wrong way (lit. and fig.)	12
hitopadesa-0	upadeśa	upadeśena	наставление	pointing out to; reference to; specification; instruction; teaching; information; advice;…	40
hitopadesa-0	upajan	upajāyate	возникать	to be produced or originate in addition; to be added or put to; to follow (as a consequen…	43
hitopadesa-0	upe	upaiti	прийти	to go or come or step near; to approach; to betake one's self to; to arrive at; to meet w…	33
hitopadesa-0	upeta	upetaḥ	отстранен от зла, связан с благими качествами	one who has come near or approached; one who has betaken himself to; approached; arrived…	10
hitopadesa-0	vac	uktam	сказать	to speak; to say; to tell; to declare; to proclaim; to recite; verk￼nden; to speak ill of	20
hitopadesa-0	vacana	vacanam	слова	the act of speaking; utterance; pronunciation; statement; declaration; express mention; s…	30
hitopadesa-0	vad	vada	говорят	to speak; to say; to tell; to talk with; to address; to recommend; to adjudge; to designa…	16
hitopadesa-0	vaicitrya	vaicitryaṃ	variety; manifoldness; diversity; sorrow; despair	variety; manifoldness; diversity; sorrow; despair	2
hitopadesa-0	vairin	vairī	an enemy; a hero	an enemy; a hero	37
hitopadesa-0	vandhyā	vandhyā	бесплодная	a barren or childless woman; a barren cow; a particular fragrant substance	14
hitopadesa-0	vara	varam	лучший	choicest; valuable; precious; best; most excellent or eminent among; royal; princely; bet…	13
hitopadesa-0	varṇa	varṇaḥ	варн	a covering; cloak; mantle; a cover; lid; outward appearance; exterior; form; figure; shap…	45
hitopadesa-0	vasati	vasatir	ночи	staying (esp. "overnight"); dwelling; abiding; sojourn; a nest; a dwelling-place; house;…	14
hitopadesa-0	vat	vat	сказать	(Vergleichspartikel)	3
hitopadesa-0	vaśya	vaśyaḥ	послушный	to be subjected; subdued; tamed; humbled; being under control; obedient to another's will…	19
hitopadesa-0	vaṃśa	vaṃśaḥ	род	the bamboo cane or any cane (also "sugarcane" and "Shorea Robusta"); the upper timbers or…	15
hitopadesa-0	vid	vidvān	знать	to know; to understand; to learn; to be conscious of; to take for; to mind; to notice; to…	14
hitopadesa-0	vidvas	vidvān	мудрый	one who knows; knowing; learned; wise; familiar with; skilled in	12
hitopadesa-0	vidyā	vidyāyām	знание	knowledge; science; learning; scholarship; philosophy; a spell; incantation; magical skil…	17
hitopadesa-0	vigraha	vigrahaḥ	война	keeping apart or asunder; isolation; division; distribution (esp. of fluids); (in gram.)…	9
hitopadesa-0	vinaya	vinayam	смиренно	taking away; removal; withdrawal; leading; guidance; training (esp. moral training); educ…	44
hitopadesa-0	vinā	vinā	без	without; except; short or exclusive of	30
hitopadesa-0	vitta	vittaṃ	богатство	anything found; a find; (in later language also pl.) acquisition; wealth; property; goods…	27
hitopadesa-0	vivekin	viveki	отличный	discriminating; distinguishing; separated; kept asunder; examining; investigating; discri…	11
hitopadesa-0	viśeṣa	viśeṣo	различие	difference between; characteristic difference; peculiar mark; special property; specialit…	25
hitopadesa-0	viśiṣ	viśiṣṭaiś	превосходить	to distinguish; to make distinct or different; to particularize; to specify; to define; t…	41
hitopadesa-0	viśiṣṭatā	viśiṣṭatām			41
hitopadesa-0	viśru	viśrūyate	прославленный	to hear distinctly; to be heard or be heard of far and wide; to become known or famous	21
hitopadesa-0	viśudh	viśuddhaḥ	очищаться	to become perfectly pure (esp. in ritual sense); to become clear (said of the senses); (i…	23
hitopadesa-0	viśāla	viśāla	обширный	spacious; broad; wide; great; important; powerful; abundant in; full of; eminent	38
hitopadesa-0	viṣa	viṣa	яд	poison; bane; anything actively pernicious; a particular vegetable poison; water; a mysti…	29
hitopadesa-0	viṣṇuśarman	viṣṇuśarma	name of various authors and other persons	name of various authors and other persons	42
hitopadesa-0	vyabhicārin	vyabhicāriṇī	изменять	going astray; straying or deviating or diverging from (abl.); following bad courses; doin…	22
hitopadesa-0	vyāpāra	vyāpāra	деятельность	occupation; employment; business; profession; function; doing; performance; action; opera…	42
hitopadesa-0	vā	vā	или	either - or; on the one side - on the other side; optionally	12
hitopadesa-0	vāc	vācāṃ	речь	speech; voice; talk; language; sound; a word; saying; phrase; sentence; statement; asseve…	2
hitopadesa-0	vādin	vādinī	говорящий	saying; discoursing; speaking; talking; speaking or talking about (often ifc. or sometime…	20
hitopadesa-0	vṛddha	vṛddha	старый	grown; become larger or longer or stronger; increased; augmented; great; large; grown up;…	7
hitopadesa-0	yad	yad	что	what; which; who	1
hitopadesa-0	yadi	yadi	если	in case that; if; whether	16
hitopadesa-0	yatas	yataḥ	откуда	from which or what; whence; whereof; wherefrom; where; in what place; whither; wherefore;…	25
hitopadesa-0	yathā	yathā	как	according; as; like; as	30
hitopadesa-0	yatna	yatnaṃ	усилия	activity of will; volition; aspiring after; performance; work; effort; exertion; energy;…	31
hitopadesa-0	yatra	yatra	где	where; wherein; wherever; whither	11
hitopadesa-0	yauvana	yauvanaṃ	youth; youthfulness; adolescence; puberty; manhood; a number of young people (esp. of you…	youth; youthfulness; adolescence; puberty; manhood; a number of young people (esp. of you…	11
hitopadesa-0	yuj	yuktaḥ	союзник	to yoke or join or fasten or harness (horses or a chariot); to make ready; to prepare; to…	14
hitopadesa-0	yā	yāti	идти	to go; to move; to set out; to travel; to withdraw; to flee; to go to for any purpose (in…	15
hitopadesa-0	ācar	ācaret	делать	to come near to (acc.); to approach; to lead hither (as a path); to address; to apply to…	3
hitopadesa-0	ādya	ādyau	изначальный	immediately preceding (e.g. ekādaśādya); earlier; older; being at the head; unparalleled;…	13
hitopadesa-0	ādā	ādatte	взять	to take; to accept; to receive from; to seize; to take away; to carry off; to rob; to tak…	35
hitopadesa-0	ādṛ	ādriyate	проломитель	to respect; to honour; to reverence; to regard with attention; (an einer Handlung) festha…	7
hitopadesa-0	āgama	āgamaḥ	прийти	arrival; coming; approach; origin; appearance or reappearance; course (of a fluid); issue…	20
hitopadesa-0	āhāra	āhāra	пища	taking; fetching; bringing near; employing; use; taking food; food; livelihood; performan…	25
hitopadesa-0	ākara	ākare	источник	one who scatters; one who distributes abundantly; accumulation; plenty; multitude; a mine…	43
hitopadesa-0	ākarṇay	ākarṇya	услышать	to give ear to; to listen to; to hear	12
hitopadesa-0	ākṛṣ	ākṛṣya	втягиваться	to draw towards one's self; to attract; to draw (a sword); to bend (a bow); to draw out	9
hitopadesa-0	ālambin	ālambī	hanging from; resting or leaning upon; depending on or from; laying hold of; supporting;…	hanging from; resting or leaning upon; depending on or from; laying hold of; supporting;…	21
hitopadesa-0	ālasya	ālasya	лень	idleness; sloth; want of energy	30
hitopadesa-0	āp	āptum	достигать	to reach; to overtake; to meet with; to fall upon; to obtain; to gain; to take possession…	32
hitopadesa-0	āpūraṇa	āpūraṇa	Апурана	filling; making full; satiating; drawing a bow; flooding	21
hitopadesa-0	ārambha	ārambhe	начало	undertaking; beginning; a thing begun; beginning; origin; commencement; (in dram.) the co…	16
hitopadesa-0	āruh	ārohati	взойти	to ascend; to mount; to bestride; to rise up; to arise; to come off; to result; to ventur…	44
hitopadesa-0	āsvādya	āsvādya	вкусить	to be eaten; to be tasted or enjoyed; having a good taste; palatable; delicious	46
hitopadesa-0	āsāday	āsādya	достигнуть	to cause to sit down; to set down; to put down; to place; to cause; to effect; to approac…	46
hitopadesa-0	ātman	ātmanaḥ	себя	the breath; the soul; principle of life and sensation; the individual soul; self; abstrac…	12
hitopadesa-0	āyus	āyuḥ	срок жизни	life; vital power; vigour; health; duration of life; long life; active power; efficacy; t…	27
hitopadesa-0	āḍhaka	āḍhakaiḥ	адхака	a measure of grain (= 1/4 droṇa = 4 prasthas = 16 kudavas = 64 palas = 256 karshas = 4096…	21
hitopadesa-0	śak	śakyante	способный	to be strong or powerful; to be able to or capable of or competent for; to be overcome or…	42
hitopadesa-0	śakti	śaktyā	дротик	power; ability; strength; might; effort; energy; capability; faculty; skill; capacity for…	33
hitopadesa-0	śastra	śastraṃ	оружие	an instrument for cutting or wounding; knife; sword; dagger; any weapon (even applied to…	7
hitopadesa-0	śata	śataiḥ	сто	a hundred; any very large number; name of a measure	18
hitopadesa-0	śatru	śatrur	враг	an enemy; foe; rival; a hostile king (esp. a neighbouring king as a natural enemy); the 6…	22
hitopadesa-0	śaurya	śaurye	heroism; valour; prowess; might; the heroic branch of dramatic art; name of a village	heroism; valour; prowess; might; the heroic branch of dramatic art; name of a village	17
hitopadesa-0	śayana	śayanam	ложе	the act of lying down or sleeping; rest; repose; sleep; a bed; couch; sleeping-place; cop…	28
hitopadesa-0	śaśin	śaśinaḥ	луна	the moon; name of the number one; camphor; a kind of metre; name of a man; the emblem of…	1
hitopadesa-0	śiras	śiraḥ	голова	the head; skull; the upper end or highest part of anything; top; peak; summit; pinnacle;…	44
hitopadesa-0	śloka	śloka	стих	sound; noise (as of the wheels of a carriage or the grinding of stones etc.); a call or v…	10
hitopadesa-0	śru	śuśrāva	услышать	to hear; to listen to; to study	10
hitopadesa-0	śubh	śobhate	блистать	to beautify; to embellish; to adorn; to beautify one's self; to shine; to be bright or sp…	37
hitopadesa-0	śuka	śuka	попугай	a parrot; Acacia Sirissa; Zizyphus Scandens; name of a son of Vyāsa; narrator of the Bhāg…	42
hitopadesa-0	śāstra	śāstraṃ	шастры	an order; command; precept; rule; teaching; instruction; direction; advice; good counsel;…	10
hitopadesa-0	ṛṇakartṛ	ṛṇakartā	one who contracts a debt; indebted	one who contracts a debt; indebted	22
hitopadesa-0	ṣaṣ	ṣaḍ	шесть	six; (in gram) a tech. name for numerals ending in ṣ and n and words like kati	20
subhashita-beginner	A	ā	принеси		
subhashita-beginner	Agam	āgamiṣyanti	пришел		
subhashita-beginner	Ahf	āhāre	совершил		
subhashita-beginner	Ap	āpatsu	достигает		
subhashita-beginner	BAz	bhāṣaṇe	сказал		
subhashita-beginner	BU	bhavet	будет		
subhashita-beginner	BUmipati	bhūmipatau	владыка земли		
subhashita-beginner	BUpati	bhūpatau	царь		
subhashita-beginner	Baj	bhajate	почитают		
subhashita-beginner	Bartf	bhartrā	мужа		
subhashita-beginner	Bezaja	bheṣaje	лекарство		
subhashita-beginner	Bf	bhāryā	принеси		
subhashita-beginner	Bid	bhidyate	пронзил		
subhashita-beginner	Bikz	bhikṣā	Испрашивая		
subhashita-beginner	Bikzuka	bhikṣukaḥ	нищие		
subhashita-beginner	Buj	bhojana	наслаждайся		
subhashita-beginner	DA	dhīyate	дай		
subhashita-beginner	DArmika	dhārmikaḥ	добродетельный		
subhashita-beginner	DIra	dhīra	мудрый		
subhashita-beginner	Dana	dhaneṣu	богатство		
subhashita-beginner	Darma	dharmeṇa	дхарма		
subhashita-beginner	Df	khaṅga	наделенный		
subhashita-beginner	I	yaḥ	просим		
subhashita-beginner	Kalu	khalu	же		
subhashita-beginner	Kid	khidyante	вдавил		
subhashita-beginner	Pal	phalāya	приносить		
subhashita-beginner	SAstra	śāstreṣu	шастры		
subhashita-beginner	SF	śaraṇam	защиты		
subhashita-beginner	SI	śayyā	лежит		
subhashita-beginner	Sak	śakyāḥ	способен		
subhashita-beginner	Sap	śapate	проклял		
subhashita-beginner	SarIra	śarīreṇa	тело		
subhashita-beginner	Sarad	śaradi	осеней		
subhashita-beginner	Sastra	śastrāṇi	оружие		
subhashita-beginner	Sata	śateṣu	сто		
subhashita-beginner	Siva	śivāḥ	Шива		
subhashita-beginner	SradDA	śraddhayā	вера		
subhashita-beginner	Sri	śrīḥ	направил		
subhashita-beginner	Sru	śrotā	услышав		
subhashita-beginner	SuB	śobhate	блистал		
subhashita-beginner	SuD	śuddhiḥ	чистый		
subhashita-beginner	Suc	śocati	скорбит		
subhashita-beginner	Suci	śucim	чистый		
subhashita-beginner	aBaya	abhayam	бесстрашие		
subhashita-beginner	aBirakz	abhirakṣitaḥ	охраняемый		
subhashita-beginner	aByas	abhyāsena	упражняется		
subhashita-beginner	aDika	adhike	выше		
subhashita-beginner	aDyavaso	adhyavasyati	да будет сделано		
subhashita-beginner	aTa	atha	и		
subhashita-beginner	adya	adya	сегодня		
subhashita-beginner	aha	aham	дни		
subhashita-beginner	aho	aho	увы		
subhashita-beginner	akftajYa	akṛtajñe	неблагодарный		
subhashita-beginner	alpa	alpa	мало		
subhashita-beginner	anaGa	anagha	безупречный		
subhashita-beginner	anarTa	ātmanā	не-артха		
subhashita-beginner	anitya	anityam	невечен		
subhashita-beginner	anyaTA	anyathā	иначе		
subhashita-beginner	anyatra	anyatra	кроме		
subhashita-beginner	apUrva	apūrvas	необычно		
subhashita-beginner	apakf	apakāriṣu	обидчики		
subhashita-beginner	apamA	apamāne	самая последняя		
subhashita-beginner	api	api	также		
subhashita-beginner	apriya	apriyasya	неприятное		
subhashita-beginner	arTapati	arthapatau	великий повелитель		
subhashita-beginner	arTi	arthas	истцом		
subhashita-beginner	as	asti	есть		
subhashita-beginner	atfpta	atṛptā	не удовлетворив		
subhashita-beginner	atiTi	atithiḥ	гость		
subhashita-beginner	atiric	atyaricyata	хуже		
subhashita-beginner	atra	atra	здесь		
subhashita-beginner	av	vam	на помощь		
subhashita-beginner	avicArya	avicārya	не дожидаясь		
subhashita-beginner	bAlA	bāle	дева		
subhashita-beginner	bAnDava	bāndhavān	родственники		
subhashita-beginner	bIja	bīja	семя		
subhashita-beginner	baDiratama	badhiratamāḥ			
subhashita-beginner	balavat	balavatī	могучий		
subhashita-beginner	bata	bata	увы		
subhashita-beginner	bfhaspati	bṛhaspatiḥ	Брихаспати		
subhashita-beginner	boDi	bodhayanti	будь		
subhashita-beginner	brahman	brahma	Брахман		
subhashita-beginner	cAra	cārais	шпионов		
subhashita-beginner	ca	ca	и		
subhashita-beginner	candana	candanena	сандалом		
subhashita-beginner	car	caritāni	движется		
subhashita-beginner	catur	catvāraḥ	четыре		
subhashita-beginner	ciram	ciram	долго		
subhashita-beginner	cit	cittena	даже		
subhashita-beginner	cumb	cumbyate	целует		
subhashita-beginner	dA	dāne	дает		
subhashita-beginner	dEva	daiva			
subhashita-beginner	dEvajYa	daivajñe			
subhashita-beginner	dUra	dūre	далеко		
subhashita-beginner	dah	dagdhā	сжигает		
subhashita-beginner	deva	deve	боги		
subhashita-beginner	dfS	dṛśyante	увидев		
subhashita-beginner	diS	deśe	стороны		
subhashita-beginner	dih	diha	воплощенный		
subhashita-beginner	dina	dine	день		
subhashita-beginner	divA	divā	днем		
subhashita-beginner	divAnaktam	divānaktam			
subhashita-beginner	divya	divyā	небесные		
subhashita-beginner	dozA	doṣā	у кого побежденные привязанности и пороки		
subhashita-beginner	doza	doṣeṇa	зло		
subhashita-beginner	dru	dravati	быстро		
subhashita-beginner	duh	dogdhrī	доится		
subhashita-beginner	duhitf	duhitrā	дочь		
subhashita-beginner	durbala	durbalā	слабый		
subhashita-beginner	dvija	dvije	дваждырожденный		
subhashita-beginner	etad	etat	это		
subhashita-beginner	eva	tatra	именно		
subhashita-beginner	gaj	gajāḥ	слоны		
subhashita-beginner	gam	gate	отправился		
subhashita-beginner	ganDa	gandhena	запах		
subhashita-beginner	garBin	garbhiṇī	беременная		
subhashita-beginner	garj	garjati	заревел		
subhashita-beginner	go	gavā	коров		
subhashita-beginner	grIzma	grīṣmeṇa	лето		
subhashita-beginner	grah	grahas	взяв		
subhashita-beginner	guRa	guṇāḥ	гуны		
subhashita-beginner	guRi	tādṛś	гуны		
subhashita-beginner	gur	gurau	прими		
subhashita-beginner	guru	guruṣu	гуру		
subhashita-beginner	hA	hāsyatām	оставив		
subhashita-beginner	ha	he	же		
subhashita-beginner	han	hanyate	убит		
subhashita-beginner	has	hastau	смеясь		
subhashita-beginner	hfd	hṛdi	сердце		
subhashita-beginner	hi	hi	ведь		
subhashita-beginner	i	iti	идет		
subhashita-beginner	iha	duḥkham	здесь		
subhashita-beginner	itara	rājānaḥ	другие		
subhashita-beginner	iva	iva	как		
subhashita-beginner	jAtu	jātu	никогда		
subhashita-beginner	jAtyanDa	jātyandhaḥ	слепцу		
subhashita-beginner	jIv	jīvitavyeṣu	живет		
subhashita-beginner	jYA	jānanti	зная		
subhashita-beginner	jaMgamya	jaṅgamāni	движущиеся		
subhashita-beginner	jagat	jagat	живого		
subhashita-beginner	jagatI	jagati	джагати		
subhashita-beginner	jala	jalena	воды		
subhashita-beginner	jan	jātena	родился		
subhashita-beginner	jana	janās	люди		
subhashita-beginner	janman	janma	рождение		
subhashita-beginner	jfmB	jṛmbhate	отряхнулся		
subhashita-beginner	ji	jātyā	победить		
subhashita-beginner	jihvA	jihvā	язык		
subhashita-beginner	kAka	kākāḥ	ворона		
subhashita-beginner	kAku	kāko	лепет		
subhashita-beginner	kAma	kāmāt	желание		
subhashita-beginner	kAmin	kāmī	влюбленный		
subhashita-beginner	kAraRa	kāraṇam	причина		
subhashita-beginner	kAvi	ke	кто		
subhashita-beginner	kAzWa	kāṣṭhe	дрова		
subhashita-beginner	ka	kasya	что		
subhashita-beginner	kaNkaRa	kaṅkaṇena	Канкану		
subhashita-beginner	kaTi	kathyate	говорить		
subhashita-beginner	kal	kāle	время		
subhashita-beginner	kaluza	kaluṣam	мутные		
subhashita-beginner	kan	kānta	любящий		
subhashita-beginner	kapawa	kapaṭena	Капаты		
subhashita-beginner	karman	karma	действия		
subhashita-beginner	karv	kari	слона		
subhashita-beginner	kavi	kaviḥ	поэт		
subhashita-beginner	kena	kena	кем		
subhashita-beginner	kf	kāryāṇi	сделал		
subhashita-beginner	kfpaRa	kṛpaṇena	жалобно		
subhashita-beginner	kftaGna	kṛtaghnāḥ	неблагодарный		
subhashita-beginner	kftajYa	kṛtajñeṣu	благодарный		
subhashita-beginner	kfz	karṣati	вспахивая		
subhashita-beginner	kim	kim	что		
subhashita-beginner	kleSa	kleśe	лишения		
subhashita-beginner	krama	krameṇa	последовательность		
subhashita-beginner	kroDa	krodhāt	гнев		
subhashita-beginner	ku	ko	почва		
subhashita-beginner	kuRqi	kuṇḍe			
subhashita-beginner	kuSala	kuśalā	искусен		
subhashita-beginner	kukkura	kukkura	куккуры		
subhashita-beginner	kula	kule	род		
subhashita-beginner	kup	kupyanti	разгневался		
subhashita-beginner	kva	kva	где		
subhashita-beginner	kzI	kṣīṇeṣu	гибнет		
subhashita-beginner	kzam	kṣamī	простить		
subhashita-beginner	kzi	kṣaya	живет		
subhashita-beginner	kzipra	kṣipram	быстро		
subhashita-beginner	laB	labhate	обретает		
subhashita-beginner	laNG	laṅghayet	поглощается		
subhashita-beginner	locana	locanam	глазами		
subhashita-beginner	lok	loke	в мире		
subhashita-beginner	luB	lobhitar	жадный		
subhashita-beginner	mA	me	не		
subhashita-beginner	mAlatI	mālatī	малати		
subhashita-beginner	mAnava	mānavāḥ	человек		
subhashita-beginner	mUka	mūka	немые		
subhashita-beginner	mUli	mūlam	имеющий корень		
subhashita-beginner	mUrKa	mūrkhe	глупец		
subhashita-beginner	maDurA	madhurā	сладостный		
subhashita-beginner	madira	madirā	пьянящего		
subhashita-beginner	mah	mahati	великого		
subhashita-beginner	man	manaḥ	считаю		
subhashita-beginner	manas	manasā	ум		
subhashita-beginner	mandavisarpin	mandavisarpiṇī			
subhashita-beginner	manoraTa	manorathaiḥ	желание		
subhashita-beginner	mantr	mantritam	посовещавшись		
subhashita-beginner	mantra	mantra	мантры		
subhashita-beginner	manu	mano	Ману		
subhashita-beginner	matkuRa	matkuṇasya	клопов		
subhashita-beginner	may	mṛd	меняются		
subhashita-beginner	mayUra	mayūraiḥ	павлинов		
subhashita-beginner	meGa	meghaḥ	облака		
subhashita-beginner	mevi	mayi	говорила		
subhashita-beginner	mf	mṛtaḥ	умирает		
subhashita-beginner	mfR	śūra	дробя		
subhashita-beginner	mfga	mṛgāḥ	зверей		
subhashita-beginner	mfgendra	mṛgendra	царь зверей		
subhashita-beginner	miTyA	mithyā	ложно		
subhashita-beginner	mitra	mitra	Митра		
subhashita-beginner	muKa	mukhe	лицо		
subhashita-beginner	muRq	muṇḍanena	с бритой головой		
subhashita-beginner	muRqa	muṇḍe	бритый		
subhashita-beginner	muc	muktiḥ	освобождается		
subhashita-beginner	muh	mūḍhā	глупец		
subhashita-beginner	muni	muneḥ	мудрец		
subhashita-beginner	nAma	nāma	имя		
subhashita-beginner	nI	nayana	ведут		
subhashita-beginner	na	na	не		
subhashita-beginner	nagnakzapaRaka	nagnakṣapaṇake			
subhashita-beginner	nah	nahi	связано		
subhashita-beginner	nam	namanti	склоняется		
subhashita-beginner	netf	netaras	вождь		
subhashita-beginner	nf	nṛṇām	мужей		
subhashita-beginner	ni	nis	в		
subhashita-beginner	nij	nijā	Омойте		
subhashita-beginner	nimnagA	nimnagā	река		
subhashita-beginner	nirantara	nirantaram	дружески		
subhashita-beginner	nirarTaka	nirarthakam	тщетными		
subhashita-beginner	niviS	niviśate	расположились		
subhashita-beginner	nivid	niveditā	призывом		
subhashita-beginner	nu	no	же		
subhashita-beginner	pA	pibati	Защищайте		
subhashita-beginner	pARi	pāṇiḥ	руки		
subhashita-beginner	pARqitya	pāṇḍityam	ученость		
subhashita-beginner	pAWi	pāṭhitaḥ			
subhashita-beginner	pApa	pāpe	грех		
subhashita-beginner	pAzARa	pāṣāṇe	камни		
subhashita-beginner	pF	para	заполнил		
subhashita-beginner	pUr	pūrṇam	полный		
subhashita-beginner	paNka	paṅkam	грязь		
subhashita-beginner	paRqita	paṇḍitaḥ	мудрые		
subhashita-beginner	paTin	panthānaḥ	путь		
subhashita-beginner	paW	paṭha	читает		
subhashita-beginner	paYcaza	pañcaṣāḥ	пять-шесть		
subhashita-beginner	pad	padam	ногами		
subhashita-beginner	pakzi	pakṣā	крылья		
subhashita-beginner	parA	pare	увлеченная, любовно танцует		
subhashita-beginner	parama	paramām	высшее		
subhashita-beginner	pariRAma	pariṇāme	изменение		
subhashita-beginner	paripuzwa	paripuṣṭaḥ			
subhashita-beginner	parivartin	parivartini	неусыпной		
subhashita-beginner	parjanya	parjanya	Парджанья		
subhashita-beginner	pat	patiṣyasi	упал		
subhashita-beginner	pati	patiḥ	мужа		
subhashita-beginner	payas	payas	молоко		
subhashita-beginner	pfTivIkzit	pṛthivīkṣitām	цари		
subhashita-beginner	pfTivIpati	pṛthivīpatiḥ	владыка земли		
subhashita-beginner	pi	pitā	отец		
subhashita-beginner	pitAmaha	pitāmahāḥ	дед		
subhashita-beginner	prI	priya	доволен		
subhashita-beginner	praT	pratham	прославленный		
subhashita-beginner	pradA	pradātavyaḥ	дал		
subhashita-beginner	prajA	prajā	потомство		
subhashita-beginner	prajYA	prajñā	мудрость		
subhashita-beginner	prapad	prapannāni	прибегаю		
subhashita-beginner	prasad	prasīdati	смилуйся		
subhashita-beginner	prati	prati	к		
subhashita-beginner	pratiSraya	pratiśrayaḥ	местожительство		
subhashita-beginner	pratigrah	pratigrahe	принял		
subhashita-beginner	pratikf	pratikāreṇa	противодействовать		
subhashita-beginner	pratipad	pratipadyate	достигает		
subhashita-beginner	praviS	praviśanti	вошел		
subhashita-beginner	prayam	prayacchati	отдай		
subhashita-beginner	punar	punar	снова		
subhashita-beginner	purohita	purohitaḥ	домашний жрец		
subhashita-beginner	puruza	puruṣaḥ	человек		
subhashita-beginner	putra	putreṇa	сын		
subhashita-beginner	puzkala	puṣkalena	многочисленные		
subhashita-beginner	rAj	rājā	сверкает		
subhashita-beginner	rAjan	rājñi	царь		
subhashita-beginner	raYj	rajakas	царь		
subhashita-beginner	ram	ratis	радуются		
subhashita-beginner	sA	sā	правильно		
subhashita-beginner	sADu	sādhavaḥ	хорошо		
subhashita-beginner	sOKya	saukhyam			
subhashita-beginner	sTA	tiṣṭhanti	пребывает		
subhashita-beginner	sTAvara	sthāvarāṇi	неподвижное		
subhashita-beginner	sU	svā	родила		
subhashita-beginner	sUci	sūktayaḥ	иглой		
subhashita-beginner	sUkzma	sūkṣmaḥ	тонкие		
subhashita-beginner	sa	sa	он		
subhashita-beginner	saMDA	sandhīyate	наложил		
subhashita-beginner	saMKyA	saṅkhyā	в битве		
subhashita-beginner	saMSraya	saṃśrayaḥ	поиски помощи		
subhashita-beginner	saMgati	saṅgatim	связь		
subhashita-beginner	saMkalpa	saṅkalpāt	воля		
subhashita-beginner	saMkalpi	saṅkalpayiṣyāmi	Решений		
subhashita-beginner	saMkuc	saṅkucanti	ограничение		
subhashita-beginner	saMsf	saṃsāre	перевоплощается		
subhashita-beginner	saMyuj	saṃyujyeta	соединившись		
subhashita-beginner	saYj	saṅgas	привязанный		
subhashita-beginner	saha	saha	с		
subhashita-beginner	sahaja	sahajā	естественный		
subhashita-beginner	sahas	sahasā	внезапно		
subhashita-beginner	sahasra	sahasreṣu	тысяч		
subhashita-beginner	sakala	sakalam	все		
subhashita-beginner	salila	salilena	воды		
subhashita-beginner	sam	samaḥ	вместе		
subhashita-beginner	samADA	samādhātum	сосредоточить		
subhashita-beginner	samAcar	samācaret	совершай		
subhashita-beginner	samAna	samāne	самана		
subhashita-beginner	samas	saṃbhavaḥ	привлекут		
subhashita-beginner	samudra	samudreṇa	океан		
subhashita-beginner	samunnam	samunnatim	вознесен		
subhashita-beginner	santa	santa	добрые		
subhashita-beginner	sarvAtman	sarvātmanā	всей душою		
subhashita-beginner	sarva	sarve	все		
subhashita-beginner	sat	satām	добродетельных		
subhashita-beginner	sev	sevā	служит		
subhashita-beginner	sfj	sṛṣṭi	сотворил		
subhashita-beginner	siD	sidhyanti	устанавливается		
subhashita-beginner	siMha	siṃhasya	лев		
subhashita-beginner	sma	sma	же		
subhashita-beginner	snA	snā	омывшись		
subhashita-beginner	sparDA	spardhayā	перегоняя друг друга		
subhashita-beginner	spfS	sparśane	коснулся		
subhashita-beginner	strI	strīṣu	женщины		
subhashita-beginner	su	su	выжимающего		
subhashita-beginner	suKam	sukham	счастье		
subhashita-beginner	suKi	sukha	счастлив		
subhashita-beginner	sugfhin	sugṛhī			
subhashita-beginner	suhfd	suhṛt	друзей		
subhashita-beginner	sukfta	sukṛtena	благого деяния		
subhashita-beginner	sukula	sukule			
subhashita-beginner	sumanas	sumanasas	цветами		
subhashita-beginner	sundara	sundaryā	Прекрасный, как юное облако		
subhashita-beginner	surUpa	surūpa	Сурупа		
subhashita-beginner	svAdu	svādu	сладкую		
subhashita-beginner	sva	sva	свой		
subhashita-beginner	svaDarma	svadharme	свой долг		
subhashita-beginner	svap	suptasya	спит		
subhashita-beginner	svasf	svasrā	сестра		
subhashita-beginner	tA	te	эти		
subhashita-beginner	tAdfSa	tādṛśe	такой		
subhashita-beginner	tIrTa	tīrthe	тиртхе		
subhashita-beginner	taTA	tathā	так		
subhashita-beginner	tad	tasya	он		
subhashita-beginner	tadvat	tadvat	так		
subhashita-beginner	tam	tān	лишается дыхания		
subhashita-beginner	tan	sanātha	протянулся		
subhashita-beginner	tap	taptā	греет		
subhashita-beginner	tasmAt	tasmāt	поэтому		
subhashita-beginner	tena	tena	тем		
subhashita-beginner	tfRa	tṛṇāya	трава		
subhashita-beginner	tfp	tṛptiḥ	насытиться		
subhashita-beginner	tftIyA	tṛtīyā	третий		
subhashita-beginner	til	tila	кунжут		
subhashita-beginner	tri	triṣu	три		
subhashita-beginner	tripaTagA	tripathagām	Текущей тремя путями		
subhashita-beginner	tu	tu	же		
subhashita-beginner	tulA	tulayā	весы		
subhashita-beginner	tva	tvām	ты		
subhashita-beginner	tyaj	tyājyaḥ	оставив		
subhashita-beginner	uB	ubhe	оба		
subhashita-beginner	udyam	udyamena	подняв		
subhashita-beginner	ugra	madhuram	грозный		
subhashita-beginner	upaskf	upakāriṣu	окажу помощь		
subhashita-beginner	utpad	utpadyante	возникает		
subhashita-beginner	vA	vān	или		
subhashita-beginner	vARi	vāṇī	нежноголосая		
subhashita-beginner	vac	vaktāraḥ	сказал		
subhashita-beginner	vad	vada	говорят		
subhashita-beginner	valg	valganti	приплясывая		
subhashita-beginner	valgu	valgu	милых		
subhashita-beginner	vap	vāpi	посеяно		
subhashita-beginner	vapus	vapus	тело		
subhashita-beginner	vas	vāsas	жил		
subhashita-beginner	vf	vṛṇīte	окруженный		
subhashita-beginner	vfD	vṛddhe	возрастает		
subhashita-beginner	vfj	varjayet	минует		
subhashita-beginner	vfz	varṣati	дождь		
subhashita-beginner	viBava	vibhave	богатство		
subhashita-beginner	viS	viśanti	племен		
subhashita-beginner	viSiz	viśeṣatas	превосходит		
subhashita-beginner	vicitra	vicitrāṇi	различные		
subhashita-beginner	vid	vidyate	знает		
subhashita-beginner	vikali	vikale	с калекой		
subhashita-beginner	vikas	vikasanti	раскрывающийся		
subhashita-beginner	vinI	vinayena	почтительно		
subhashita-beginner	vinaS	vinaśyataḥ	погибнет		
subhashita-beginner	vipAka	vipāke	созревание		
subhashita-beginner	vipad	vipat	несчастье		
subhashita-beginner	viraYj	virāgaḥ	равнодушия		
subhashita-beginner	vivft	vivartete	относятся		
subhashita-beginner	vivic	viviktās	уединенном		
subhashita-beginner	vyADA	vyādhiḥ	страдают		
subhashita-beginner	vyaD	vyādhinā	пронзил		
subhashita-beginner	vyasana	vyasane	несчастье		
subhashita-beginner	vyavahf	vyavahāreṣu	достойным общения		
subhashita-beginner	yA	yāsyanti	идут		
subhashita-beginner	yAc	yācante	попросил		
subhashita-beginner	yAdfSa	yādṛśe	какой		
subhashita-beginner	yaSas	yaśasi	слава		
subhashita-beginner	yaTA	yathā	как		
subhashita-beginner	yaTAviDi	yathāvidhi	согласно правилу		
subhashita-beginner	yad	yasya	что		
subhashita-beginner	yadi	yadi	если		
subhashita-beginner	yat	yātā	стремится		
subhashita-beginner	yatra	yatra	где		
subhashita-beginner	yozit	yoṣiti	женщины		
subhashita-beginner	yu	yo	отврати		
subhashita-beginner	yuj	yojayet	союзником		
subhashita-beginner	zawpada	ṣaṭpadās	пчелы		
subhashita-beginner	Брахман	Брахман			
subhashita-beginner	Брихаспати	Брихаспати			
subhashita-beginner	Защищайте	пьет			
subhashita-beginner	Испрашивая	милостыня			
subhashita-beginner	Канкану				
subhashita-beginner	Капаты	нарочно			
subhashita-beginner	Ману	сердце			
subhashita-beginner	Митра	Митра			
subhashita-beginner	Одного				
subhashita-beginner	Омойте				
subhashita-beginner	Парджанья	Парджанья			
subhashita-beginner	Прекрасный, как юное облако				
subhashita-beginner	Решений				
subhashita-beginner	Сурупа	прекрасен			
subhashita-beginner	Текущей тремя путями				
subhashita-beginner	Улука				
subhashita-beginner	Шива	шакалы			
subhashita-beginner	безупречный	безупречный			
subhashita-beginner	бесстрашие	безопасность			
subhashita-beginner	благого деяния	благочестию			
subhashita-beginner	благодарный				
subhashita-beginner	блистал	сияет			
subhashita-beginner	богатство	казной			
subhashita-beginner	боги	божественного			
subhashita-beginner	брахман	к брахманам			
subhashita-beginner	бритый				
subhashita-beginner	будет	будет			
subhashita-beginner	будь	объясняют			
subhashita-beginner	быстро	бежит			
subhashita-beginner	в	вырубил			
subhashita-beginner	в битве	число			
subhashita-beginner	вдавил				
subhashita-beginner	ведут	глаза			
subhashita-beginner	ведь	ведь			
subhashita-beginner	великий повелитель				
subhashita-beginner	великого	великой			
subhashita-beginner	вера	верой			
subhashita-beginner	весы	весу			
subhashita-beginner	взяв				
subhashita-beginner	вкус	сок			
subhashita-beginner	владыка земли				
subhashita-beginner	власть	по воле			
subhashita-beginner	влюбленный	влюбленный			
subhashita-beginner	вместе	равный			
subhashita-beginner	внезапно	внезапно			
subhashita-beginner	воды	водою			
subhashita-beginner	вождь				
subhashita-beginner	вознесен				
subhashita-beginner	возникает	возникают			
subhashita-beginner	возрастает	старые			
subhashita-beginner	воля	мыслью			
subhashita-beginner	воплощенный				
subhashita-beginner	ворона				
subhashita-beginner	воспринимается	воспринимается			
subhashita-beginner	восхвалять	достойных восхваления			
subhashita-beginner	восход	нет			
subhashita-beginner	вошел	входят			
subhashita-beginner	все	полностью			
subhashita-beginner	всей душою	всей душой			
subhashita-beginner	вспахивая	привлекает			
subhashita-beginner	выжимающего	хорошенько			
subhashita-beginner	вырвав	здоровья			
subhashita-beginner	высшее	высшей			
subhashita-beginner	выше	преобладании			
subhashita-beginner	где	где			
subhashita-beginner	гибнет	ослабевали			
subhashita-beginner	глазами	взором			
subhashita-beginner	глупец	Бездумно			
subhashita-beginner	гнев	в гневе			
subhashita-beginner	говорила	во мне			
subhashita-beginner	говорить	зовется			
subhashita-beginner	говорят	говорящие			
subhashita-beginner	гость	гость			
subhashita-beginner	греет	раскается			
subhashita-beginner	грех	злая			
subhashita-beginner	грозный	грозного			
subhashita-beginner	грязь	трясину			
subhashita-beginner	гуны	гуны			
subhashita-beginner	гуру	наставниками			
subhashita-beginner	да будет сделано	принимается за дела			
subhashita-beginner	дает	щедрости			
subhashita-beginner	даже	сознания			
subhashita-beginner	дай	наделяется			
subhashita-beginner	дал	пусть позволит играть			
subhashita-beginner	далеко	далеко			
subhashita-beginner	дваждырожденный	дваждырожденному			
subhashita-beginner	движется				
subhashita-beginner	дева	дитя			
subhashita-beginner	дед	деды			
subhashita-beginner	действия	деятельность			
subhashita-beginner	делает	поведение			
subhashita-beginner	день	день			
subhashita-beginner	деревенек	деревня			
subhashita-beginner	джагати	в мире			
subhashita-beginner	для опьянения	опьянение			
subhashita-beginner	днем	днем			
subhashita-beginner	дни	я			
subhashita-beginner	добродетельный	добродетельный			
subhashita-beginner	добродетельных	добродетельных			
subhashita-beginner	доволен	дорог			
subhashita-beginner	дождь	дождь			
subhashita-beginner	доится	корова			
subhashita-beginner	долго	долго			
subhashita-beginner	домашний жрец	Главный жрец			
subhashita-beginner	достигает	достигает			
subhashita-beginner	достойным общения				
subhashita-beginner	дочь	дочерью			
subhashita-beginner	дробя				
subhashita-beginner	дрова	лес			
subhashita-beginner	другие	другие			
subhashita-beginner	другой	других			
subhashita-beginner	дружески	жестокой			
subhashita-beginner	друзей	друг			
subhashita-beginner	дхарма	по закону			
subhashita-beginner	если	если			
subhashita-beginner	естественный	Родившись вместе			
subhashita-beginner	есть	есть			
subhashita-beginner	жадный				
subhashita-beginner	жалобно	жалкий			
subhashita-beginner	же	же			
subhashita-beginner	желание				
subhashita-beginner	женщины	женщины			
subhashita-beginner	жертвователя	желанное			
subhashita-beginner	живет				
subhashita-beginner	живого	мир			
subhashita-beginner	жил	одежды			
subhashita-beginner	за пределами	выше			
subhashita-beginner	запах	ароматом			
subhashita-beginner	заполнил	высший			
subhashita-beginner	заревел	ревел			
subhashita-beginner	зверей	олени			
subhashita-beginner	здесь	здесь			
subhashita-beginner	зло	вину			
subhashita-beginner	знает	есть			
subhashita-beginner	зная	знают			
subhashita-beginner	и	и			
subhashita-beginner	иглой				
subhashita-beginner	идет	так			
subhashita-beginner	идут	отправятся			
subhashita-beginner	изменение	в конце			
subhashita-beginner	или				
subhashita-beginner	именно	именно			
subhashita-beginner	имеющий корень	корень			
subhashita-beginner	имя	имя			
subhashita-beginner	иначе	иначе			
subhashita-beginner	искусен	сведущая			
subhashita-beginner	исполненные смысла	богат			
subhashita-beginner	истцом				
subhashita-beginner	к	к			
subhashita-beginner	как	как			
subhashita-beginner	какой	в таком			
subhashita-beginner	камни				
subhashita-beginner	капля	сок			
subhashita-beginner	клопов				
subhashita-beginner	копчика	подчиняющаяся			
subhashita-beginner	коров	коровой			
subhashita-beginner	коснулся	касаться			
subhashita-beginner	кроме	кроме			
subhashita-beginner	куккуры				
subhashita-beginner	лев	льва			
subhashita-beginner	лежит	ложе			
subhashita-beginner	лекарство				
subhashita-beginner	лень				
subhashita-beginner	лепет				
subhashita-beginner	лес	лес			
subhashita-beginner	лето				
subhashita-beginner	лицо	ртом			
subhashita-beginner	лишается дыхания	их			
subhashita-beginner	лишения				
subhashita-beginner	ложно	ложно			
subhashita-beginner	любящий	возлюбленный			
subhashita-beginner	люди	люди			
subhashita-beginner	малати	малати			
subhashita-beginner	мало	мало			
subhashita-beginner	мальчика				
subhashita-beginner	мантры	мантры			
subhashita-beginner	между	пространство			
subhashita-beginner	меняются				
subhashita-beginner	местожительство	покои			
subhashita-beginner	милых	прекрасно			
subhashita-beginner	минералами				
subhashita-beginner	минует	избегать			
subhashita-beginner	многочисленные				
subhashita-beginner	могучий	твердая			
subhashita-beginner	молоко	молоко			
subhashita-beginner	мудрец	мудреца			
subhashita-beginner	мудрость	мудрость			
subhashita-beginner	мудрые	мудрые			
subhashita-beginner	мудрый	мудрый			
subhashita-beginner	мужа	муж			
subhashita-beginner	мужей	мужей			
subhashita-beginner	мутные	Дурные			
subhashita-beginner	на	землю			
subhashita-beginner	на помощь	извергая			
subhashita-beginner	надежда	надежда			
subhashita-beginner	наделенный	потоки			
subhashita-beginner	наложил	бывает наделен			
subhashita-beginner	направил	Шри			
subhashita-beginner	наслаждайся	пища			
subhashita-beginner	насытиться	удовлетворение			
subhashita-beginner	находящаяся в стороне	равнодушный			
subhashita-beginner	не	не			
subhashita-beginner	не дожидаясь	не дожидаясь			
subhashita-beginner	не удовлетворив				
subhashita-beginner	не-артха	не-артха			
subhashita-beginner	небесные	небесные			
subhashita-beginner	неблагодарный				
subhashita-beginner	невечен	невечно			
subhashita-beginner	нежноголосая	голоса			
subhashita-beginner	немые	немые			
subhashita-beginner	необычно				
subhashita-beginner	неодолимый				
subhashita-beginner	неподвижное	неподвижное			
subhashita-beginner	неприятное	неприятное			
subhashita-beginner	несчастье				
subhashita-beginner	неусыпной				
subhashita-beginner	никогда	никогда			
subhashita-beginner	нищие				
subhashita-beginner	ногами	след			
subhashita-beginner	нравится	привыкший			
subhashita-beginner	о				
subhashita-beginner	оба	оба			
subhashita-beginner	обидчики				
subhashita-beginner	обитель	обитель			
subhashita-beginner	облака	облако			
subhashita-beginner	обретает	обретает			
subhashita-beginner	объятие				
subhashita-beginner	ограничение				
subhashita-beginner	окажу помощь				
subhashita-beginner	океан	с океаном			
subhashita-beginner	окруженный	выбирает			
subhashita-beginner	окружив	принятие			
subhashita-beginner	омывшись	омывшись			
subhashita-beginner	он	его			
subhashita-beginner	оружие	оружие			
subhashita-beginner	освобождается				
subhashita-beginner	освобожденный	освобожденное			
subhashita-beginner	осеней	осенью			
subhashita-beginner	оставив				
subhashita-beginner	отврати	кто			
subhashita-beginner	отдай	дает			
subhashita-beginner	отец	отец			
subhashita-beginner	относятся	вращаются			
subhashita-beginner	отправился	ушел			
subhashita-beginner	отряхнулся	сверкает			
subhashita-beginner	охраняемый	охраняемый			
subhashita-beginner	павлинов				
subhashita-beginner	перевоплощается	в сансаре			
subhashita-beginner	перегоняя друг друга	из соперничества			
subhashita-beginner	племен	входят			
subhashita-beginner	по				
subhashita-beginner	победить	от рождения			
subhashita-beginner	погибли				
subhashita-beginner	погибнет				
subhashita-beginner	поглощается	перешагивать			
subhashita-beginner	подняв	напряжением сил			
subhashita-beginner	подобает				
subhashita-beginner	поедает	начало			
subhashita-beginner	поиски помощи	Саншрая			
subhashita-beginner	попрекает	презрение			
subhashita-beginner	попросил	просят			
subhashita-beginner	посеяно	или			
subhashita-beginner	последовательность	постепенно			
subhashita-beginner	послушание	послушанием			
subhashita-beginner	посовещавшись	совет			
subhashita-beginner	потомство	потомство			
subhashita-beginner	почва	кто			
subhashita-beginner	почитают	почитает			
subhashita-beginner	почтительно	смиренно			
subhashita-beginner	поэт	поэт			
subhashita-beginner	поэтому	поэтому			
subhashita-beginner	правильно	она			
subhashita-beginner	пребывает	стоят			
subhashita-beginner	превосходит	особенно			
subhashita-beginner	прибегаю				
subhashita-beginner	приближающегося	срок жизни			
subhashita-beginner	привлекут	происхождение			
subhashita-beginner	привязанный	привязанность			
subhashita-beginner	призывом				
subhashita-beginner	прими				
subhashita-beginner	принеси	жена			
subhashita-beginner	приносить	помогают			
subhashita-beginner	принял	принять			
subhashita-beginner	приплясывая				
subhashita-beginner	причина	причина			
subhashita-beginner	пришел				
subhashita-beginner	произнося				
subhashita-beginner	происходила	поведение			
subhashita-beginner	проклял	проклинает			
subhashita-beginner	пронзил	при разрывании			
subhashita-beginner	просим	который			
subhashita-beginner	прославленный				
subhashita-beginner	простить	терпеливый			
subhashita-beginner	противодействовать				
subhashita-beginner	протянулся	эти			
subhashita-beginner	пути				
subhashita-beginner	путь	пути			
subhashita-beginner	пчелы				
subhashita-beginner	пьянящего	Мадира			
subhashita-beginner	пять-шесть				
subhashita-beginner	равнодушия				
subhashita-beginner	радуются				
subhashita-beginner	разгневался	гневались			
subhashita-beginner	разгневанный	гневайся			
subhashita-beginner	различные	различные			
subhashita-beginner	раскрывающийся				
subhashita-beginner	расположились	проник			
subhashita-beginner	река	река			
subhashita-beginner	решив	определенно			
subhashita-beginner	род	в роду			
subhashita-beginner	родила	свою			
subhashita-beginner	родился	в рожденном			
subhashita-beginner	родственники	родственников			
subhashita-beginner	рождение	рождение			
subhashita-beginner	руки	в руках			
subhashita-beginner	с	с			
subhashita-beginner	с бритой головой				
subhashita-beginner	самана	общем			
subhashita-beginner	самая последняя				
subhashita-beginner	сандалом	сандаловой мазью			
subhashita-beginner	сверкает	царь			
subhashita-beginner	свой	свой			
subhashita-beginner	свой долг	своей дхарме			
subhashita-beginner	связано	не			
subhashita-beginner	связь				
subhashita-beginner	сделал	дела			
subhashita-beginner	сегодня	сегодня			
subhashita-beginner	семя	семя			
subhashita-beginner	сердце	в сердце			
subhashita-beginner	сестра				
subhashita-beginner	сжигает	сгорела			
subhashita-beginner	скажи	наставлению			
subhashita-beginner	сказал				
subhashita-beginner	склоняется	сгибают			
subhashita-beginner	скорбит	скорбит			
subhashita-beginner	слабый	подавленным			
subhashita-beginner	слава	в славе			
subhashita-beginner	сладкую	сладкую			
subhashita-beginner	слепцу				
subhashita-beginner	служит	служением			
subhashita-beginner	смеясь				
subhashita-beginner	смилуйся	очищается			
subhashita-beginner	снова	снова			
subhashita-beginner	совершай	совершает			
subhashita-beginner	совершил				
subhashita-beginner	согласно правилу	согласно правилу			
subhashita-beginner	соединившись	сочетается			
subhashita-beginner	созревание				
subhashita-beginner	сосредоточить	сосредоточить			
subhashita-beginner	сотворил	творение			
subhashita-beginner	союзником	запряженной			
subhashita-beginner	спит	уснувшего			
subhashita-beginner	способен	возможно			
subhashita-beginner	стареет	старость			
subhashita-beginner	сто				
subhashita-beginner	стороны	месте			
subhashita-beginner	страдают	слабости			
subhashita-beginner	стремится	проведем			
subhashita-beginner	стыдливая				
subhashita-beginner	счастлив	счастье			
subhashita-beginner	считаю	ум			
subhashita-beginner	сын	сыном			
subhashita-beginner	так	так			
subhashita-beginner	также	также			
subhashita-beginner	такое	такое			
subhashita-beginner	такой	против			
subhashita-beginner	там	там			
subhashita-beginner	тело	телом			
subhashita-beginner	тиртхе	тиртхе			
subhashita-beginner	только	только			
subhashita-beginner	тонкие	тонкое			
subhashita-beginner	трава				
subhashita-beginner	третий	третья			
subhashita-beginner	три	трех			
subhashita-beginner	тщетными	напрасными			
subhashita-beginner	ты	в тебе			
subhashita-beginner	тысяч	тысячи			
subhashita-beginner	у кого побежденные привязанности и пороки	вечером			
subhashita-beginner	убит	убивается			
subhashita-beginner	увидев	видны			
subhashita-beginner	увлеченная, любовно танцует	враги			
subhashita-beginner	увы	увы			
subhashita-beginner	уединенном				
subhashita-beginner	ум	мыслью			
subhashita-beginner	умирает	смерть			
subhashita-beginner	упал				
subhashita-beginner	употребляется				
subhashita-beginner	упражняется	навыкомъ			
subhashita-beginner	услышав	слышит			
subhashita-beginner	устанавливается	будут действенными			
subhashita-beginner	ученик	ученик			
subhashita-beginner	ученость				
subhashita-beginner	функция				
subhashita-beginner	хорошо	добродетельные			
subhashita-beginner	хочу	считается			
subhashita-beginner	хуже	затмивший			
subhashita-beginner	цари	царям			
subhashita-beginner	царь				
subhashita-beginner	царь зверей	царь зверей			
subhashita-beginner	цветами	доброжелательны			
subhashita-beginner	целует				
subhashita-beginner	человек	люди			
subhashita-beginner	через	через			
subhashita-beginner	четыре	четыре			
subhashita-beginner	чистый	очищение			
subhashita-beginner	читает				
subhashita-beginner	что	которого			
subhashita-beginner	чувства	чувства			
subhashita-beginner	шастры	наставления			
subhashita-beginner	шкуры	шкуры лани			
subhashita-beginner	шпионов				
subhashita-beginner	щеки	щеки			
subhashita-beginner	эти	тебе			
subhashita-beginner	это	это			
subhashita-beginner	я	от меня			
subhashita-beginner	язык	язык			
