rule	category	count	pct	examples
a a → ā	vowel coalescence	193	10.04	śakyasamucchedatve 'pi ca śāstraviṣayasya jñānasyānupāyatvād vā sukarasyopāyāntarasya sadbhāvād vā jñānasya+an→jñānasyānupāyatvād · tatra na tāvad duḥkhaṃ nāsti nāpyajihāsitam ity uktaṃ duḥkhatrayābhighātād iti na+asti→nāsti · tatra na tāvad duḥkhaṃ nāsti nāpyajihāsitam ity uktaṃ duḥkhatrayābhighātād iti na+api→nāpyajihāsitam · upasarjanasyāpi buddhyā saṃnikṛṣṭasya tadā parāmarśaḥ upasarjanasya+api→upasarjanasyāpi
m p → ṃ p	anusvāra / nasal	74	3.85	tad etat pratyātmani vedanīyaṃ duḥkhaṃ rajaḥpariṇāmabhedo na śakyaṃ pratyākhyātum śakyaṃ+pratyākhyātum · arke cenmadhu vindeta kim arthaṃ parvataṃ vrajet arthaṃ+parvataṃ · asyāṃ pratijñāyāṃ hetum āha sa hyaviśuddhikṣayātiśayayuktaḥ asyāṃ+pratijñāyāṃ · atha pramādataḥ prāyaścittam api nācaritaṃ pradhānakarmavipākasamaye ca pacyate tathāpi yāvad asāv anarthaṃ sūte tāvat sapratyavamarṣaḥ ācaritam→nācaritaṃ +pradhāna
a ā → ā	vowel coalescence	71	3.69	tatrādhyātmikaṃ dvividhaṃ śārīraṃ mānasaṃ ca tatra+ādhyātmikam→tatrādhyātmikaṃ · tatrādhibhautikaṃ mānuṣapaśumṛgapakṣisarīsṛpasthāvaranimittam tatra+ādhibhautikam→tatrādhibhautikaṃ · yathāvidhi rasāyanakāminīnītiśāstrābhyāsamantrādyupayoge 'pi tasya tasyādhyātmikāder duḥkhasyānivṛtter darśanāt anaikāntikatvaṃ nivṛttasyāpi punarutpattidarśanād anātyantikatvam iti sukaro 'pyaikāntikātyantikaduḥkhanivṛtter na dṛṣṭa upāya iti nāpārthā jijñāsetyarthaḥ tasya+ādhyātmika→tasyādhyātmikāder · aikāntikātyantikaduḥkhapratīkārānupāyatvasyobhayatrāpi tulyatvāt aikāntika+ātyantika→aikāntikātyantikaduḥkhapratīkārānupāyatvasyobhayatrāpi
m v → ṃ v	anusvāra / nasal	61	3.17	jihāsitaṃ vāśakyasamucchedam jihāsitaṃ+vā · śārīraṃ vātapittaśleṣmaṇāṃ vaiṣamyanimittam śārīraṃ+vāta · śārīraṃ vātapittaśleṣmaṇāṃ vaiṣamyanimittam śleṣmaṇām→vātapittaśleṣmaṇāṃ +vaiṣamya · arke cenmadhu vindeta kim arthaṃ parvataṃ vrajet parvataṃ+vrajet
i a → y a	vowel coalescence	55	2.86	yadyapi na saṃnirudhyate duḥkhaṃ tathāpi tadabhibhavaḥ śakyaṃ kartum ityupariṣṭānnivedayiṣyate yadi+api→yadyapi · yadyapi duḥkham amaṅgalaṃ tathāpi tadapaghāto maṅgalam eveti yuktaṃ tatkīrtanam iti yadi+api→yadyapi · yadyapyānuśravika iti sāmānyābhidhānaṃ tathāpi karmakalāpābhiprāyaṃ draṣṭavyaṃ vivekajñānasyāpy ānuśravikatvāt yadi+api→yadyapyānuśravika · asyāṃ pratijñāyāṃ hetum āha sa hyaviśuddhikṣayātiśayayuktaḥ hi+aviśuddhi→hyaviśuddhikṣayātiśayayuktaḥ
m t → ṃ t	anusvāra / nasal	54	2.81	duḥkhānāṃ trayaṃ duḥkhatrayam duḥkhānāṃ+trayaṃ · yadyapi na saṃnirudhyate duḥkhaṃ tathāpi tadabhibhavaḥ śakyaṃ kartum ityupariṣṭānnivedayiṣyate duḥkhaṃ+tathā · tathā copapannaṃ tadapaghātake hetāviti upapannam→copapannaṃ +tad · yadyapi duḥkham amaṅgalaṃ tathāpi tadapaghāto maṅgalam eveti yuktaṃ tatkīrtanam iti yuktaṃ+tad
ḥ i → Ø i	visarga	49	2.55	apaghātakaś ca hetuḥ śāstravyutpādyo nānya ityāśayaḥ anyaḥ→nānya +iti · tathādhidaivikasya duḥkhasya maṇimantrādyupayogaḥ sukaraḥ pratīkāropāya iti upāyaḥ→pratīkāropāya +iti · yathāvidhi rasāyanakāminīnītiśāstrābhyāsamantrādyupayoge 'pi tasya tasyādhyātmikāder duḥkhasyānivṛtter darśanāt anaikāntikatvaṃ nivṛttasyāpi punarutpattidarśanād anātyantikatvam iti sukaro 'pyaikāntikātyantikaduḥkhanivṛtter na dṛṣṭa upāya iti nāpārthā jijñāsetyarthaḥ upāya+iti · tatra bhava ānuśravikas tatra prāpto jñāta iti yāvat jñāta+iti
t a → d a	consonant / other	47	2.45	tad anena duḥkhatrayeṇāntaḥkaraṇavartinā cetanāśakteḥ pratikūlatayābhisambandho 'bhighātaḥ tad+anena · yathāvidhi rasāyanakāminīnītiśāstrābhyāsamantrādyupayoge 'pi tasya tasyādhyātmikāder duḥkhasyānivṛtter darśanāt anaikāntikatvaṃ nivṛttasyāpi punarutpattidarśanād anātyantikatvam iti sukaro 'pyaikāntikātyantikaduḥkhanivṛtter na dṛṣṭa upāya iti nāpārthā jijñāsetyarthaḥ darśanāt→punarutpattidarśanād +an · gurupāṭhād anuśrūyata ityanuśravo vedaḥ pāṭhāt→gurupāṭhād +anuśrūyata · atha pramādataḥ prāyaścittam api nācaritaṃ pradhānakarmavipākasamaye ca pacyate tathāpi yāvad asāv anarthaṃ sūte tāvat sapratyavamarṣaḥ yāvad+asāv
m s → ṃ s	anusvāra / nasal	45	2.34	astu duḥkhatrayaṃ jihāsatu ca taccetano bhavatu ca tacchakyahānaṃ sahatāṃ ca śāstragamya upāyastad ucchettum hānam→tacchakyahānaṃ +sahatāṃ · atha pramādataḥ prāyaścittam api nācaritaṃ pradhānakarmavipākasamaye ca pacyate tathāpi yāvad asāv anarthaṃ sūte tāvat sapratyavamarṣaḥ anarthaṃ+sūte · yad āhur ābhūtasaṃplavaṃ sthānam amṛtatvaṃ hi bhāṣyate ābhūtasaṃplavaṃ+sthānam · tad evaṃ prekṣāvadapekṣitārthatvena śāstrārambhaṃ samādhāya śāstram ārabhamāṇaḥ śrotur buddhisamavadhānāya tadarthaṃ saṃkṣepataḥ pratijānīte ārambham→śāstrārambhaṃ +samādhāya
m k → ṃ k	anusvāra / nasal	42	2.19	mānasaṃ kāmakrodhalobhamohabhayerṣyāviṣayaviśeṣadarśananibandhanam mānasaṃ+kāma · yadyapi na saṃnirudhyate duḥkhaṃ tathāpi tadabhibhavaḥ śakyaṃ kartum ityupariṣṭānnivedayiṣyate śakyaṃ+kartum · tathāpare ṛṣayo manīṣiṇaḥ paraṃ karmabhyo 'mṛtatvam ānaśuḥ paraṃ+karmabhyo · śrutismṛtītihāsapurāṇebhyo vyaktādīn vivekena śrutvā śāstrayuktyā ca vyavasthāpya dīrghakālādaranairantaryasatkārasevitād bhāvanāmayāt tattvābhyāsān nāsmi na me nāham ityapariśeṣam aviparyayād viśuddhaṃ kevalam utpadyate jñānam iti viśuddhaṃ+kevalam
m c → ṃ c	anusvāra / nasal	38	1.98	tat khalv ādhyātmikam ādhibhautikam ādhidaivikaṃ ca ādhidaivikaṃ+ca · tatrādhyātmikaṃ dvividhaṃ śārīraṃ mānasaṃ ca mānasaṃ+ca · sarvaṃ caitad āntaropāyasādhyatvād ādhyātmikaṃ duḥkham sarvaṃ+ca · ādhibhautikam ādhidaivikaṃ ca ādhidaivikaṃ+ca
ḥ t → s t	visarga	35	1.82	tasya duḥkhatrayasyāpaghātakas tadapaghātakaḥ apaghātakaḥ→duḥkhatrayasyāpaghātakas +tad · astu duḥkhatrayaṃ jihāsatu ca taccetano bhavatu ca tacchakyahānaṃ sahatāṃ ca śāstragamya upāyastad ucchettum upāyaḥ+tat→upāyastad · ekāntātyantata iti ṣaṣṭhīsthāne sārvavibhaktikas tasiḥ sārvavibhaktikas+tasiḥ · tatra bhava ānuśravikas tatra prāpto jñāta iti yāvat ānuśravikas+tatra
aḥ a → o a	visarga	31	1.61	tad anena duḥkhatrayeṇāntaḥkaraṇavartinā cetanāśakteḥ pratikūlatayābhisambandho 'bhighātaḥ abhisambandhaḥ→pratikūlatayābhisambandho +'bhighātaḥ · yathāvidhi rasāyanakāminīnītiśāstrābhyāsamantrādyupayoge 'pi tasya tasyādhyātmikāder duḥkhasyānivṛtter darśanāt anaikāntikatvaṃ nivṛttasyāpi punarutpattidarśanād anātyantikatvam iti sukaro 'pyaikāntikātyantikaduḥkhanivṛtter na dṛṣṭa upāya iti nāpārthā jijñāsetyarthaḥ sukaro+api · tathāpare ṛṣayo manīṣiṇaḥ paraṃ karmabhyo 'mṛtatvam ānaśuḥ karmabhyo+amṛta · tasmād ānuśravikād duḥkhāpaghātakād upāyāt somāder aviśuddhād anityasātiśayaphalād viparīto viśuddho hiṃsādisaṅkarabhāvān nityaniratiśayaphalo 'sakṛdapunarāvṛttiśruteḥ phalaḥ→nityaniratiśayaphalo +asakṛt
t v → d v	consonant / other	30	1.56	sad vā jihāsitam sad+vā · duḥkhasya nityatvād vā taducchedopāyāparijñānād vā tvāt→nityatvād +vā · duḥkhasya nityatvād vā taducchedopāyāparijñānād vā aparijñānāt→taducchedopāyāparijñānād +vā · śakyasamucchedatve 'pi ca śāstraviṣayasya jñānasyānupāyatvād vā sukarasyopāyāntarasya sadbhāvād vā sadbhāvād+vā
e i → a i	vowel coalescence	30	1.56	gurupāṭhād anuśrūyata ityanuśravo vedaḥ anuśrūyata+iti · śrūyata eva param na kenacit kriyata iti kriyata+iti · tathā ca śrūyata ātmā jñātavyaḥ prakṛtito vivektavyaḥ na sa punar āvartata iti āvartata+iti · na ca mā hiṃsyāt sarvā bhūtānīti sāmānyaśāstraṃ viśeṣaśāstreṇāgnīṣomīyaṃ paśum ālabhetetyanena bādhyata iti yuktam bādhyata+iti
m n → ṃ n	anusvāra / nasal	29	1.51	evaṃ hi śāstraviṣayo na jijñāsyeta yadi duḥkhaṃ nāma jagati na syāt duḥkhaṃ+nāma · tatra na tāvad duḥkhaṃ nāsti nāpyajihāsitam ity uktaṃ duḥkhatrayābhighātād iti duḥkhaṃ+na · yathāvidhi rasāyanakāminīnītiśāstrābhyāsamantrādyupayoge 'pi tasya tasyādhyātmikāder duḥkhasyānivṛtter darśanāt anaikāntikatvaṃ nivṛttasyāpi punarutpattidarśanād anātyantikatvam iti sukaro 'pyaikāntikātyantikaduḥkhanivṛtter na dṛṣṭa upāya iti nāpārthā jijñāsetyarthaḥ tvam→anaikāntikatvaṃ +nivṛttasya · pareṇa nākaṃ nihitaṃ guhāyāṃ vibhrājate yad yatayo viśanti nākaṃ+nihitaṃ
a u → o	vowel coalescence	28	1.46	śakyasamucchedatve 'pi ca śāstraviṣayasya jñānasyānupāyatvād vā sukarasyopāyāntarasya sadbhāvād vā sukarasya+upāya→sukarasyopāyāntarasya · sarvaṃ caitad āntaropāyasādhyatvād ādhyātmikaṃ duḥkham āntara+upāya→āntaropāyasādhyatvād · bāhyopāyasādhyaṃ duḥkhaṃ dvedhā bāhya+upāya→bāhyopāyasādhyaṃ · tathā copapannaṃ tadapaghātake hetāviti ca+upapannam→copapannaṃ
aḥ v → o v	visarga	27	1.4	iṣṭasyārthasya saṃsiddhau ko vidvān yatnam ācaret ko+vidvān · gurupāṭhād anuśrūyata ityanuśravo vedaḥ anuśravaḥ→ityanuśravo +vedaḥ · pareṇa nākaṃ nihitaṃ guhāyāṃ vibhrājate yad yatayo viśanti yatayo+viśanti · tasmād ānuśravikād duḥkhāpaghātakād upāyāt somāder aviśuddhād anityasātiśayaphalād viparīto viśuddho hiṃsādisaṅkarabhāvān nityaniratiśayaphalo 'sakṛdapunarāvṛttiśruteḥ viparīto+viśuddho
t i → d i	consonant / other	26	1.35	tatra na tāvad duḥkhaṃ nāsti nāpyajihāsitam ity uktaṃ duḥkhatrayābhighātād iti abhighātāt→duḥkhatrayābhighātād +iti · mā hiṃsyād iti niṣedhena hiṃsāyā anarthahetubhāvo jñāpyate na tvakratvarthatvam api hiṃsyād+iti · ata uktaṃ vyaktāvyaktajñavijñānād iti vijñānāt→vyaktāvyaktajñavijñānād +iti · kasmād iti kasmād+iti
ā a → ā	vowel coalescence	25	1.3	jihāsitaṃ vāśakyasamucchedam vā+aśakya→vāśakyasamucchedam · yadyapi na saṃnirudhyate duḥkhaṃ tathāpi tadabhibhavaḥ śakyaṃ kartum ityupariṣṭānnivedayiṣyate tathā+api→tathāpi · atra śaṅkate dṛṣṭe sāpārthā cet sā+apārthā→sāpārthā · tathāpyatra prekṣāvatāṃ jijñāsāyuktā tathā+api→tathāpyatra
a i → e	vowel coalescence	25	1.3	neti na+iti→neti · yadyapi duḥkham amaṅgalaṃ tathāpi tadapaghāto maṅgalam eveti yuktaṃ tatkīrtanam iti eva+iti→eveti · tathā hi śrūyate apāma somam amṛtā abhūmeti abhūma+iti→abhūmeti · na ca mā hiṃsyāt sarvā bhūtānīti sāmānyaśāstraṃ viśeṣaśāstreṇāgnīṣomīyaṃ paśum ālabhetetyanena bādhyata iti yuktam ālabheta+iti→ālabhetetyanena
t e → d e	consonant / other	24	1.25	tad etat pratyātmani vedanīyaṃ duḥkhaṃ rajaḥpariṇāmabhedo na śakyaṃ pratyākhyātum tad+etat · tad etat sarvam abhipretyāha tadviparītaḥ śreyān tad+etat · tad evaṃ prekṣāvadapekṣitārthatvena śāstrārambhaṃ samādhāya śāstram ārabhamāṇaḥ śrotur buddhisamavadhānāya tadarthaṃ saṃkṣepataḥ pratijānīte tad+evaṃ · syād etat syād+etat
i ā → y ā	vowel coalescence	23	1.2	tad etat pratyātmani vedanīyaṃ duḥkhaṃ rajaḥpariṇāmabhedo na śakyaṃ pratyākhyātum prati+ātmani→pratyātmani · apaghātakaś ca hetuḥ śāstravyutpādyo nānya ityāśayaḥ iti+āśayaḥ→ityāśayaḥ · yadyapyānuśravika iti sāmānyābhidhānaṃ tathāpi karmakalāpābhiprāyaṃ draṣṭavyaṃ vivekajñānasyāpy ānuśravikatvāt api→vivekajñānasyāpy +ānuśravika · dhūmādir vyāpyo vahnyādir vyāpaka iti yaḥ pratyayastatpūrvakam vahni+ādiḥ→vahnyādir
m bh → ṃ bh	anusvāra / nasal	23	1.2	ekānto duḥkhanivṛtter avaśyaṃbhāvaḥ avaśyam+bhāvaḥ→avaśyaṃbhāvaḥ · etad uktaṃ bhavati uktaṃ+bhavati · etad uktaṃ bhavati uktaṃ+bhavati · tena liṅgam asyāstīti pakṣadharmatājñānam api darśitaṃ bhavati darśitaṃ+bhavati
aḥ n → o n	visarga	22	1.14	evaṃ hi śāstraviṣayo na jijñāsyeta yadi duḥkhaṃ nāma jagati na syāt viṣayaḥ→śāstraviṣayo +na · tad etat pratyātmani vedanīyaṃ duḥkhaṃ rajaḥpariṇāmabhedo na śakyaṃ pratyākhyātum bhedaḥ→rajaḥpariṇāmabhedo +na · apaghātakaś ca hetuḥ śāstravyutpādyo nānya ityāśayaḥ vyutpādyaḥ→śāstravyutpādyo +na · karmabhir mṛtyum ṛṣayo niṣeduḥ prajāvanto draviṇam īhamānāḥ ṛṣayo+niṣeduḥ
m d → ṃ d	anusvāra / nasal	22	1.14	tatra na tāvad duḥkhaṃ nāsti nāpyajihāsitam ity uktaṃ duḥkhatrayābhighātād iti uktaṃ+duḥkha · duḥkhānāṃ trayaṃ duḥkhatrayam trayaṃ+duḥkha · tatrādhyātmikaṃ dvividhaṃ śārīraṃ mānasaṃ ca ādhyātmikam→tatrādhyātmikaṃ +dvividhaṃ · sarvaṃ caitad āntaropāyasādhyatvād ādhyātmikaṃ duḥkham ādhyātmikaṃ+duḥkham
s ā → Ø ā	consonant / other	20	1.04	ata āha prakṛtir avikṛtiḥ ata+āha · ata āha dṛṣṭam anumānam āptavacanaṃ ceti ata+āha · ata āha sarvapramāṇasiddhatvāt ata+āha · ata āha prameyasiddhiḥ pramāṇāddhi ata+āha
a e → ai	vowel coalescence	19	0.99	sarvaṃ caitad āntaropāyasādhyatvād ādhyātmikaṃ duḥkham ca+etat→caitad · dṛṣṭasyaivopāyasya taducchedakasya sukarasya vidyamānatvāttattvajñānasya tv anekajanmābhyāsaparamparāyāsasādhyatayātiduṣkaratvāt dṛṣṭasya+eva→dṛṣṭasyaivopāyasya · na caiṣa kṣayī ca+eṣa→caiṣa · na karmaṇā na prajayā dhanena tyāgenaike amṛtatvam ānaśuḥ tyāgena+eke→tyāgenaike
t u → d u	consonant / other	19	0.99	astu duḥkhatrayaṃ jihāsatu ca taccetano bhavatu ca tacchakyahānaṃ sahatāṃ ca śāstragamya upāyastad ucchettum tat→upāyastad +ucchettum · etad uktaṃ bhavati etad+uktaṃ · etad uktam bhavati etad+uktam · tasmād ānuśravikād duḥkhāpaghātakād upāyāt somāder aviśuddhād anityasātiśayaphalād viparīto viśuddho hiṃsādisaṅkarabhāvān nityaniratiśayaphalo 'sakṛdapunarāvṛttiśruteḥ apaghātakāt→duḥkhāpaghātakād +upāyāt
ḥ e → Ø e	visarga	19	0.99	tayor ekāntātyantayor abhāva ekāntātyantato 'bhāvaḥ abhāva+ekānta · pañca bhūtānyekādaśendriyāṇīti ṣoḍaśako gaṇo vikāra eva na ca prakṛtiḥ yadyapi pṛthivyādīnām api govṛkṣādayo vikārā evaṃ tadvikārabhedānāṃ payobījādīnāṃ dadhyaṅkurādayastathāpi gavādayo bījādayo vā na pṛthivyādibhyas tattvāntaram vikāra+eva · pañca bhūtānyekādaśendriyāṇīti ṣoḍaśako gaṇo vikāra eva na ca prakṛtiḥ yadyapi pṛthivyādīnām api govṛkṣādayo vikārā evaṃ tadvikārabhedānāṃ payobījādīnāṃ dadhyaṅkurādayastathāpi gavādayo bījādayo vā na pṛthivyādibhyas tattvāntaram vikārā+evaṃ · sa eva viṣayatayā yasyāstyanumānasya taccheṣavad yad āhuḥ prasaktapratiṣedhe 'nyatrāprasaṅgācchiṣyamāṇe saṃpratyaya iti sa+eva
i i → ī	vowel coalescence	19	0.99	na ca mā hiṃsyāt sarvā bhūtānīti sāmānyaśāstraṃ viśeṣaśāstreṇāgnīṣomīyaṃ paśum ālabhetetyanena bādhyata iti yuktam bhūtāni+iti→bhūtānīti · prakarotīti prakṛtiḥ pradhānaṃ sattvarajastamasāṃ sāmyāvasthā prakaroti+iti→prakarotīti · na cānavasthāyāṃ pramāṇam astīti bhāvaḥ asti+iti→astīti · saṃgirante hi vādina upamānādīnyapi pramāṇānīti pramāṇāni+iti→pramāṇānīti
ḥ c → ś c	visarga	18	0.94	apaghātakaś ca hetuḥ śāstravyutpādyo nānya ityāśayaḥ apaghātakaś+ca · sā hi puruṣasya doṣam āvakṣyati kratoś copakariṣyatīti kratoś+ca · vyaktaṃ cāvyaktaṃ ca jñaśca vyaktāvyaktajñās teṣāṃ vijñānaṃ vivekena jñānaṃ vyaktāvyaktajñavijñānam jñaḥ+ca→jñaśca · prakṛtayaśca tā vikṛtayaśceti prakṛtivikṛtayaḥ sapta prakṛtayaḥ+ca→prakṛtayaśca
t y → d y	consonant / other	18	0.94	pareṇa nākaṃ nihitaṃ guhāyāṃ vibhrājate yad yatayo viśanti yad+yatayo · sa eva viṣayatayā yasyāstyanumānasya taccheṣavad yad āhuḥ prasaktapratiṣedhe 'nyatrāprasaṅgācchiṣyamāṇe saṃpratyaya iti śeṣavat→taccheṣavad +yad · upamānaṃ tāvad yathā gaustathā gavaya iti vākyam tāvad+yathā · na tāvad yatrakvacanasattvasyāsti virodho gṛhāsattvena bhinnaviṣayatvāt tāvad+yatra
m y → ṃ y	anusvāra / nasal	16	0.83	ādhidaivikaṃ yakṣarākṣasavināyakagrahādyāveśanibandhanam ādhidaivikaṃ+yakṣa · ārṣaṃ tu vijñānaṃ yogināṃ na lokapratipādanāyālam iti sad api nābhihitam anadhikārāt vijñānaṃ+yogināṃ · śaṅkitasamāropitopādhinirākaraṇena svabhāvapratibaddhaṃ vyāpyaṃ yena pratibaddhaṃ tad vyāpakam vyāpyaṃ+yena · dṛṣṭasvalakṣaṇasāmānyaviṣayaṃ yat tat pūrvavat viṣayam→dṛṣṭasvalakṣaṇasāmānyaviṣayaṃ +yat
ā i → e	vowel coalescence	16	0.83	yathāvidhi rasāyanakāminīnītiśāstrābhyāsamantrādyupayoge 'pi tasya tasyādhyātmikāder duḥkhasyānivṛtter darśanāt anaikāntikatvaṃ nivṛttasyāpi punarutpattidarśanād anātyantikatvam iti sukaro 'pyaikāntikātyantikaduḥkhanivṛtter na dṛṣṭa upāya iti nāpārthā jijñāsetyarthaḥ jijñāsā+iti→jijñāsetyarthaḥ · tasmād vaidikasya tāpatrayapratīkārahetor muhūrtayāmāhorātramāsasaṃvatsarādinirvartanīyatayānekajanmaparaṃparāyāsasaṃpādanīyād vivekajñānād īṣatkaratvāt punar api vyarthā jijñāsetyāśaṅkyāha jijñāsā+iti→jijñāsetyāśaṅkyāha · seyam āryārthakramānurodhena pāṭhakramam anādṛtya vyākhyātā sā+iyam→seyam · guṇakartṛtve ca tathā karteva bhavatyudāsīnaḥ kartā+iva→karteva
ḥ a → Ø a	visarga	16	0.83	tathā hi śrūyate apāma somam amṛtā abhūmeti amṛtā+abhūma · mā hiṃsyād iti niṣedhena hiṃsāyā anarthahetubhāvo jñāpyate na tvakratvarthatvam api hiṃsāyā+anartha · apāma somam amṛtā abhūmeti cāmṛtābhidhānaṃ cirasthemānam upalakṣayati amṛtā+abhūma · tisro vidhā asya pramāṇasāmānyasyeti trividhaṃ na nyūnaṃ nāpyadhikam ityarthaḥ vidhā+asya
t ā → d ā	consonant / other	14	0.73	sarvaṃ caitad āntaropāyasādhyatvād ādhyātmikaṃ duḥkham etat→caitad +āntara · sarvaṃ caitad āntaropāyasādhyatvād ādhyātmikaṃ duḥkham tvāt→āntaropāyasādhyatvād +ādhyātmikaṃ · yad āhur ābhūtasaṃplavaṃ sthānam amṛtatvaṃ hi bhāṣyate yad+āhur · tasmād ānuśravikād duḥkhāpaghātakād upāyāt somāder aviśuddhād anityasātiśayaphalād viparīto viśuddho hiṃsādisaṅkarabhāvān nityaniratiśayaphalo 'sakṛdapunarāvṛttiśruteḥ tasmād+ānuśravikād
ḥ i → r i	visarga	14	0.73	kutaḥ punar asyotpattir iti utpattiḥ→asyotpattir +iti · tatra kā prakṛtir iti prakṛtir+iti · upāttaviṣayāṇām indriyāṇāṃ vṛttau satyāṃ buddhes tamo'bhibhave sati yaḥ sattvasamudrekaḥ so 'dhyavasāya iti ca vṛttir iti ca jñānam iti cākhyāyate vṛttir+iti · tasmānna pramāṇāntaram arthāpattir iti siddham arthāpattir+iti
i e → y e	vowel coalescence	14	0.73	pañca bhūtānyekādaśendriyāṇīti ṣoḍaśako gaṇo vikāra eva na ca prakṛtiḥ yadyapi pṛthivyādīnām api govṛkṣādayo vikārā evaṃ tadvikārabhedānāṃ payobījādīnāṃ dadhyaṅkurādayastathāpi gavādayo bījādayo vā na pṛthivyādibhyas tattvāntaram bhūtāni+ekādaśa→bhūtānyekādaśendriyāṇīti · yathā gaganakusumakūrmaromanaraviṣāṇādiṣu pratyakṣam apravartamānam tadabhāvam avagamayatyevam pradhānādiṣvapi avagamayati+evam→avagamayatyevam · tānyetānyavītānyabhedasādhakāni tāni+etāni→tānyetānyavītānyabhedasādhakāni · yathā pratyekaṃ viṣṭayo darśanalakṣaṇām arthakriyāṃ kurvanti na śibikāvahanaṃ militāstu śibikāṃ vahantyevaṃ tantavaḥ pratyekaṃ prāvaraṇam akurvāṇā api militā āvirbhūtapaṭabhāvāḥ prāvariṣyanti vahanti+evam→vahantyevaṃ
i u → y u	vowel coalescence	13	0.68	tatra na tāvad duḥkhaṃ nāsti nāpyajihāsitam ity uktaṃ duḥkhatrayābhighātād iti ity+uktaṃ · yadyapi na saṃnirudhyate duḥkhaṃ tathāpi tadabhibhavaḥ śakyaṃ kartum ityupariṣṭānnivedayiṣyate iti+upariṣṭāt→ityupariṣṭānnivedayiṣyate · etaccopapādayiṣyata ityuktam iti+uktam→ityuktam · guṇakartṛtve ca tathā karteva bhavatyudāsīnaḥ bhavati+udāsīnaḥ→bhavatyudāsīnaḥ
u a → v a	vowel coalescence	13	0.68	dṛṣṭasyaivopāyasya taducchedakasya sukarasya vidyamānatvāttattvajñānasya tv anekajanmābhyāsaparamparāyāsasādhyatayātiduṣkaratvāt tv+aneka · yathāha smātra bhagavān pañcaśikhācāryaḥ svalpaḥ saṅkaraḥ saparihāraḥ sapratyavamarṣa iti su+alpaḥ→svalpaḥ · svalpaḥ saṅkaro jyotiṣṭomādijanmanaḥ pradhānapūrvasya paśuhiṃsādijanmanānarthahetunāpūrveṇa saparihāraḥ su+alpaḥ→svalpaḥ · mā hiṃsyād iti niṣedhena hiṃsāyā anarthahetubhāvo jñāpyate na tvakratvarthatvam api tu+akratu→tvakratvarthatvam
aḥ g → o g	visarga	13	0.68	ṣoḍaśasaṃkhyāparimāṇo gaṇaḥ ṣoḍaśakaḥ parimāṇaḥ→ṣoḍaśasaṃkhyāparimāṇo +gaṇaḥ · pañca bhūtānyekādaśendriyāṇīti ṣoḍaśako gaṇo vikāra eva na ca prakṛtiḥ yadyapi pṛthivyādīnām api govṛkṣādayo vikārā evaṃ tadvikārabhedānāṃ payobījādīnāṃ dadhyaṅkurādayastathāpi gavādayo bījādayo vā na pṛthivyādibhyas tattvāntaram ṣoḍaśako+gaṇo · yo 'pyayaṃ gavayaśabdo gosadṛśavācaka iti pratyayaḥ so 'pyanumānam śabdaḥ→gavayaśabdo +go · yo hi śabdo yatra vṛddhaiḥ prayujyate so 'sati vṛttyantare tasya vācako yathā gośabdo gotvasya śabdaḥ→gośabdo +go
m ś → ṃ ś	anusvāra / nasal	12	0.62	tatrādhyātmikaṃ dvividhaṃ śārīraṃ mānasaṃ ca dvividhaṃ+śārīraṃ · santi copāyāḥ śataṃ śārīraduḥkhapratīkārāyeṣatkarā bhiṣajāṃ varair upadiṣṭāḥ śataṃ+śārīra · atha prameyavyutpādanāya pravṛttaṃ śāstraṃ kasmāt pramāṇaṃ sāmānyato viśeṣataśca lakṣayatīti pravṛttaṃ+śāstraṃ · tatrāvītaṃ śeṣavat avītam→tatrāvītaṃ +śeṣavat
ḥ u → Ø u	visarga	12	0.62	astu duḥkhatrayaṃ jihāsatu ca taccetano bhavatu ca tacchakyahānaṃ sahatāṃ ca śāstragamya upāyastad ucchettum gamyaḥ→śāstragamya +upāyaḥ · yathāvidhi rasāyanakāminīnītiśāstrābhyāsamantrādyupayoge 'pi tasya tasyādhyātmikāder duḥkhasyānivṛtter darśanāt anaikāntikatvaṃ nivṛttasyāpi punarutpattidarśanād anātyantikatvam iti sukaro 'pyaikāntikātyantikaduḥkhanivṛtter na dṛṣṭa upāya iti nāpārthā jijñāsetyarthaḥ dṛṣṭa+upāya · saṃgirante hi vādina upamānādīnyapi pramāṇānīti vādina+upamāna · asya cāvītasya vyatirekiṇa udāharaṇam agre 'bhidhāsyate vyatirekiṇa+udāharaṇam
aḥ h → o h	visarga	12	0.62	śakyo hi kiyatā prāyaścittena parihartum śakyo+hi · parasaṃpadutkarṣo hi hīnasaṃpadaṃ puruṣaṃ duḥkhākaroti utkarṣaḥ→parasaṃpadutkarṣo +hi · tasmād ānuśravikād duḥkhāpaghātakād upāyāt somāder aviśuddhād anityasātiśayaphalād viparīto viśuddho hiṃsādisaṅkarabhāvān nityaniratiśayaphalo 'sakṛdapunarāvṛttiśruteḥ viśuddho+hiṃsā · akṣarārthastu tasmād ānuśravikād duḥkhāpaghātakāddhetor viparītaḥ sattvapuruṣānyatāpratyayaḥ sākṣātkāro duḥkhāpaghātako hetuḥ apaghātakaḥ→duḥkhāpaghātako +hetuḥ
t n → n n	consonant / other	12	0.62	tasmād ānuśravikād duḥkhāpaghātakād upāyāt somāder aviśuddhād anityasātiśayaphalād viparīto viśuddho hiṃsādisaṅkarabhāvān nityaniratiśayaphalo 'sakṛdapunarāvṛttiśruteḥ bhāvāt→hiṃsādisaṅkarabhāvān +nitya · śrutismṛtītihāsapurāṇebhyo vyaktādīn vivekena śrutvā śāstrayuktyā ca vyavasthāpya dīrghakālādaranairantaryasatkārasevitād bhāvanāmayāt tattvābhyāsān nāsmi na me nāham ityapariśeṣam aviparyayād viśuddhaṃ kevalam utpadyate jñānam iti abhyāsāt→tattvābhyāsān +na · mā bhūnnyūnam adhikaṃ ca kasmānna bhavati bhūt+nyūnam→bhūnnyūnam · mā bhūnnyūnam adhikaṃ ca kasmānna bhavati kasmāt+na→kasmānna
ḥ v → r v	visarga	12	0.62	akṣarārthastu tasmād ānuśravikād duḥkhāpaghātakāddhetor viparītaḥ sattvapuruṣānyatāpratyayaḥ sākṣātkāro duḥkhāpaghātako hetuḥ hetoḥ→duḥkhāpaghātakāddhetor +viparītaḥ · tathā hi mahattattvam ahaṃkārasya prakṛtir vikṛtiśca mūlaprakṛteḥ prakṛtir+vikṛtiḥ · evam ahaṃkāratattvaṃ tanmātrāṇām indriyāṇāṃ ca prakṛtir vikṛtiśca mahataḥ prakṛtir+vikṛtiḥ · dhūmādir vyāpyo vahnyādir vyāpaka iti yaḥ pratyayastatpūrvakam ādiḥ→dhūmādir +vyāpyo
aḥ y → o y	visarga	12	0.62	yo hi śabdo yatra vṛddhaiḥ prayujyate so 'sati vṛttyantare tasya vācako yathā gośabdo gotvasya śabdo+yatra · yo hi śabdo yatra vṛddhaiḥ prayujyate so 'sati vṛttyantare tasya vācako yathā gośabdo gotvasya vācako+yathā · sa ca pariṇāmabheda aindriyaka iti nāsti pratyakṣānavaruddho viṣayo yatrābhāvāhvayaṃ pramāṇāntaram abhyupeyam iti viṣayo+yatra · śaktibheda eva tādṛśo yataḥ kiṃcid eva kāryaṃ na sarvam iti cet tādṛśo+yataḥ
ḥ a → ḥ '	visarga	11	0.57	tad anena duḥkhatrayeṇāntaḥkaraṇavartinā cetanāśakteḥ pratikūlatayābhisambandho 'bhighātaḥ abhisambandhaḥ+'bhighātaḥ · sattvapuruṣānyatāpratyayo 'pi praśasyaḥ pratyayaḥ+'pi · evaṃ buddhitattvasya sukhādayo 'pi pariṇāmabhedā acetanāḥ ādayaḥ+'pi · deśasāmānyena gṛhaviśeṣākṣepo 'pi pākṣika iti samānaviṣayatayā virodha iti cet ākṣepaḥ+'pi
ḥ a → r a	visarga	11	0.57	tayor ekāntātyantayor abhāva ekāntātyantato 'bhāvaḥ atyantayoḥ→ekāntātyantayor +abhāva · tasmād ānuśravikād duḥkhāpaghātakād upāyāt somāder aviśuddhād anityasātiśayaphalād viparīto viśuddho hiṃsādisaṅkarabhāvān nityaniratiśayaphalo 'sakṛdapunarāvṛttiśruteḥ ādeḥ→somāder +aviśuddhād · ata āha prakṛtir avikṛtiḥ prakṛtir+avikṛtiḥ · evam arthāpattir api na pramāṇāntaram arthāpattir+api
m g → ṃ g	anusvāra / nasal	11	0.57	pareṇa nākaṃ nihitaṃ guhāyāṃ vibhrājate yad yatayo viśanti nihitaṃ+guhāyāṃ · pramīyate 'neneti nirvacanāt pramāṃ prati karaṇatvaṃ gamyate tvam→karaṇatvaṃ +gamyate · yo 'pyayaṃ gavayaśabdo gosadṛśavācaka iti pratyayaḥ so 'pyanumānam ayam→'pyayaṃ +gavaya · ata eva smaryamāṇāyāṃ gavi gavayasādṛśyajñānaṃ pratyakṣam smaryamāṇāyāṃ+gavi
ī ā → y ā	vowel coalescence	11	0.57	pañca bhūtānyekādaśendriyāṇīti ṣoḍaśako gaṇo vikāra eva na ca prakṛtiḥ yadyapi pṛthivyādīnām api govṛkṣādayo vikārā evaṃ tadvikārabhedānāṃ payobījādīnāṃ dadhyaṅkurādayastathāpi gavādayo bījādayo vā na pṛthivyādibhyas tattvāntaram pṛthivī+ādīnām→pṛthivyādīnām · pañca bhūtānyekādaśendriyāṇīti ṣoḍaśako gaṇo vikāra eva na ca prakṛtiḥ yadyapi pṛthivyādīnām api govṛkṣādayo vikārā evaṃ tadvikārabhedānāṃ payobījādīnāṃ dadhyaṅkurādayastathāpi gavādayo bījādayo vā na pṛthivyādibhyas tattvāntaram pṛthivī+ādibhyaḥ→pṛthivyādibhyas · viṣayāḥ pṛthivyādayaḥ sukhādayaścāsmadādīnām aviṣayāśca tanmātralakṣaṇā yoginām ūrdhvasrotasāṃ ca viṣayāḥ pṛthivī+ādayaḥ→pṛthivyādayaḥ · tatra vyaktaṃ pṛthivyādisvarūpataḥ pāṃsulapado 'pi pratyakṣataḥ pratipadyate pūrvavatā cānumānena dhūmādidarśanād vahnyādīti tadvyutpādanāya mandaprayojanaṃ śāstram iti duradhigamam anena vyutpādanīyam pṛthivī+ādi→pṛthivyādisvarūpataḥ
m h → ṃ h	anusvāra / nasal	10	0.52	evaṃ hi śāstraviṣayo na jijñāsyeta yadi duḥkhaṃ nāma jagati na syāt evaṃ+hi · asyāṃ pratijñāyāṃ hetum āha sa hyaviśuddhikṣayātiśayayuktaḥ pratijñāyāṃ+hetum · yad āhur ābhūtasaṃplavaṃ sthānam amṛtatvaṃ hi bhāṣyate tvam→amṛtatvaṃ +hi · buddhitattvaṃ hi prākṛtatvād acetanam iti tadīyo 'dhyavasāyo 'pyacetano ghaṭādivat tattvam→buddhitattvaṃ +hi
e e → a e	vowel coalescence	10	0.52	śrūyata eva param na kenacit kriyata iti śrūyata+eva · pratikṣaṇaṃ pariṇāmino hi sarva eva bhāvā ṛte citiśakteḥ sarva+eva · atha ca tadarthāni kāraṇāni vyāpriyanta evaṃ paṭādeḥ sata evāvirbhāvāya kāraṇāpekṣetyupapannam vyāpriyanta+evaṃ · tathā hi pṛthivyādayaḥ parasparaṃ saṃyujyanta evam anye 'pi saṃyujyanta+evam
e a → e '	vowel coalescence	9	0.47	śakyasamucchedatve 'pi ca śāstraviṣayasya jñānasyānupāyatvād vā sukarasyopāyāntarasya sadbhāvād vā tve+'pi · yathāvidhi rasāyanakāminīnītiśāstrābhyāsamantrādyupayoge 'pi tasya tasyādhyātmikāder duḥkhasyānivṛtter darśanāt anaikāntikatvaṃ nivṛttasyāpi punarutpattidarśanād anātyantikatvam iti sukaro 'pyaikāntikātyantikaduḥkhanivṛtter na dṛṣṭa upāya iti nāpārthā jijñāsetyarthaḥ upayoge+'pi · asya cāvītasya vyatirekiṇa udāharaṇam agre 'bhidhāsyate agre+'bhidhāsyate · yathā dhūmād vahnitvasāmānyasya viśeṣaḥ parvate 'numīyate tasya ca vahnitvasāmānyasya svalakṣaṇaṃ vahniviśeṣo dṛṣṭaṃ rasavatyām parvate+'numīyate
m r → ṃ r	anusvāra / nasal	9	0.47	tad etat pratyātmani vedanīyaṃ duḥkhaṃ rajaḥpariṇāmabhedo na śakyaṃ pratyākhyātum duḥkhaṃ+rajas · yathā dhūmād vahnitvasāmānyasya viśeṣaḥ parvate 'numīyate tasya ca vahnitvasāmānyasya svalakṣaṇaṃ vahniviśeṣo dṛṣṭaṃ rasavatyām dṛṣṭaṃ+rasavatyām · yadyapi karaṇatvasāmānyasya chidādau vāśyādi svalakṣaṇam upalabdhaṃ tathāpi yajjātīyaṃ rūpādijñāne karaṇatvam anumīyate tajjātīyasya karaṇatvasya na dṛṣṭaṃ svalakṣaṇaṃ pratyakṣeṇa jātīyam→yajjātīyaṃ +rūpa · vyavadhānād yathā kuḍyādivyavahitaṃ rājadārādi na paśyati vyavahitam→kuḍyādivyavahitaṃ +rāja
d k → t k	consonant / other	9	0.47	yadyapi duḥkham amaṅgalaṃ tathāpi tadapaghāto maṅgalam eveti yuktaṃ tatkīrtanam iti tad+kīrtanam→tatkīrtanam · tatkṣaye kuto 'mṛtatvasaṃbhavaḥ tad+kṣaye→tatkṣaye · śrūyata eva param na kenacit kriyata iti kenacit+kriyata · vyaktajñānapūrvakam avyaktasya tatkāraṇasya jñānam tad+kāraṇasya→tatkāraṇasya
aḥ a → o '	visarga	9	0.47	ānuśraviko 'pi dṛṣṭena tulyaṃ vartate ānuśraviko+'pi · tuśabdo 'vadhāraṇe bhinnakramaḥ tuśabdo+'vadhāraṇe · yo hi śabdo yatra vṛddhaiḥ prayujyate so 'sati vṛttyantare tasya vācako yathā gośabdo gotvasya so+'sati · evam abhāvo 'pi pratyakṣam eva abhāvo+'pi
t d → d d	consonant / other	8	0.42	tatra na tāvad duḥkhaṃ nāsti nāpyajihāsitam ity uktaṃ duḥkhatrayābhighātād iti tāvad+duḥkhaṃ · tasmād ānuśravikād duḥkhāpaghātakād upāyāt somāder aviśuddhād anityasātiśayaphalād viparīto viśuddho hiṃsādisaṅkarabhāvān nityaniratiśayaphalo 'sakṛdapunarāvṛttiśruteḥ ānuśravikād+duḥkha · na ca kāryatvenānityatā phalasya yuktā bhāvakāryasya tathātvād duḥkhapradhvaṃsasya ca kāryasya tadvaiparītyāt tathātvād+duḥkha · akṣarārthastu tasmād ānuśravikād duḥkhāpaghātakāddhetor viparītaḥ sattvapuruṣānyatāpratyayaḥ sākṣātkāro duḥkhāpaghātako hetuḥ ānuśravikād+duḥkha
m m → ṃ m	anusvāra / nasal	8	0.42	tatrādhyātmikaṃ dvividhaṃ śārīraṃ mānasaṃ ca śārīraṃ+mānasaṃ · tatrādhibhautikaṃ mānuṣapaśumṛgapakṣisarīsṛpasthāvaranimittam ādhibhautikam→tatrādhibhautikaṃ +mānuṣa · ata uktaṃ mūleti uktaṃ+mūla · yathā pratyekaṃ viṣṭayo darśanalakṣaṇām arthakriyāṃ kurvanti na śibikāvahanaṃ militāstu śibikāṃ vahantyevaṃ tantavaḥ pratyekaṃ prāvaraṇam akurvāṇā api militā āvirbhūtapaṭabhāvāḥ prāvariṣyanti vahanam→śibikāvahanaṃ +militāḥ
s p → ḥ p	consonant / other	8	0.42	tad etat pratyātmani vedanīyaṃ duḥkhaṃ rajaḥpariṇāmabhedo na śakyaṃ pratyākhyātum rajas+pariṇāma→rajaḥpariṇāmabhedo · kutaḥ punar asyotpattir iti kutaḥ+punar · tatra vyaktaṃ pṛthivyādisvarūpataḥ pāṃsulapado 'pi pratyakṣataḥ pratipadyate pūrvavatā cānumānena dhūmādidarśanād vahnyādīti tadvyutpādanāya mandaprayojanaṃ śāstram iti duradhigamam anena vyutpādanīyam pratyakṣataḥ+pratipadyate · kiṃ punastat kāryaṃ yataḥ pradhānānumānam iti yataḥ+pradhāna
ḥ u → r u	visarga	8	0.42	etāvatā pratikūlavedanīyatvaṃ jihāsāhetur uktam hetuḥ→jihāsāhetur +uktam · santi copāyāḥ śataṃ śārīraduḥkhapratīkārāyeṣatkarā bhiṣajāṃ varair upadiṣṭāḥ varair+upadiṣṭāḥ · mānasasyāpi tāpasya pratīkārāya manojñastrīpānānnabhojanavilepanavastrālaṃkārādiviṣayasaṃprāptir upāya īṣatkaraḥ samprāptiḥ→manojñastrīpānānnabhojanavilepanavastrālaṃkārādiviṣayasaṃprāptir +upāya · anavadhṛtājñānasaṃśayaviparyāsastu yaṃ kaṃcana puruṣaṃ prati vartamāno 'navadheyavacanatayā prekṣāvadbhir unmattavad upekṣyeta prekṣāvadbhir+unmatta
aḥ d → o d	visarga	8	0.42	ekānto duḥkhanivṛtter avaśyaṃbhāvaḥ ekānto+duḥkha · atyanto duḥkhasya nivṛttasya punaranutpādaḥ atyanto+duḥkhasya · karmabhir mṛtyum ṛṣayo niṣeduḥ prajāvanto draviṇam īhamānāḥ prajāvanto+draviṇam · akṣarārthastu tasmād ānuśravikād duḥkhāpaghātakāddhetor viparītaḥ sattvapuruṣānyatāpratyayaḥ sākṣātkāro duḥkhāpaghātako hetuḥ sākṣātkāro+duḥkha
aḥ m → o m	visarga	8	0.42	yadyapi duḥkham amaṅgalaṃ tathāpi tadapaghāto maṅgalam eveti yuktaṃ tatkīrtanam iti apaghātaḥ→tadapaghāto +maṅgalam · tathāpare ṛṣayo manīṣiṇaḥ paraṃ karmabhyo 'mṛtatvam ānaśuḥ ṛṣayo+manīṣiṇaḥ · prapañcapratyaya evāsati bādhake na śakyo mithyeti vaditum iti kaṇabhakṣākṣacaraṇamatam avaśiṣyate śakyo+mithyā · avayavanam avayavo miśraṇaṃ saṃyoga iti yāvat avayavo+miśraṇaṃ
m l → ṃ l	anusvāra / nasal	8	0.42	etacca laukikapramāṇābhiprāyaṃ lokavyutpādanārthatvācchāstrasya tasyaivādhikārāt abhiprāyam→laukikapramāṇābhiprāyaṃ +loka · tad evaṃ samānāsamānajātīyavyavacchedakatvāt prativiṣayādhyavasāya iti dṛṣṭasya sampūrṇaṃ lakṣaṇam sampūrṇaṃ+lakṣaṇam · liṅgaṃ vyāpyaṃ liṅgi vyāpakam vyāpyaṃ+liṅgi · tad vyāpyavyāpakapakṣadharmatājñānapūrvakam anumānam ityanumānasāmānyalakṣaṇaṃ lakṣitam lakṣaṇam→ityanumānasāmānyalakṣaṇaṃ +lakṣitam
ḥ e → r e	visarga	7	0.36	tayor ekāntātyantayor abhāva ekāntātyantato 'bhāvaḥ tayor+ekānta · kaścid arthaḥ prakṛtir eva kaścid vikṛtir eva kaścit prakṛtivikṛtiḥ kaścid anubhayaḥ prakṛtir+eva · kaścid arthaḥ prakṛtir eva kaścid vikṛtir eva kaścit prakṛtivikṛtiḥ kaścid anubhayaḥ vikṛtir+eva · sāvikṛtiḥ prakṛtir evetyarthaḥ prakṛtir+eva
m b → ṃ b	anusvāra / nasal	7	0.36	virodhe hi balīyasā durbalaṃ bādhyate durbalaṃ+bādhyate · upāttaviṣayāṇām indriyāṇāṃ vṛttau satyāṃ buddhes tamo'bhibhave sati yaḥ sattvasamudrekaḥ so 'dhyavasāya iti ca vṛttir iti ca jñānam iti cākhyāyate satyāṃ+buddhes · evaṃ buddhitattvasya sukhādayo 'pi pariṇāmabhedā acetanāḥ evaṃ+buddhi · na ca vākyaṃ vākyārthaṃ bodhayat saṃbandhagraham apekṣate artham→vākyārthaṃ +bodhayat
t c → c c	consonant / other	7	0.36	etacca laukikapramāṇābhiprāyaṃ lokavyutpādanārthatvācchāstrasya tasyaivādhikārāt etat+ca→etacca · tacca svataḥpramāṇam apauruṣeyavedajanitatvena sakaladoṣāśaṅkāvinirmuktaṃ yuktaṃ bhavati tat+ca→tacca · na hyanyad gavi sādṛśyam anyacca gavaye anyat+ca→anyacca · yac cānirdiṣṭapravaktṛkaṃ pravādamātram iti hocur vṛddhā ityaitihyaṃ yathehavaṭe yakṣaḥ pravasatīti tad apramāṇam anirdiṣṭapravaktṛtvena sāṃśayikatvāt yac+ca
ḥ bh → Ø bh	visarga	6	0.31	santi copāyāḥ śataṃ śārīraduḥkhapratīkārāyeṣatkarā bhiṣajāṃ varair upadiṣṭāḥ īṣatkarāḥ→śārīraduḥkhapratīkārāyeṣatkarā +bhiṣajāṃ · pratigrahaṇena cendriyārthasaṃnikarṣasūcanād anumānasmṛtyādayaḥ parākṛtā bhavanti parākṛtā+bhavanti · āptavacanenāyuktāḥ śākyabhikṣunirgranthakasaṃsāramocakādīnām āgamābhāsāḥ parākṛtā bhavanti parākṛtā+bhavanti · anubhūyamāneṣu pṛthivyādiṣvanubhavasiddhā bhavantv avivekitvādayaḥ siddhāḥ→pṛthivyādiṣvanubhavasiddhā +bhavantv
ā ā → ā	vowel coalescence	6	0.31	tathādhidaivikasya duḥkhasya maṇimantrādyupayogaḥ sukaraḥ pratīkāropāya iti tathā+ādhidaivikasya→tathādhidaivikasya · yathāha smātra bhagavān pañcaśikhācāryaḥ svalpaḥ saṅkaraḥ saparihāraḥ sapratyavamarṣa iti yathā+āha→yathāha · tasmād ānuśravikād duḥkhāpaghātakād upāyāt somāder aviśuddhād anityasātiśayaphalād viparīto viśuddho hiṃsādisaṅkarabhāvān nityaniratiśayaphalo 'sakṛdapunarāvṛttiśruteḥ hiṃsā+ādi→hiṃsādisaṅkarabhāvān · yadyapi karaṇatvasāmānyasya chidādau vāśyādi svalakṣaṇam upalabdhaṃ tathāpi yajjātīyaṃ rūpādijñāne karaṇatvam anumīyate tajjātīyasya karaṇatvasya na dṛṣṭaṃ svalakṣaṇaṃ pratyakṣeṇa vāśyā+ādi→vāśyādi
yāḥ a → er a	visarga	6	0.31	ekānto duḥkhanivṛtter avaśyaṃbhāvaḥ nivṛttyāḥ→duḥkhanivṛtter +avaśyam · anena yaścetanāśakter anugrahas tatphalaṃ pramābodhaḥ śaktyāḥ→yaścetanāśakter +anugrahas · udāharaṇāntarāṇi cārthāpatter anumāne 'ntarbhāvanīyāni arthāpattyāḥ→cārthāpatter +anumāne · sāmānyatodṛṣṭād atīndriyāṇām pradhānapuruṣādīnām pratītiściticchāyāpattir buddher adhyavasāya ityarthaḥ buddher+adhyavasāya
ḥ d → r d	visarga	6	0.31	yathāvidhi rasāyanakāminīnītiśāstrābhyāsamantrādyupayoge 'pi tasya tasyādhyātmikāder duḥkhasyānivṛtter darśanāt anaikāntikatvaṃ nivṛttasyāpi punarutpattidarśanād anātyantikatvam iti sukaro 'pyaikāntikātyantikaduḥkhanivṛtter na dṛṣṭa upāya iti nāpārthā jijñāsetyarthaḥ nivṛtteḥ→duḥkhasyānivṛtter +darśanāt · ekasyāpi nānārthakriyādarśanād yathaika eva vahnir dāhakaḥ pācakaśca vahnir+dāhakaḥ · aprītir duḥkham aprītyātmako rajoguṇaḥ prītiḥ→aprītir +duḥkham · saiva strī sapatnīr duḥkhākaroti sapatnīr+duḥkhākaroti
aḥ j → o j	visarga	6	0.31	tatra bhava ānuśravikas tatra prāpto jñāta iti yāvat prāpto+jñāta · mā hiṃsyād iti niṣedhena hiṃsāyā anarthahetubhāvo jñāpyate na tvakratvarthatvam api bhāvaḥ→anarthahetubhāvo +jñāpyate · tayoḥ pārārthyenātmā paro jñāyata iti jñānakrameṇa kramābhidhānam paro+jñāyata · adhyavasāyaśca buddhivyāpāro jñānam vyāpāraḥ→buddhivyāpāro +jñānam
s c → ś c	consonant / other	6	0.31	itaśca kāraṇavyāpārāt prāk sad eva kāryam ityāha upādānagrahaṇāt itas+ca→itaśca · itaśca sat kāryam ityāha kāraṇabhāvācca kāryasya kāraṇātmakatvāt itas+ca→itaśca · itaśca nārthāntaratvaṃ tantupaṭayoḥ itas+ca→itaśca · itaśca tantubhyaḥ paṭo 'bhidyate itas+ca→itaśca
u ā → v ā	vowel coalescence	5	0.26	tat khalv ādhyātmikam ādhibhautikam ādhidaivikaṃ ca khalv+ādhyātmikam · āptapravaktṛtvaniścaye tvāgama ityupapannaṃ trividhaṃ pramāṇam iti tu+āgamaḥ→tvāgama · saukṣmyād yathendriyasaṃnikṛṣṭaṃ paramāṇvādi praṇihitamanā api na paśyati paramāṇu+ādi→paramāṇvādi · ye tvāhur vijñānam eva harṣaviṣādaśabdādyākāram na punar ito 'nyastaddharmeti tān pratyāha viṣaya iti tu+āhuḥ→tvāhur
m j → ṃ j	anusvāra / nasal	5	0.26	etāvatā pratikūlavedanīyatvaṃ jihāsāhetur uktam tvam→pratikūlavedanīyatvaṃ +jihāsā · astu duḥkhatrayaṃ jihāsatu ca taccetano bhavatu ca tacchakyahānaṃ sahatāṃ ca śāstragamya upāyastad ucchettum trayam→duḥkhatrayaṃ +jihāsatu · tathāpyatra prekṣāvatāṃ jijñāsāyuktā prekṣāvatāṃ+jijñāsā · anyathā kṣīṇā satī nālam ahaṃkāraṃ janayitum iti sthitiḥ ahaṃkāraṃ+janayitum
s u → Ø u	consonant / other	5	0.26	ata uktaṃ vyaktāvyaktajñavijñānād iti ata+uktaṃ · ata uktaṃ mūleti ata+uktaṃ · ata uktam ata+uktam · ata uktaṃ ṣoḍaśakastu vikāra iti ata+uktaṃ
ḥ n → r n	visarga	5	0.26	anubhayam āha na prakṛtir na vikṛtiḥ puruṣa iti prakṛtir+na · sarvaṃ caitad asmābhir nyāyavārttikatātparyaṭīkāyāṃ vyutpāditam iti nehoktaṃ vistarabhayād iti asmābhir+nyāyavārttikatātparyaṭīkāyāṃ · ye tu manyante prītir na duḥkhābhāvād atiricyata evaṃ duḥkham api na prītyabhāvād anyad iti tān praty ātmagrahaṇam prītir+na · arthata iti puruṣārthata iti yathā vakṣyati puruṣārtha eva hetur na kenacit kāryate karaṇam iti hetur+na
ā u → o	vowel coalescence	5	0.26	yathotpatan viyati patatrī atidūratayā sann api pratyakṣeṇa anupalabhyate yathā+utpatan→yathotpatan · etacca yathā gamakaṃ tathopariṣṭād upapādayiṣyate tathā+upariṣṭāt→tathopariṣṭād · yathā caite buddhyādayaḥ pradhānasya liṅgaṃ tathopariṣṭād vakṣyati tathā+upariṣṭāt→tathopariṣṭād · naiṣām ādiḥ saṃprayogo viyogo vopalabhyate vā+upalabhyate→vopalabhyate
d t → t t	consonant / other	5	0.26	sadasattve ghaṭasya dharmāviti cet tathāpyasati dharmiṇi na tasya dharma iti sattvaṃ tadavastham eva tathā ca nāsattvam cet+tathā · sarvatra cet tadavasthaivāvyavasthā cet+tad · ekasminn api tattadviśeṣāvirbhāvatirobhāvābhyām eteṣām avirodhāt tad+tad→tattadviśeṣāvirbhāvatirobhāvābhyām · satī cet kṛtaṃ karaṇena asatī cet tatrāpyutpattyantaram ityanavasthā cet+tatra
aḥ bh → o bh	visarga	4	0.21	astu duḥkhatrayaṃ jihāsatu ca taccetano bhavatu ca tacchakyahānaṃ sahatāṃ ca śāstragamya upāyastad ucchettum cetanaḥ→taccetano +bhavatu · na cāsti virodho bhinnaviṣayatvāt virodho+bhinna · na pratyakṣanivṛttimātrād vastvabhāvo bhavatyatiprasaṅgāt abhāvaḥ→vastvabhāvo +bhavati · na cārthakriyābhedo bhedam āpādayati bhedaḥ→cārthakriyābhedo +bhedam
ḥ m → r m	visarga	4	0.21	tasmād vaidikasya tāpatrayapratīkārahetor muhūrtayāmāhorātramāsasaṃvatsarādinirvartanīyatayānekajanmaparaṃparāyāsasaṃpādanīyād vivekajñānād īṣatkaratvāt punar api vyarthā jijñāsetyāśaṅkyāha hetoḥ→tāpatrayapratīkārahetor +muhūrta · karmabhir mṛtyum ṛṣayo niṣeduḥ prajāvanto draviṇam īhamānāḥ karmabhir+mṛtyum · tad anayoḥ praśasyayor madhye sattvapuruṣānyatāpratyayaḥ śreyān praśasyayor+madhye · ubhayoḥ sattvarajasor mithunaṃ tama ucyate rajasoḥ→sattvarajasor +mithunaṃ
s e → Ø e	consonant / other	4	0.21	ata eva ca śrutiḥ ata+eva · ata eva śreyān ata+eva · ata eva smaryamāṇāyāṃ gavi gavayasādṛśyajñānaṃ pratyakṣam ata+eva · ata eva na hetumattvaṃ tattvāntarasya hetor abhāvāt ata+eva
t bh → d bh	consonant / other	4	0.21	śrutismṛtītihāsapurāṇebhyo vyaktādīn vivekena śrutvā śāstrayuktyā ca vyavasthāpya dīrghakālādaranairantaryasatkārasevitād bhāvanāmayāt tattvābhyāsān nāsmi na me nāham ityapariśeṣam aviparyayād viśuddhaṃ kevalam utpadyate jñānam iti sevitāt→dīrghakālādaranairantaryasatkārasevitād +bhāvanā · na hi kāraṇād bhinnaṃ kāryaṃ kāraṇaṃ ca sad iti kathaṃ tadabhinnaṃ kāryam asad bhavet kāraṇād+bhinnaṃ · na hi kāraṇād bhinnaṃ kāryaṃ kāraṇaṃ ca sad iti kathaṃ tadabhinnaṃ kāryam asad bhavet asad+bhavet · iha yad yasmād bhinnaṃ tasya gurutvāntaraṃ kāryaṃ gṛhyate yathā palikasya rucakasya gurutvakāryo yo 'vanativiśeṣastato dvipalikasya svastikasya gurutvakāryo 'vanatibhedo 'dhikaḥ yasmād+bhinnaṃ
d p → t p	consonant / other	4	0.21	kaścid arthaḥ prakṛtir eva kaścid vikṛtir eva kaścit prakṛtivikṛtiḥ kaścid anubhayaḥ kaścit+prakṛti · so 'yaṃ buddhitattvavartinā jñānasukhādinā tatpratibimbitas tacchāyāpattyā jñānasukhādimān iva bhavatīti tenānugṛhyate tad+pratibimbitaḥ→tatpratibimbitas · tathā ca yathā kūrmaśarīre santyevāṅgāni niścaranti vibhajyanta idaṃ kūrmasya śarīram etānyetasyāṅgānītyevaṃ niviśamānāni tasminn avyaktībhavantyevaṃ mṛtpiṇḍāddhemapiṇḍād vā kāryāṇi kuṭakaṭakādīni santyevāvirbhavanti vibhajyante santyeva pṛthivyādīni kāraṇāt tanmātrād āvirbhavanti vibhajyante santyeva tanmātrāṇyahaṃkārāt kāraṇāt sann evāhaṃkāraḥ kāraṇān mahataḥ sann eva ca mahān paramāvyaktād iti mṛd+piṇḍāt→mṛtpiṇḍāddhemapiṇḍād · pratisarge mṛtpiṇḍaṃ hemapiṇḍaṃ vā kuṭakaṭakādayo nirviśanto 'vyaktībhavanti tat kāraṇarūpam evānabhivyaktaṃ kāryam apekṣyāvyaktaṃ bhavati mṛd+piṇḍam→mṛtpiṇḍaṃ
d s → t s	consonant / other	4	0.21	asaṃdigdhaviparītānadhigataviṣayā cittavṛttiḥ bodhaḥ pauruṣeyaḥ phalaṃ pramā tatsādhanaṃ pramāṇam iti saṃśayaviparyayasmṛtisādhanānāṃ pramāṇeṣvaprasaṅgaḥ tad+sādhanam→tatsādhanaṃ · tasmāt tatsaṃyogād acetanaṃ cetanāvad iva liṅgam tad+saṃyogāt→tatsaṃyogād · yathā kūrmaḥ svāvayavebhyaḥ saṃkocivikāsibhyo na bhinna evaṃ kuṭakaṭakādayo 'pi mṛtsuvarṇādibhyo na bhinnāḥ mṛd+suvarṇa→mṛtsuvarṇādibhyo · yāni ca yadrūpasamanugatāni tāni tatsvabhāvāvyaktakāraṇāni yathā mṛddhemapiṇḍasamanugatāḥ kuṭamukuṭādayo mṛddhemapiṇḍāvyaktakāraṇā iti kāraṇam astyavyaktaṃ bhedānām iti siddham tad+svabhāva→tatsvabhāvāvyaktakāraṇāni
t g → d g	consonant / other	4	0.21	na hyanyad gavi sādṛśyam anyacca gavaye anyat→hyanyad +gavi · na ca caitrasya sattvena gṛhābhāvaḥ śakyo 'jñātuṃ yenāsiddho gṛhābhāvo hetuḥ syād gṛhābhāvena vā sattvam apahnūyate yena sattvam evānupapadyamānam ātmānaṃ na bahir avasthāpayet syād+gṛha · tasmād gṛhābhāvena siddhena sato bahirbhāvo 'numīyata iti yuktam tasmād+gṛha · rajastu calatayā paritas traiguṇyaṃ cālayad guruṇā vṛṇvatā tamasā tatra tatra pravṛttipratibandhena kvacid eva pravartata iti tatas tato vyāvṛttyā tamo niyāmakam uktaṃ guru varaṇakam eva tama iti cālayad+guruṇā
t j → j j	consonant / other	4	0.21	kecid āhur asataḥ sajjāyata iti sat+jāyate→sajjāyata · sataḥ sajjāyata iti vṛddhāḥ sat+jāyate→sajjāyata · yadi punar asataḥ sajjāyata 'san nirupākhyaṃ kāraṇaṃ sukhādirūpaśabdādyātmakaṃ kathaṃ syāt sat+jāyata→sajjāyata · atha sato vivartaḥ śabdādiprapañcas tathāpi sataḥ sajjāyata iti na syāt sat+jāyate→sajjāyata
ā e → ai	vowel coalescence	4	0.21	asaṃbaddhatve saivāvyavastheti suṣṭhūktaṃ śaktasya śakyakaraṇād iti sā+eva→saivāvyavastheti · ekasyāpi nānārthakriyādarśanād yathaika eva vahnir dāhakaḥ pācakaśca yathā+ekaḥ→yathaika · saiva strī sapatnīr duḥkhākaroti sā+eva→saiva · evaṃ puruṣāntaram tām avindat saiva mohayati sā+eva→saiva
ḥ ā → r ā	visarga	3	0.16	yad āhur ābhūtasaṃplavaṃ sthānam amṛtatvaṃ hi bhāṣyate āhur+ābhūtasaṃplavaṃ · prayojakavṛddhaśabdasya śravaṇasamanantaraṃ prayojyavṛddhasya pravṛttihetujñānānumānapūrvakatvāc chabdārthasaṃbandhagrahasya svārthasaṃbandhajñānasahakāriṇaśca śabdasyārthapratyāyakatvād anumānānantaraṃ śabdaṃ lakṣayatyāptaśrutir āptavacanaṃ tviti śrutiḥ→lakṣayatyāptaśrutir +āpta · prītir ātmā bhāvo yeṣāṃ te prītyātmānaḥ prītir+ātmā
ḥ m → Ø m	visarga	3	0.16	viśvasya kāryakalāpasya sā mūlaṃ na tvasyā mūlāntaram astyanavasthāprasaṅgāt asyāḥ→tvasyā +mūla · yathā kūrmasyāṅgāni kūrmaśarīre niviśamānāni tirobhavanti niḥsaranti cāvirbhavanti na ca kūrmatas tadaṅgānyutpadyante dhvaṃsante vā evam ekasyā mṛdaḥ suvarṇasya vā kuṭakaṭakādayo niḥsaranta āvirbhavanta utpadyanta ityucyate niviśamānās tirobhavanto naśyantītyucyate ekasyā+mṛdaḥ · tat prati tasyā moharūpasamudbhavāt tasyā+moha
ḥ v → Ø v	visarga	3	0.16	prakṛtayaśca tā vikṛtayaśceti prakṛtivikṛtayaḥ sapta tā+vikṛtayaḥ · katamās tā vidhā iti tā+vidhā · anayā ca striyā sarve bhāvā vyākhyātāḥ bhāvā+vyākhyātāḥ
ḥ d → Ø d	visarga	3	0.16	tam imam arthaṃ prāmāṇikaṃ kartum abhimatāḥ pramāṇabhedā darśanīyāḥ bhedāḥ→pramāṇabhedā +darśanīyāḥ · tāḥ prati tasyā duḥkharūpasamudbhavāt tasyā+duḥkha · ghaṭādayo hi parimitā avyaktahetukā dṛṣṭāḥ hetukāḥ→avyaktahetukā +dṛṣṭāḥ
t l → l l	consonant / other	3	0.16	na ca sāmānyalakṣaṇam antareṇa śakyaṃ viśeṣalakṣaṇaṃ kartum iti pramāṇasāmānyaṃ tāvallakṣayati tāvat+lakṣayati→tāvallakṣayati · tad anenājñānādayaḥ parapuruṣavartino 'bhiprāyabhedād vacanālliṅgād anumātavyā ityakāmenāpyanumānam abhyupeyam vacanāt+liṅgāt→vacanālliṅgād · tatrāpi sāmānyalakṣaṇapūrvakatvād viśeṣalakṣaṇasyānumānasāmānyaṃ tāvallakṣayati liṅgaliṅgipūrvakam iti tāvat+lakṣayati→tāvallakṣayati
d n → n n	consonant / other	3	0.16	atra ca pramāṇam iti samākhyā lakṣyapadaṃ tannirvacanaṃ ca lakṣaṇam tad+nirvacanam→tannirvacanaṃ · na ca pradhānapuruṣādiṣvasti pratyakṣayogyateti tannivṛttimātrāt tadabhāvaniścayo 'yuktaḥ prāmāṇikānām iti tad+nivṛtti→tannivṛttimātrāt · prakṛtestu na kvacinniveśa iti sā sarvakāryāṇām avyaktam eva kvacid+niveśaḥ→kvacinniveśa
aḥ ayam → o 'yaṃ	visarga	3	0.16	so 'yaṃ buddhitattvavartinā jñānasukhādinā tatpratibimbitas tacchāyāpattyā jñānasukhādimān iva bhavatīti tenānugṛhyate so+'yaṃ · so 'yaṃ pūrvavataḥ sāmānyatodṛṣṭāt saty api vītatvena tulyatve viśeṣaḥ so+'yaṃ · so 'yaṃ kāraṇāt paramāvyaktāt sākṣātpāraṃparyeṇānvitasya viśvasya kāryasya vibhāgaḥ so+'yaṃ
t ś → cch	consonant / other	3	0.16	pūrvavaccheṣavat sāmānyatodṛṣṭaṃ ceti pūrvavat+śeṣavat→pūrvavaccheṣavat · sa eva viṣayatayā yasyāstyanumānasya taccheṣavad yad āhuḥ prasaktapratiṣedhe 'nyatrāprasaṅgācchiṣyamāṇe saṃpratyaya iti tat+śeṣavat→taccheṣavad · sā śaktiḥ śaktakāraṇāśrayā sarvatra vā syācchakye vā syāt+śakye→syācchakye
d j → j j	consonant / other	3	0.16	yadyapi karaṇatvasāmānyasya chidādau vāśyādi svalakṣaṇam upalabdhaṃ tathāpi yajjātīyaṃ rūpādijñāne karaṇatvam anumīyate tajjātīyasya karaṇatvasya na dṛṣṭaṃ svalakṣaṇaṃ pratyakṣeṇa yad+jātīyam→yajjātīyaṃ · yadyapi karaṇatvasāmānyasya chidādau vāśyādi svalakṣaṇam upalabdhaṃ tathāpi yajjātīyaṃ rūpādijñāne karaṇatvam anumīyate tajjātīyasya karaṇatvasya na dṛṣṭaṃ svalakṣaṇaṃ pratyakṣeṇa tad+jātīyasya→tajjātīyasya · tajjanitā dhīr āgama eva tad+janitā→tajjanitā
ḥ c → Ø c	visarga	3	0.16	sa ca pariṇāmabheda aindriyaka iti nāsti pratyakṣānavaruddho viṣayo yatrābhāvāhvayaṃ pramāṇāntaram abhyupeyam iti sa+ca · sa cānumānam eva sa+ca · sa ca guṇānāṃ sadṛśarūpaḥ sa+ca
t m → n m	consonant / other	3	0.16	yan mohahetus tan mohātmakaṃ tamaḥ yan+moha · yan mohahetus tan mohātmakaṃ tamaḥ tan+moha · tathā ca yathā kūrmaśarīre santyevāṅgāni niścaranti vibhajyanta idaṃ kūrmasya śarīram etānyetasyāṅgānītyevaṃ niviśamānāni tasminn avyaktībhavantyevaṃ mṛtpiṇḍāddhemapiṇḍād vā kāryāṇi kuṭakaṭakādīni santyevāvirbhavanti vibhajyante santyeva pṛthivyādīni kāraṇāt tanmātrād āvirbhavanti vibhajyante santyeva tanmātrāṇyahaṃkārāt kāraṇāt sann evāhaṃkāraḥ kāraṇān mahataḥ sann eva ca mahān paramāvyaktād iti kāraṇān+mahataḥ
t a → t '	consonant / other	2	0.1	ekāntātyantato 'bhāvāt atyantāt+'bhāvāt · tayor ekāntātyantayor abhāva ekāntātyantato 'bhāvaḥ atyantāt+'bhāvaḥ
a → o a	vowel coalescence	2	0.1	ekāntātyantato 'bhāvāt atyantāt→ekāntātyantato +'bhāvāt · tayor ekāntātyantayor abhāva ekāntātyantato 'bhāvaḥ atyantāt→ekāntātyantato +'bhāvaḥ
i → a i	vowel coalescence	2	0.1	ekāntātyantata iti ṣaṣṭhīsthāne sārvavibhaktikas tasiḥ atyantāt→ekāntātyantata +iti · arthata iti puruṣārthata iti yathā vakṣyati puruṣārtha eva hetur na kenacit kāryate karaṇam iti arthāt→puruṣārthata +iti
as a → o a	consonant / other	2	0.1	tatkṣaye kuto 'mṛtatvasaṃbhavaḥ kuto+amṛta · ye tvāhur vijñānam eva harṣaviṣādaśabdādyākāram na punar ito 'nyastaddharmeti tān pratyāha viṣaya iti ito+anyaḥ
ḥ ā → Ø ā	visarga	2	0.1	tatra bhava ānuśravikas tatra prāpto jñāta iti yāvat bhava+ānuśravikas · yathā pratyekaṃ viṣṭayo darśanalakṣaṇām arthakriyāṃ kurvanti na śibikāvahanaṃ militāstu śibikāṃ vahantyevaṃ tantavaḥ pratyekaṃ prāvaraṇam akurvāṇā api militā āvirbhūtapaṭabhāvāḥ prāvariṣyanti militā+āvirbhūta
e ā → a ā	vowel coalescence	2	0.1	tathā ca śrūyata ātmā jñātavyaḥ prakṛtito vivektavyaḥ na sa punar āvartata iti śrūyata+ātmā · yathā kūrmasyāṅgāni kūrmaśarīre niviśamānāni tirobhavanti niḥsaranti cāvirbhavanti na ca kūrmatas tadaṅgānyutpadyante dhvaṃsante vā evam ekasyā mṛdaḥ suvarṇasya vā kuṭakaṭakādayo niḥsaranta āvirbhavanta utpadyanta ityucyate niviśamānās tirobhavanto naśyantītyucyate niḥsaranta+āvirbhavanta
ḥ h → Ø h	visarga	2	0.1	asyāṃ pratijñāyāṃ hetum āha sa hyaviśuddhikṣayātiśayayuktaḥ sa+hi · sukhaduḥkhamohasamanvitā hi buddhyādayo 'dhyavasāyādilakṣaṇāḥ pratīyante samanvitāḥ→sukhaduḥkhamohasamanvitā +hi
āt p → ataḥ p	consonant / other	2	0.1	atha pramādataḥ prāyaścittam api nācaritaṃ pradhānakarmavipākasamaye ca pacyate tathāpi yāvad asāv anarthaṃ sūte tāvat sapratyavamarṣaḥ pramādataḥ+prāyaścittam · tad evaṃ prekṣāvadapekṣitārthatvena śāstrārambhaṃ samādhāya śāstram ārabhamāṇaḥ śrotur buddhisamavadhānāya tadarthaṃ saṃkṣepataḥ pratijānīte saṃkṣepataḥ+pratijānīte
e u → a u	vowel coalescence	2	0.1	kṣayātiśayau phalagatāvapyupāya upacaritau upāye→phalagatāvapyupāya +upacaritau · sattvatamasī svayam akriyatayā svakārye pravṛttiṃ pratyavasīdantī rajasopaṣṭabhyete avasādāt pracyāvya svakārya utsāhaṃ prayatnaṃ kāryete kārye→svakārya +utsāhaṃ
ḥ b → r b	visarga	2	0.1	tad evaṃ prekṣāvadapekṣitārthatvena śāstrārambhaṃ samādhāya śāstram ārabhamāṇaḥ śrotur buddhisamavadhānāya tadarthaṃ saṃkṣepataḥ pratijānīte śrotur+buddhi · sāmānyatodṛṣṭād atīndriyāṇām pradhānapuruṣādīnām pratītiściticchāyāpattir buddher adhyavasāya ityarthaḥ āpattiḥ→pratītiściticchāyāpattir +buddher
aḥ b → o b	visarga	2	0.1	pañca bhūtānyekādaśendriyāṇīti ṣoḍaśako gaṇo vikāra eva na ca prakṛtiḥ yadyapi pṛthivyādīnām api govṛkṣādayo vikārā evaṃ tadvikārabhedānāṃ payobījādīnāṃ dadhyaṅkurādayastathāpi gavādayo bījādayo vā na pṛthivyādibhyas tattvāntaram ādayaḥ→gavādayo +bīja · tasmād gṛhābhāvena siddhena sato bahirbhāvo 'numīyata iti yuktam sato+bahirbhāvo
u e → v e	vowel coalescence	2	0.1	eṣveva dṛṣṭānumānāptavacaneṣu sarveṣāṃ pramāṇānāṃ siddhatvād antarbhāvād ityarthaḥ eṣu+eva→eṣveva · ayam eva hi sikatābhyastilānāṃ tailotpādakānāṃ bhedo yad eteṣveva tailam astyanāgatāvasthaṃ na sikatāsviti eteṣu+eva→eteṣveva
as v → o v	consonant / other	2	0.1	atha prameyavyutpādanāya pravṛttaṃ śāstraṃ kasmāt pramāṇaṃ sāmānyato viśeṣataśca lakṣayatīti sāmānyato+viśeṣataḥ · rajastu calatayā paritas traiguṇyaṃ cālayad guruṇā vṛṇvatā tamasā tatra tatra pravṛttipratibandhena kvacid eva pravartata iti tatas tato vyāvṛttyā tamo niyāmakam uktaṃ guru varaṇakam eva tama iti tato+vyāvṛttyā
aḥ l → o l	visarga	2	0.1	samānāsamānajātīyavyavacchedo lakṣaṇārthaḥ vyavacchedaḥ→samānāsamānajātīyavyavacchedo +lakṣaṇa · tatra kāryasyodgamane hetur dharmo lāghavaṃ gauravapratidvaṃdvi dharmo+lāghavaṃ
aḥ adhyavasāyaḥ → o 'dhyavasāya	visarga	2	0.1	upāttaviṣayāṇām indriyāṇāṃ vṛttau satyāṃ buddhes tamo'bhibhave sati yaḥ sattvasamudrekaḥ so 'dhyavasāya iti ca vṛttir iti ca jñānam iti cākhyāyate so+'dhyavasāya · niścayo 'dhyavasāya ityanarthāntaram niścayo+'dhyavasāya
adhyavasāyaḥ i → 'dhyavasāya i	visarga	2	0.1	upāttaviṣayāṇām indriyāṇāṃ vṛttau satyāṃ buddhes tamo'bhibhave sati yaḥ sattvasamudrekaḥ so 'dhyavasāya iti ca vṛttir iti ca jñānam iti cākhyāyate 'dhyavasāya+iti · niścayo 'dhyavasāya ityanarthāntaram 'dhyavasāya+iti
aḥ gh → o gh	visarga	2	0.1	buddhitattvaṃ hi prākṛtatvād acetanam iti tadīyo 'dhyavasāyo 'pyacetano ghaṭādivat acetanaḥ→'pyacetano +ghaṭa · na hi bhūtalasya pariṇāmaviśeṣāt kaivalyalakṣaṇād anyo ghaṭābhāvo nāma anyo+ghaṭa
s s → ḥ s	consonant / other	2	0.1	atra dṛṣṭaṃ darśanaṃ sāmānyataḥ sāmānyasya sāmānyataḥ+sāmānyasya · yat tu gavayasya cakṣuḥsaṃnikṛṣṭasya gosādṛśyajñānaṃ tat pratyakṣam cakṣus+saṃnikṛṣṭasya→cakṣuḥsaṃnikṛṣṭasya
u i → v i	vowel coalescence	2	0.1	prayojakavṛddhaśabdasya śravaṇasamanantaraṃ prayojyavṛddhasya pravṛttihetujñānānumānapūrvakatvāc chabdārthasaṃbandhagrahasya svārthasaṃbandhajñānasahakāriṇaśca śabdasyārthapratyāyakatvād anumānānantaraṃ śabdaṃ lakṣayatyāptaśrutir āptavacanaṃ tviti tu+iti→tviti · ayam eva hi sikatābhyastilānāṃ tailotpādakānāṃ bhedo yad eteṣveva tailam astyanāgatāvasthaṃ na sikatāsviti sikatāsu+iti→sikatāsviti
s a → r a	consonant / other	2	0.1	ādividuṣaśca kapilasya kalpādau kalpāntarādhītaśruteḥ smaraṇasaṃbhavaḥ suptaprabuddhasyeva pūrvedyur avagatānām arthānām pūrvedyur+avagatānām · na ca caitrasya sattvena gṛhābhāvaḥ śakyo 'jñātuṃ yenāsiddho gṛhābhāvo hetuḥ syād gṛhābhāvena vā sattvam apahnūyate yena sattvam evānupapadyamānam ātmānaṃ na bahir avasthāpayet bahir+avasthāpayet
t b → d b	consonant / other	2	0.1	ayuktatvaṃ caiteṣāṃ vigānācchinnamūlatvāt pramāṇaviruddhābhidhānāt kaiścid eva mlecchādibhiḥ puruṣāpasadaiḥ paśuprāyaiḥ parigrahād boddhavyam parigrahād+boddhavyam · viṣayo grāhyo vijñānād bahir iti yāvat vijñānād+bahir
a a → a	vowel coalescence	2	0.1	gṛhāvacchinnena caitrābhāvena gṛhasattvaṃ viruddhatvāt pratikṣipyate na tu sattvamātraṃ tasya tatraudāsīnyāt tatra+audāsīnyāt→tatraudāsīnyāt · svātmani kriyāvirodhasaṃbandhabuddhivyapadeśārthakriyābhedāśca naikāntikaṃ bhedaṃ sādhayitum arhanti na+aikāntikam→naikāntikaṃ
āt t → atas t	consonant / other	2	0.1	kāryatas tadupalabdheḥ kāryatas+tad · yathā kūrmasyāṅgāni kūrmaśarīre niviśamānāni tirobhavanti niḥsaranti cāvirbhavanti na ca kūrmatas tadaṅgānyutpadyante dhvaṃsante vā evam ekasyā mṛdaḥ suvarṇasya vā kuṭakaṭakādayo niḥsaranta āvirbhavanta utpadyanta ityucyate niviśamānās tirobhavanto naśyantītyucyate kūrmatas+tad
aḥ dh → o dh	visarga	2	0.1	prasavarūpo dharmaḥ so 'syāsti prasavadharmi rūpaḥ→prasavarūpo +dharmaḥ · avyaktasiddhau satyāṃ tasyāvivekyādayo dharmāḥ sidhyanti ādayaḥ→tasyāvivekyādayo +dharmāḥ
d h → dd h	consonant / other	2	0.1	yāni ca yadrūpasamanugatāni tāni tatsvabhāvāvyaktakāraṇāni yathā mṛddhemapiṇḍasamanugatāḥ kuṭamukuṭādayo mṛddhemapiṇḍāvyaktakāraṇā iti kāraṇam astyavyaktaṃ bhedānām iti siddham mṛd+hema→mṛddhemapiṇḍasamanugatāḥ · yāni ca yadrūpasamanugatāni tāni tatsvabhāvāvyaktakāraṇāni yathā mṛddhemapiṇḍasamanugatāḥ kuṭamukuṭādayo mṛddhemapiṇḍāvyaktakāraṇā iti kāraṇam astyavyaktaṃ bhedānām iti siddham mṛd+hema→mṛddhemapiṇḍāvyaktakāraṇā
d ś → cch	consonant / other	1	0.05	astu duḥkhatrayaṃ jihāsatu ca taccetano bhavatu ca tacchakyahānaṃ sahatāṃ ca śāstragamya upāyastad ucchettum tad+śakya→tacchakyahānaṃ
d m → n m	consonant / other	1	0.05	arke cenmadhu vindeta kim arthaṃ parvataṃ vrajet ced+madhu→cenmadhu
ḥ y → n y	visarga	1	0.05	iṣṭasyārthasya saṃsiddhau ko vidvān yatnam ācaret vidvān+yatnam
ḥ ī → Ø ī	visarga	1	0.05	mānasasyāpi tāpasya pratīkārāya manojñastrīpānānnabhojanavilepanavastrālaṃkārādiviṣayasaṃprāptir upāya īṣatkaraḥ upāya+īṣatkaraḥ
ḥ ī → r ī	visarga	1	0.05	evam ādhibhautikasya duḥkhasya nītiśāstrābhyāsakuśalatāniratyayasthānādhyāsanādiḥ pratīkārahetur īṣatkaraḥ hetuḥ→pratīkārahetur +īṣatkaraḥ
nas d → kāder d	consonant / other	1	0.05	yathāvidhi rasāyanakāminīnītiśāstrābhyāsamantrādyupayoge 'pi tasya tasyādhyātmikāder duḥkhasyānivṛtter darśanāt anaikāntikatvaṃ nivṛttasyāpi punarutpattidarśanād anātyantikatvam iti sukaro 'pyaikāntikātyantikaduḥkhanivṛtter na dṛṣṭa upāya iti nāpārthā jijñāsetyarthaḥ ādinas→tasyādhyātmikāder +duḥkhasya
yāḥ n → er n	visarga	1	0.05	yathāvidhi rasāyanakāminīnītiśāstrābhyāsamantrādyupayoge 'pi tasya tasyādhyātmikāder duḥkhasyānivṛtter darśanāt anaikāntikatvaṃ nivṛttasyāpi punarutpattidarśanād anātyantikatvam iti sukaro 'pyaikāntikātyantikaduḥkhanivṛtter na dṛṣṭa upāya iti nāpārthā jijñāsetyarthaḥ nivṛttyāḥ→'pyaikāntikātyantikaduḥkhanivṛtter +na
t ī → d ī	consonant / other	1	0.05	tasmād vaidikasya tāpatrayapratīkārahetor muhūrtayāmāhorātramāsasaṃvatsarādinirvartanīyatayānekajanmaparaṃparāyāsasaṃpādanīyād vivekajñānād īṣatkaratvāt punar api vyarthā jijñāsetyāśaṅkyāha jñānāt→vivekajñānād +īṣatkara
yāḥ v → ito v	visarga	1	0.05	tathā ca śrūyata ātmā jñātavyaḥ prakṛtito vivektavyaḥ na sa punar āvartata iti prakṛtito+vivektavyaḥ
ḥ p → Ø p	visarga	1	0.05	tathā ca śrūyata ātmā jñātavyaḥ prakṛtito vivektavyaḥ na sa punar āvartata iti sa+punar
ṃkaraḥ j → ṅkaro j	visarga	1	0.05	svalpaḥ saṅkaro jyotiṣṭomādijanmanaḥ pradhānapūrvasya paśuhiṃsādijanmanānarthahetunāpūrveṇa saparihāraḥ saṅkaro+jyotiṣṭoma
au a → āv a	vowel coalescence	1	0.05	atha pramādataḥ prāyaścittam api nācaritaṃ pradhānakarmavipākasamaye ca pacyate tathāpi yāvad asāv anarthaṃ sūte tāvat sapratyavamarṣaḥ asāv+anarthaṃ
ṇi bh → Ø bh	consonant / other	1	0.05	na ca mā hiṃsyāt sarvā bhūtānīti sāmānyaśāstraṃ viśeṣaśāstreṇāgnīṣomīyaṃ paśum ālabhetetyanena bādhyata iti yuktam sarvā+bhūtāni
_ p → hīnasaṃpadaṃ p	anusvāra / nasal	1	0.05	parasaṃpadutkarṣo hi hīnasaṃpadaṃ puruṣaṃ duḥkhākaroti _→hīnasaṃpadaṃ +puruṣaṃ
ama n → e n	consonant / other	1	0.05	śrutismṛtītihāsapurāṇebhyo vyaktādīn vivekena śrutvā śāstrayuktyā ca vyavasthāpya dīrghakālādaranairantaryasatkārasevitād bhāvanāmayāt tattvābhyāsān nāsmi na me nāham ityapariśeṣam aviparyayād viśuddhaṃ kevalam utpadyate jñānam iti me+na
āt h → ato h	consonant / other	1	0.05	saṃkṣepato hi śāstrārthasya catasro vidhāḥ saṃkṣepato+hi
m → śceti m	anusvāra / nasal	1	0.05	mūlaṃ cāsau prakṛtiśceti mūlaprakṛtiḥ iti→prakṛtiśceti +mūlaprakṛtiḥ
r p → ḥ p	consonant / other	1	0.05	katamāḥ punaḥ prakṛtivikṛtayaḥ kiyatyaśceti punaḥ+prakṛti
m ṣ → ṃ ṣ	anusvāra / nasal	1	0.05	ata uktaṃ ṣoḍaśakastu vikāra iti uktaṃ+ṣoḍaśakaḥ
t h → dd h	consonant / other	1	0.05	ata āha prameyasiddhiḥ pramāṇāddhi pramāṇāt+hi→pramāṇāddhi
ḥ y → Ø y	visarga	1	0.05	viṣayāḥ pṛthivyādayaḥ sukhādayaścāsmadādīnām aviṣayāśca tanmātralakṣaṇā yoginām ūrdhvasrotasāṃ ca viṣayāḥ lakṣaṇāḥ→tanmātralakṣaṇā +yoginām
n a → nn a	consonant / other	1	0.05	tasminnadhyavasāyas tadāśrita ityarthaḥ tasmin+adhyavasāyaḥ→tasminnadhyavasāyas
yāḥ t → es t	visarga	1	0.05	upāttaviṣayāṇām indriyāṇāṃ vṛttau satyāṃ buddhes tamo'bhibhave sati yaḥ sattvasamudrekaḥ so 'dhyavasāya iti ca vṛttir iti ca jñānam iti cākhyāyate buddhes+tamas
d ph → t ph	consonant / other	1	0.05	anena yaścetanāśakter anugrahas tatphalaṃ pramābodhaḥ tad+phalam→tatphalaṃ
aḥ adhyavasāyaḥ → o 'dhyavasāyo	visarga	1	0.05	buddhitattvaṃ hi prākṛtatvād acetanam iti tadīyo 'dhyavasāyo 'pyacetano ghaṭādivat tadīyo+'dhyavasāyo
adhyavasāyaḥ a → 'dhyavasāyo a	visarga	1	0.05	buddhitattvaṃ hi prākṛtatvād acetanam iti tadīyo 'dhyavasāyo 'pyacetano ghaṭādivat 'dhyavasāyo+api
ayam b → 'yaṃ b	anusvāra / nasal	1	0.05	so 'yaṃ buddhitattvavartinā jñānasukhādinā tatpratibimbitas tacchāyāpattyā jñānasukhādimān iva bhavatīti tenānugṛhyate 'yaṃ+buddhi
d ch → c ch	consonant / other	1	0.05	so 'yaṃ buddhitattvavartinā jñānasukhādinā tatpratibimbitas tacchāyāpattyā jñānasukhādimān iva bhavatīti tenānugṛhyate tad+chāyā→tacchāyāpattyā
m v → grahaṇenāsadviṣayaṃ v	anusvāra / nasal	1	0.05	viṣayagrahaṇenāsadviṣayaṃ viparyayam apākaroti viṣayam→viṣayagrahaṇenāsadviṣayaṃ +viparyayam
k d → g d	consonant / other	1	0.05	na ca puruṣāntaragatā ajñānasaṃdehaviparyayāḥ śakyā arvāgdṛśā pratipattuṃ nāpi mānāntareṇa tadabhāvāt arvāk+dṛśā→arvāgdṛśā
as l → o l	consonant / other	1	0.05	tat sāmānyato lakṣitaṃ viśeṣatas trividham sāmānyato+lakṣitaṃ
mpratyayaḥ i → ṃpratyaya i	visarga	1	0.05	sa eva viṣayatayā yasyāstyanumānasya taccheṣavad yad āhuḥ prasaktapratiṣedhe 'nyatrāprasaṅgācchiṣyamāṇe saṃpratyaya iti saṃpratyaya+iti
ayam p → 'yaṃ p	anusvāra / nasal	1	0.05	so 'yaṃ pūrvavataḥ sāmānyatodṛṣṭāt saty api vītatvena tulyatve viśeṣaḥ 'yaṃ+pūrvavataḥ
t ś → c ś	consonant / other	1	0.05	prayojakavṛddhaśabdasya śravaṇasamanantaraṃ prayojyavṛddhasya pravṛttihetujñānānumānapūrvakatvāc chabdārthasaṃbandhagrahasya svārthasaṃbandhajñānasahakāriṇaśca śabdasyārthapratyāyakatvād anumānānantaraṃ śabdaṃ lakṣayatyāptaśrutir āptavacanaṃ tviti tvāt→pravṛttihetujñānānumānapūrvakatvāc +śabdārtha
t ch → c ch	consonant / other	1	0.05	ayuktatvaṃ caiteṣāṃ vigānācchinnamūlatvāt pramāṇaviruddhābhidhānāt kaiścid eva mlecchādibhiḥ puruṣāpasadaiḥ paśuprāyaiḥ parigrahād boddhavyam vigānāt+chinna→vigānācchinnamūlatvāt
ī ā → r ā	vowel coalescence	1	0.05	tajjanitā dhīr āgama eva dhīr+āgama
a j → ' j	consonant / other	1	0.05	na ca caitrasya sattvena gṛhābhāvaḥ śakyo 'jñātuṃ yenāsiddho gṛhābhāvo hetuḥ syād gṛhābhāvena vā sattvam apahnūyate yena sattvam evānupapadyamānam ātmānaṃ na bahir avasthāpayet a+jñātum→'jñātuṃ
aḥ anumīyate → o 'numīyata	visarga	1	0.05	tasmād gṛhābhāvena siddhena sato bahirbhāvo 'numīyata iti yuktam bahirbhāvo+'numīyata
anumīyate i → 'numīyata i	consonant / other	1	0.05	tasmād gṛhābhāvena siddhena sato bahirbhāvo 'numīyata iti yuktam 'numīyata+iti
ḥ ṛ → Ø ṛ	visarga	1	0.05	pratikṣaṇaṃ pariṇāmino hi sarva eva bhāvā ṛte citiśakteḥ bhāvā+ṛte
m kh → ṃ kh	anusvāra / nasal	1	0.05	khārītvaṃ hi droṇādyavinābhūtaṃ pratītaṃ khāryāṃ droṇādisattvam avagamayati pratītaṃ+khāryāṃ
a n → cā n	consonant / other	1	0.05	yac cānirdiṣṭapravaktṛkaṃ pravādamātram iti hocur vṛddhā ityaitihyaṃ yathehavaṭe yakṣaḥ pravasatīti tad apramāṇam anirdiṣṭapravaktṛtvena sāṃśayikatvāt a+nirdiṣṭa→cānirdiṣṭapravaktṛkaṃ
a ū → o	vowel coalescence	1	0.05	yac cānirdiṣṭapravaktṛkaṃ pravādamātram iti hocur vṛddhā ityaitihyaṃ yathehavaṭe yakṣaḥ pravasatīti tad apramāṇam anirdiṣṭapravaktṛtvena sāṃśayikatvāt ha+ūcuḥ→hocur
p → aḥ p	consonant / other	1	0.05	tatra vyaktaṃ pṛthivyādisvarūpataḥ pāṃsulapado 'pi pratyakṣataḥ pratipadyate pūrvavatā cānumānena dhūmādidarśanād vahnyādīti tadvyutpādanāya mandaprayojanaṃ śāstram iti duradhigamam anena vyutpādanīyam svarūpāt→pṛthivyādisvarūpataḥ +pāṃsula
ābhiḥ bh → ībhir bh	visarga	1	0.05	abhibhavād yathāhani saurībhir bhābhir abhibhūtaṃ grahanakṣatramaṇḍalaṃ na paśyati saurībhir+bhābhir
r t → s t	consonant / other	1	0.05	kiṃ punastat kāryaṃ yataḥ pradhānānumānam iti punar+tat→punastat
e p → asmin p	consonant / other	1	0.05	tatra pūrvasmin pakṣatraye pradhānaṃ na sidhyati pūrvasmin+pakṣa
a asat → a 'san	consonant / other	1	0.05	yadi punar asataḥ sajjāyata 'san nirupākhyaṃ kāraṇaṃ sukhādirūpaśabdādyātmakaṃ kathaṃ syāt jāyata+'san
asat n → 'san n	consonant / other	1	0.05	yadi punar asataḥ sajjāyata 'san nirupākhyaṃ kāraṇaṃ sukhādirūpaśabdādyātmakaṃ kathaṃ syāt 'san+nirupākhyaṃ
k i → g i	consonant / other	1	0.05	sat kāryaṃ kāraṇavyāpārāt prāg iti śeṣaḥ prāg+iti
b → syaiva b	consonant / other	1	0.05	yadyapi ca bījamṛtpiṇḍādipradhvaṃsānantaram aṅkuraghaṭādyutpattir upalabhyate tathāpi na pradhvaṃsasya kāraṇatvam api tu bhāvasyaiva bījādyavayavasya eva→bhāvasyaiva +bīja
p → sahasreṇāpi p	consonant / other	1	0.05	na hi nīlaṃ śilpisahasreṇāpi pītaṃ kartuṃ śakyate api→śilpisahasreṇāpi +pītaṃ
a t → as	consonant / other	1	0.05	asaṃbaddhenātadātmanāsattvena katham asan ghaṭaḥ a+tad→asaṃbaddhenātadātmanāsattvena
k a → g a	consonant / other	1	0.05	tasmāt kāraṇavyāpārād ūrdhvam iva prāg api sad eva kāryam iti prāg+api
t ū → d ū	consonant / other	1	0.05	tasmāt kāraṇavyāpārād ūrdhvam iva prāg api sad eva kāryam iti vyāpārāt→kāraṇavyāpārād +ūrdhvam
aḥ abhivyaktiḥ → o 'bhivyaktir	visarga	1	0.05	karaṇaṃ cāsya sato 'bhivyaktir avaśiṣyate sato+'bhivyaktir
abhivyaktiḥ a → 'bhivyaktir a	visarga	1	0.05	karaṇaṃ cāsya sato 'bhivyaktir avaśiṣyate 'bhivyaktir+avaśiṣyate
mbandhāt i → ṃbandhād i	anusvāra / nasal	1	0.05	upādānāni kāraṇāni teṣāṃ grahaṇaṃ kāryeṇa upādānaiḥ kāryasya saṃbandhād iti yāvat saṃbandhād+iti
s k → ḥ k	consonant / other	1	0.05	śaktibheda eva tādṛśo yataḥ kiṃcid eva kāryaṃ na sarvam iti cet yataḥ+kiṃcid
ḥ asaṃbaddhaḥ → ḥ 'saṃbaddho	visarga	1	0.05	hanta bhoḥ śaktiviśeṣaḥ kāryasambaddho 'saṃbaddho vā sambaddhaḥ+'saṃbaddho
asaṃbaddhaḥ v → 'saṃbaddho v	visarga	1	0.05	hanta bhoḥ śaktiviśeṣaḥ kāryasambaddho 'saṃbaddho vā 'saṃbaddho+vā
mbandhaḥ i → ṃbandha i	visarga	1	0.05	sambaddhatve nāsatā saṃbandha iti sat kāryam saṃbandha+iti
u u → ū	vowel coalescence	1	0.05	asaṃbaddhatve saivāvyavastheti suṣṭhūktaṃ śaktasya śakyakaraṇād iti suṣṭhu+uktam→suṣṭhūktaṃ
as bh → o bh	consonant / other	1	0.05	iha yad yato bhidyate tat tasya dharmo 'bhavati yathā gaur aśvasya yato+bhidyate
ā _ → ā gaur	consonant / other	1	0.05	iha yad yato bhidyate tat tasya dharmo 'bhavati yathā gaur aśvasya yathā+gaur
_ a → gaur a	consonant / other	1	0.05	iha yad yato bhidyate tat tasya dharmo 'bhavati yathā gaur aśvasya gaur+aśvasya
_ a → yayor a	consonant / other	1	0.05	yayor arthāntaratvaṃ na tayor upādānopādeyabhāvo yathā ghaṭapaṭayoḥ yayor+artha
as d → o d	consonant / other	1	0.05	iha yad yasmād bhinnaṃ tasya gurutvāntaraṃ kāryaṃ gṛhyate yathā palikasya rucakasya gurutvakāryo yo 'vanativiśeṣastato dvipalikasya svastikasya gurutvakāryo 'vanatibhedo 'dhikaḥ tatas→'vanativiśeṣastato +dvi
nām v → ṇāṃ v	anusvāra / nasal	1	0.05	na hi sati kāraṇāṇāṃ vyāpāraṃ paśyāmaḥ kāraṇāṇāṃ+vyāpāraṃ
aḥ aprāptyāḥ → o 'prāpter	visarga	1	0.05	nāpi sattvarajastamasāṃ parasparaṃ saṃyogo 'prāpter abhāvāt saṃyogo+'prāpter
aprāptyāḥ a → 'prāpter a	visarga	1	0.05	nāpi sattvarajastamasāṃ parasparaṃ saṃyogo 'prāpter abhāvāt 'prāpter+abhāvāt
as n → o n	consonant / other	1	0.05	yathā pradhānam svato na vivicyata evam mahadādayo 'pi na pradhānād vivicyante tadātmakatvāt svato+na
s i → r i	consonant / other	1	0.05	viṣayo grāhyo vijñānād bahir iti yāvat bahir+iti
ḥ acetanāḥ → ḥ 'cetanā	visarga	1	0.05	sarva eva pradhānabuddhyādayo 'cetanā na tu vaināśikavaccaitanyam buddher ityarthaḥ ādayaḥ+'cetanā
acetanāḥ n → 'cetanā n	visarga	1	0.05	sarva eva pradhānabuddhyādayo 'cetanā na tu vaināśikavaccaitanyam buddher ityarthaḥ 'cetanā+na
yāḥ i → er i	visarga	1	0.05	sarva eva pradhānabuddhyādayo 'cetanā na tu vaināśikavaccaitanyam buddher ityarthaḥ buddher+iti
aḥ r → o r	visarga	1	0.05	aprītir duḥkham aprītyātmako rajoguṇaḥ ātmakaḥ→aprītyātmako +rajas
yāḥ e → er e	visarga	1	0.05	parasparabhāvātmakatve tu parasparāśrayāpatter ekasyāpyasiddher ubhayasiddhir iti bhāvaḥ āpattyāḥ→parasparāśrayāpatter +ekasya
yāḥ u → er u	visarga	1	0.05	parasparabhāvātmakatve tu parasparāśrayāpatter ekasyāpyasiddher ubhayasiddhir iti bhāvaḥ asiddhyāḥ→ekasyāpyasiddher +ubhaya
ḥ t → Ø t	visarga	1	0.05	yadyapyādhārādheyabhāvo nāśrayārthastathāpi yadapekṣayā yasya kriyā sa tasyāśrayaḥ sa+tasya
aḥ anyatamam → o 'nyatamaṃ	visarga	1	0.05	anyatamo 'nyatamaṃ janayati anyatamo+'nyatamaṃ
anyatamam j → 'nyatamaṃ j	anusvāra / nasal	1	0.05	anyatamo 'nyatamaṃ janayati 'nyatamaṃ+janayati
ḥ dh → r dh	visarga	1	0.05	tatra kāryasyodgamane hetur dharmo lāghavaṃ gauravapratidvaṃdvi hetur+dharmo
as agneḥ → o 'gner	visarga	1	0.05	yato 'gner ūrdhvaṃ jvalanaṃ bhavati tad eva lāghavaṃ kasyacit tiryaggamane hetur yathā vāyoḥ yato+'gner
agneḥ ū → 'gner ū	visarga	1	0.05	yato 'gner ūrdhvaṃ jvalanaṃ bhavati tad eva lāghavaṃ kasyacit tiryaggamane hetur yathā vāyoḥ 'gner+ūrdhvaṃ
ḥ y → r y	visarga	1	0.05	yato 'gner ūrdhvaṃ jvalanaṃ bhavati tad eva lāghavaṃ kasyacit tiryaggamane hetur yathā vāyoḥ hetur+yathā
ḥ l → r l	visarga	1	0.05	evaṃ karaṇānāṃ vṛttipaṭutve hetur lāghavaṃ gurutve hi mandāni syur iti sattvasya prakāśātmatvam uktam hetur+lāghavaṃ
m dh → ṃ dh	anusvāra / nasal	1	0.05	nanu ca parasparavirodhaśīlā guṇāḥ sundopasundavat parasparaṃ dhvaṃsanta ityeva yuktaṃ prāgevaiṣām ekakriyākartṛteti parasparaṃ+dhvaṃsanta
ḥ g → Ø g	visarga	1	0.05	nanu ca parasparavirodhaśīlā guṇāḥ sundopasundavat parasparaṃ dhvaṃsanta ityeva yuktaṃ prāgevaiṣām ekakriyākartṛteti śīlāḥ→parasparavirodhaśīlā +guṇāḥ
k e → g e	consonant / other	1	0.05	nanu ca parasparavirodhaśīlā guṇāḥ sundopasundavat parasparaṃ dhvaṃsanta ityeva yuktaṃ prāgevaiṣām ekakriyākartṛteti prāk+eva→prāgevaiṣām
v → o v	consonant / other	1	0.05	ata āha pradīpavaccārthato vṛttiḥ arthāt→pradīpavaccārthato +vṛttiḥ
ī t → i t	consonant / other	1	0.05	dṛṣṭam eva tad yathā vartitaile analavirodhinī atha ca milite sahānalena rūpaprakāśalakṣaṇaṃ kāryaṃ kurutaḥ yathā ca vātapittaśleṣmāṇaḥ parasparaṃ virodhinaḥ śarīradharaṇalakṣaṇakāryakāriṇaḥ vartī+taile→vartitaile
āt i → ata i	consonant / other	1	0.05	arthata iti puruṣārthata iti yathā vakṣyati puruṣārtha eva hetur na kenacit kāryate karaṇam iti arthata+iti
r s → ḥ s	consonant / other	1	0.05	ye punaḥ sattvādayo nānubhavapatham ārohanti teṣāṃ kutastyam avivekitvaṃ viṣayatvaṃ sāmānyatvam acetanatvaṃ prasavadharmitvaṃ ceti punaḥ+sattva
t v → ddhemapiṇḍād v	consonant / other	1	0.05	tathā ca yathā kūrmaśarīre santyevāṅgāni niścaranti vibhajyanta idaṃ kūrmasya śarīram etānyetasyāṅgānītyevaṃ niviśamānāni tasminn avyaktībhavantyevaṃ mṛtpiṇḍāddhemapiṇḍād vā kāryāṇi kuṭakaṭakādīni santyevāvirbhavanti vibhajyante santyeva pṛthivyādīni kāraṇāt tanmātrād āvirbhavanti vibhajyante santyeva tanmātrāṇyahaṃkārāt kāraṇāt sann evāhaṃkāraḥ kāraṇān mahataḥ sann eva ca mahān paramāvyaktād iti piṇḍāt→mṛtpiṇḍāddhemapiṇḍād +vā
ayam k → 'yaṃ k	anusvāra / nasal	1	0.05	so 'yaṃ kāraṇāt paramāvyaktāt sākṣātpāraṃparyeṇānvitasya viśvasya kāryasya vibhāgaḥ 'yaṃ+kāraṇāt
ant s → ān s	consonant / other	1	0.05	evaṃ pṛthivyādayastanmātrāṇi viśantaḥ svāpekṣayā tanmātrāṇy avyaktayanty evaṃ tanmātrāṇyahaṃkāraṃ viśantyahaṃkāram avyaktayantyevam ahaṃkāro mahāntam āviśan mahāntam avyaktayati mahān svaṃ kāraṇaṃ viśan prakṛtim avyaktayati mahān+svaṃ
ntaḥ e → ta e	visarga	1	0.05	śaktitaḥ pravṛttiḥ kāraṇakāryavibhāgāvibhāgau ca mahata eva paramāvyaktatvaṃ sādhayiṣyata iti kṛtaṃ tataḥ pareṇāvyakteneti mahata+eva
