id	type	rule	category	lesson	difficulty	question	answer	choices	context
SD-0001	join	a a → ā	vowel coalescence	1	easy	Apply sandhi: a + a → ?	ā	ar | e | ī | ā	ajarāmaravat prājño vidyāmarthaṃ ca cintayet ajara+amara→ajarāmaravat
SD-0002	split	a a → ā	vowel coalescence	1	easy	You meet “ā” while reading. What was the original junction?	a + a	a + u | a + a | ā + ā | i + i	ajarāmaravat prājño vidyāmarthaṃ ca cintayet ajara+amara→ajarāmaravat
SD-0003	identify	a a → ā	vowel coalescence	1	easy	Which sandhi class is “a + a → ā”?	vowel coalescence	anusvāra / nasal | vowel coalescence | visarga | consonant / other	ajarāmaravat prājño vidyāmarthaṃ ca cintayet ajara+amara→ajarāmaravat
SD-0004	join	m p → ṃ p	anusvāra / nasal	1	easy	Apply sandhi: m + p → ?	ṃ p	ṃ gh | ṃ m | ṃ p | ṃ l	udyoginaṃ puruṣasiṃham upaiti lakṣmīr daivena deyam iti kāpuruṣā vadanti udyoginaṃ+puruṣa
SD-0005	split	m p → ṃ p	anusvāra / nasal	1	easy	You meet “ṃ p” while reading. What was the original junction?	m + p	m + p | m + h | n + c | m + n	udyoginaṃ puruṣasiṃham upaiti lakṣmīr daivena deyam iti kāpuruṣā vadanti udyoginaṃ+puruṣa
SD-0006	identify	m p → ṃ p	anusvāra / nasal	1	easy	Which sandhi class is “m + p → ṃ p”?	anusvāra / nasal	anusvāra / nasal | consonant / other | vowel coalescence | visarga	udyoginaṃ puruṣasiṃham upaiti lakṣmīr daivena deyam iti kāpuruṣā vadanti udyoginaṃ+puruṣa
SD-0007	join	m s → ṃ s	anusvāra / nasal	2	easy	Apply sandhi: m + s → ?	ṃ s	ṃ k | ṃ dh | ṃ b | ṃ s	śruto hitopadeśo 'yaṃ pāṭavaṃ saṃskṛtoktiṣu pāṭavaṃ+saṃskṛta
SD-0008	split	m s → ṃ s	anusvāra / nasal	2	easy	You meet “ṃ s” while reading. What was the original junction?	m + s	m + b | m + s | m + d | m + c	śruto hitopadeśo 'yaṃ pāṭavaṃ saṃskṛtoktiṣu pāṭavaṃ+saṃskṛta
SD-0009	identify	m s → ṃ s	anusvāra / nasal	2	easy	Which sandhi class is “m + s → ṃ s”?	anusvāra / nasal	visarga | vowel coalescence | consonant / other | anusvāra / nasal	śruto hitopadeśo 'yaṃ pāṭavaṃ saṃskṛtoktiṣu pāṭavaṃ+saṃskṛta
SD-0010	join	m v → ṃ v	anusvāra / nasal	2	easy	Apply sandhi: m + v → ?	ṃ v	ṃ c | ṃ d | ṃ h | ṃ v	vidyā dadāti vinayaṃ vinayād yāti pātratām vinayaṃ+vinayād
SD-0011	split	m v → ṃ v	anusvāra / nasal	2	easy	You meet “ṃ v” while reading. What was the original junction?	m + v	m + v | m + g | m + y | m + j	vidyā dadāti vinayaṃ vinayād yāti pātratām vinayaṃ+vinayād
SD-0012	identify	m v → ṃ v	anusvāra / nasal	2	easy	Which sandhi class is “m + v → ṃ v”?	anusvāra / nasal	consonant / other | vowel coalescence | anusvāra / nasal | visarga	vidyā dadāti vinayaṃ vinayād yāti pātratām vinayaṃ+vinayād
SD-0013	join	m t → ṃ t	anusvāra / nasal	2	easy	Apply sandhi: m + t → ?	ṃ t	ṃ l | ṃs t | ṃ h | ṃ t	pātratvāt dhanam āpnoti dhanād dharmaṃ tataḥ sukham dharmaṃ+tataḥ
SD-0014	split	m t → ṃ t	anusvāra / nasal	2	easy	You meet “ṃ t” while reading. What was the original junction?	m + t	m + ś | m + l | m + g | m + t	pātratvāt dhanam āpnoti dhanād dharmaṃ tataḥ sukham dharmaṃ+tataḥ
SD-0015	identify	m t → ṃ t	anusvāra / nasal	2	easy	Which sandhi class is “m + t → ṃ t”?	anusvāra / nasal	vowel coalescence | anusvāra / nasal | consonant / other | visarga	pātratvāt dhanam āpnoti dhanād dharmaṃ tataḥ sukham dharmaṃ+tataḥ
SD-0016	join	m c → ṃ c	anusvāra / nasal	3	easy	Apply sandhi: m + c → ?	ṃ c	ṃ c | ṃ ś | ṃs t | ṃ p	ajarāmaravat prājño vidyāmarthaṃ ca cintayet artham→vidyāmarthaṃ +ca
SD-0017	split	m c → ṃ c	anusvāra / nasal	3	easy	You meet “ṃ c” while reading. What was the original junction?	m + c	m + bh | m + c | m + p | m + g	ajarāmaravat prājño vidyāmarthaṃ ca cintayet artham→vidyāmarthaṃ +ca
SD-0018	identify	m c → ṃ c	anusvāra / nasal	3	easy	Which sandhi class is “m + c → ṃ c”?	anusvāra / nasal	visarga | consonant / other | vowel coalescence | anusvāra / nasal	ajarāmaravat prājño vidyāmarthaṃ ca cintayet artham→vidyāmarthaṃ +ca
SD-0019	join	m k → ṃ k	anusvāra / nasal	3	easy	Apply sandhi: m + k → ?	ṃ k	ṃ j | ṃ v | ṃ t | ṃ k	dhanurvaṃśaviśuddho 'pi nirguṇaḥ kiṃ kariṣyati kiṃ+kariṣyati
SD-0020	split	m k → ṃ k	anusvāra / nasal	3	easy	You meet “ṃ k” while reading. What was the original junction?	m + k	m + k | m + d | m + gh | m + r	dhanurvaṃśaviśuddho 'pi nirguṇaḥ kiṃ kariṣyati kiṃ+kariṣyati
SD-0021	identify	m k → ṃ k	anusvāra / nasal	3	easy	Which sandhi class is “m + k → ṃ k”?	anusvāra / nasal	consonant / other | vowel coalescence | anusvāra / nasal | visarga	dhanurvaṃśaviśuddho 'pi nirguṇaḥ kiṃ kariṣyati kiṃ+kariṣyati
SD-0022	join	m m → ṃ m	anusvāra / nasal	3	easy	Apply sandhi: m + m → ?	ṃ m	ṃ n | ṃ bh | ṃ s | ṃ m	dāne tapasi śaurye ca yasya na prathitaṃ manaḥ prathitaṃ+manaḥ
SD-0023	split	m m → ṃ m	anusvāra / nasal	3	easy	You meet “ṃ m” while reading. What was the original junction?	m + m	m + t | m + y | m + m | m + h	dāne tapasi śaurye ca yasya na prathitaṃ manaḥ prathitaṃ+manaḥ
SD-0024	identify	m m → ṃ m	anusvāra / nasal	3	easy	Which sandhi class is “m + m → ṃ m”?	anusvāra / nasal	anusvāra / nasal | visarga | consonant / other | vowel coalescence	dāne tapasi śaurye ca yasya na prathitaṃ manaḥ prathitaṃ+manaḥ
SD-0025	join	m n → ṃ n	anusvāra / nasal	3	easy	Apply sandhi: m + n → ?	ṃ n	ṃ n | ṃ bh | ṃ y | ṃ gh	vācāṃ sarvatra vaicitryaṃ nītividyāṃ dadāti ca vaicitryaṃ+nīti
SD-0026	split	m n → ṃ n	anusvāra / nasal	3	easy	You meet “ṃ n” while reading. What was the original junction?	m + n	m + p | n + c | m + n | m + h	vācāṃ sarvatra vaicitryaṃ nītividyāṃ dadāti ca vaicitryaṃ+nīti
SD-0027	identify	m n → ṃ n	anusvāra / nasal	3	easy	Which sandhi class is “m + n → ṃ n”?	anusvāra / nasal	consonant / other | vowel coalescence | anusvāra / nasal | visarga	vācāṃ sarvatra vaicitryaṃ nītividyāṃ dadāti ca vaicitryaṃ+nīti
SD-0028	join	a ā → ā	vowel coalescence	3	easy	Apply sandhi: a + ā → ?	ā	e | y e | y a | ā	ity ākarṇyātmanaḥ putrāṇām anadhigataśāstrāṇāṃ nityam unmārgagāmināṃ śāstrānanuṣṭhānenodvignamanāḥ sa rājā cintayāmāsa ākarṇya+ātmanaḥ→ākarṇyātmanaḥ
SD-0029	split	a ā → ā	vowel coalescence	3	easy	You meet “ā” while reading. What was the original junction?	a + ā	a + ṛ | a + ī | a + ā | i + e	ity ākarṇyātmanaḥ putrāṇām anadhigataśāstrāṇāṃ nityam unmārgagāmināṃ śāstrānanuṣṭhānenodvignamanāḥ sa rājā cintayāmāsa ākarṇya+ātmanaḥ→ākarṇyātmanaḥ
SD-0030	identify	a ā → ā	vowel coalescence	3	easy	Which sandhi class is “a + ā → ā”?	vowel coalescence	vowel coalescence | anusvāra / nasal | visarga | consonant / other	ity ākarṇyātmanaḥ putrāṇām anadhigataśāstrāṇāṃ nityam unmārgagāmināṃ śāstrānanuṣṭhānenodvignamanāḥ sa rājā cintayāmāsa ākarṇya+ātmanaḥ→ākarṇyātmanaḥ
SD-0031	join	ḥ t → s t	visarga	4	medium	Apply sandhi: ḥ + t → ?	s t	Ø d | s t | o d | o bh	kathāchalena bālānāṃ nītis tad iha kathyate nītis+tad
SD-0032	split	ḥ t → s t	visarga	4	medium	You meet “s t” while reading. What was the original junction?	ḥ + t	iḥ + p | ḥ + g | ḥ + t | ḥ + s	kathāchalena bālānāṃ nītis tad iha kathyate nītis+tad
SD-0033	identify	ḥ t → s t	visarga	4	medium	Which sandhi class is “ḥ + t → s t”?	visarga	anusvāra / nasal | consonant / other | visarga | vowel coalescence	kathāchalena bālānāṃ nītis tad iha kathyate nītis+tad
SD-0034	join	m d → ṃ d	anusvāra / nasal	4	medium	Apply sandhi: m + d → ?	ṃ d	ṃ d | ṃ m | ṃ t | ṃ p	vācāṃ sarvatra vaicitryaṃ nītividyāṃ dadāti ca vidyām→nītividyāṃ +dadāti
SD-0035	split	m d → ṃ d	anusvāra / nasal	4	medium	You meet “ṃ d” while reading. What was the original junction?	m + d	m + d | m + b | m + m | m + r	vācāṃ sarvatra vaicitryaṃ nītividyāṃ dadāti ca vidyām→nītividyāṃ +dadāti
SD-0036	identify	m d → ṃ d	anusvāra / nasal	4	medium	Which sandhi class is “m + d → ṃ d”?	anusvāra / nasal	anusvāra / nasal | consonant / other | vowel coalescence | visarga	vācāṃ sarvatra vaicitryaṃ nītividyāṃ dadāti ca vidyām→nītividyāṃ +dadāti
SD-0037	join	ḥ c → ś c	visarga	4	medium	Apply sandhi: ḥ + c → ?	ś c	o m | ś c | o r | Ø ā	ekaś candramās tamo hanti na ca tārāgaṇair api ekaś+candramās
SD-0038	split	ḥ c → ś c	visarga	4	medium	You meet “ś c” while reading. What was the original junction?	ḥ + c	ḥ + dh | aḥ + d | ḥ + c | ḥ + j	ekaś candramās tamo hanti na ca tārāgaṇair api ekaś+candramās
SD-0039	identify	ḥ c → ś c	visarga	4	medium	Which sandhi class is “ḥ + c → ś c”?	visarga	visarga | consonant / other | anusvāra / nasal | vowel coalescence	ekaś candramās tamo hanti na ca tārāgaṇair api ekaś+candramās
SD-0040	join	m ś → ṃ ś	anusvāra / nasal	4	medium	Apply sandhi: m + ś → ?	ṃ ś	ṃ ś | ṃ dh | ṃs t | ṃ b	sa bhūpatir ekadā kenāpi pāṭhyamānaṃ ślokadvayaṃ śuśrāva pāṭhyamānaṃ+śloka
SD-0041	split	m ś → ṃ ś	anusvāra / nasal	4	medium	You meet “ṃ ś” while reading. What was the original junction?	m + ś	m + l | m + ś | m + s | n + c	sa bhūpatir ekadā kenāpi pāṭhyamānaṃ ślokadvayaṃ śuśrāva pāṭhyamānaṃ+śloka
SD-0042	identify	m ś → ṃ ś	anusvāra / nasal	4	medium	Which sandhi class is “m + ś → ṃ ś”?	anusvāra / nasal	consonant / other | vowel coalescence | anusvāra / nasal | visarga	sa bhūpatir ekadā kenāpi pāṭhyamānaṃ ślokadvayaṃ śuśrāva pāṭhyamānaṃ+śloka
SD-0043	join	m y → ṃ y	anusvāra / nasal	5	medium	Apply sandhi: m + y → ?	ṃ y	ṃ b | ṃ v | ṃ gh | ṃ y	sarvasya locanaṃ śāstraṃ yasya nāsty andha eva saḥ śāstraṃ+yasya
SD-0044	split	m y → ṃ y	anusvāra / nasal	5	medium	You meet “ṃ y” while reading. What was the original junction?	m + y	m + d | m + c | m + y | m + k	sarvasya locanaṃ śāstraṃ yasya nāsty andha eva saḥ śāstraṃ+yasya
SD-0045	identify	m y → ṃ y	anusvāra / nasal	5	medium	Which sandhi class is “m + y → ṃ y”?	anusvāra / nasal	vowel coalescence | anusvāra / nasal | consonant / other | visarga	sarvasya locanaṃ śāstraṃ yasya nāsty andha eva saḥ śāstraṃ+yasya
SD-0046	join	aḥ v → o v	visarga	5	medium	Apply sandhi: aḥ + v → ?	o v	r b | Ø m | Ø s | o v	ajarāmaravat prājño vidyāmarthaṃ ca cintayet prājño+vidyām
SD-0047	split	aḥ v → o v	visarga	5	medium	You meet “o v” while reading. What was the original junction?	aḥ + v	ḥ + v | aḥ + v | aḥ + y | ḥ + h	ajarāmaravat prājño vidyāmarthaṃ ca cintayet prājño+vidyām
SD-0048	identify	aḥ v → o v	visarga	5	medium	Which sandhi class is “aḥ + v → o v”?	visarga	consonant / other | visarga | anusvāra / nasal | vowel coalescence	ajarāmaravat prājño vidyāmarthaṃ ca cintayet prājño+vidyām
SD-0049	join	a u → o	vowel coalescence	5	medium	Apply sandhi: a + u → ?	o	y u | e | v a | o	śruto hitopadeśo 'yaṃ pāṭavaṃ saṃskṛtoktiṣu saṃskṛta+uktiṣu→saṃskṛtoktiṣu
SD-0050	split	a u → o	vowel coalescence	5	medium	You meet “o” while reading. What was the original junction?	a + u	ā + i | u + e | a + a | a + u	śruto hitopadeśo 'yaṃ pāṭavaṃ saṃskṛtoktiṣu saṃskṛta+uktiṣu→saṃskṛtoktiṣu
SD-0051	identify	a u → o	vowel coalescence	5	medium	Which sandhi class is “a + u → o”?	vowel coalescence	vowel coalescence | visarga | anusvāra / nasal | consonant / other	śruto hitopadeśo 'yaṃ pāṭavaṃ saṃskṛtoktiṣu saṃskṛta+uktiṣu→saṃskṛtoktiṣu
SD-0052	join	m bh → ṃ bh	anusvāra / nasal	5	medium	Apply sandhi: m + bh → ?	ṃ bh	ṃ c | ṃ j | ṃ b | ṃ bh	samudram iva durdharṣaṃ nṛpaṃ bhāgyam ataḥ param nṛpaṃ+bhāgyam
SD-0053	split	m bh → ṃ bh	anusvāra / nasal	5	medium	You meet “ṃ bh” while reading. What was the original junction?	m + bh	n + t | m + bh | m + n | m + m	samudram iva durdharṣaṃ nṛpaṃ bhāgyam ataḥ param nṛpaṃ+bhāgyam
SD-0054	identify	m bh → ṃ bh	anusvāra / nasal	5	medium	Which sandhi class is “m + bh → ṃ bh”?	anusvāra / nasal	visarga | vowel coalescence | consonant / other | anusvāra / nasal	samudram iva durdharṣaṃ nṛpaṃ bhāgyam ataḥ param nṛpaṃ+bhāgyam
SD-0055	join	i a → y a	vowel coalescence	5	medium	Apply sandhi: i + a → ?	y a	ā | y a | ar | ī	sarvasya locanaṃ śāstraṃ yasya nāsty andha eva saḥ asti→nāsty +andha
SD-0056	split	i a → y a	vowel coalescence	5	medium	You meet “y a” while reading. What was the original junction?	i + a	i + a | a + ā | i + i | i + e	sarvasya locanaṃ śāstraṃ yasya nāsty andha eva saḥ asti→nāsty +andha
SD-0057	identify	i a → y a	vowel coalescence	5	medium	Which sandhi class is “i + a → y a”?	vowel coalescence	consonant / other | vowel coalescence | visarga | anusvāra / nasal	sarvasya locanaṃ śāstraṃ yasya nāsty andha eva saḥ asti→nāsty +andha
SD-0058	join	ā a → ā	vowel coalescence	5	medium	Apply sandhi: ā + a → ?	ā	ā | e ' | ai | y e	saṃyojayati vidyaiva nīcagāpi naraṃ sarit nīcagā+api→nīcagāpi
SD-0059	split	ā a → ā	vowel coalescence	5	medium	You meet “ā” while reading. What was the original junction?	ā + a	ā + a | a + ā | i + a | a + i	saṃyojayati vidyaiva nīcagāpi naraṃ sarit nīcagā+api→nīcagāpi
SD-0060	identify	ā a → ā	vowel coalescence	5	medium	Which sandhi class is “ā + a → ā”?	vowel coalescence	visarga | anusvāra / nasal | vowel coalescence | consonant / other	saṃyojayati vidyaiva nīcagāpi naraṃ sarit nīcagā+api→nīcagāpi
SD-0061	join	m r → ṃ r	anusvāra / nasal	5	medium	Apply sandhi: m + r → ?	ṃ r	ṃ r | ṃ l | ṃ c | ṃ j	atha prāsādapṛṣṭhe sukhopaviṣṭānāṃ rājaputrāṇāṃ purastāt prastāvakrameṇa paṇḍito 'bravīt upaviṣṭānām→sukhopaviṣṭānāṃ +rāja
SD-0062	split	m r → ṃ r	anusvāra / nasal	5	medium	You meet “ṃ r” while reading. What was the original junction?	m + r	m + y | m + g | m + h | m + r	atha prāsādapṛṣṭhe sukhopaviṣṭānāṃ rājaputrāṇāṃ purastāt prastāvakrameṇa paṇḍito 'bravīt upaviṣṭānām→sukhopaviṣṭānāṃ +rāja
SD-0063	identify	m r → ṃ r	anusvāra / nasal	5	medium	Which sandhi class is “m + r → ṃ r”?	anusvāra / nasal	vowel coalescence | anusvāra / nasal | visarga | consonant / other	atha prāsādapṛṣṭhe sukhopaviṣṭānāṃ rājaputrāṇāṃ purastāt prastāvakrameṇa paṇḍito 'bravīt upaviṣṭānām→sukhopaviṣṭānāṃ +rāja
SD-0064	join	aḥ m → o m	visarga	5	medium	Apply sandhi: aḥ + m → ?	o m	o m | Ø y | o bh | o g	asti kaścid evambhūto vidvān yo mama putrāṇāṃ nityam unmārgagāminām anadhigataśāstrāṇām idānīṃ nītiśāstropadeśena punar janma kārayituṃ samarthaḥ yataḥ yo+mama
SD-0065	split	aḥ m → o m	visarga	5	medium	You meet “o m” while reading. What was the original junction?	aḥ + m	aḥ + m | ḥ + ā | ḥ + b | ḥ + m	asti kaścid evambhūto vidvān yo mama putrāṇāṃ nityam unmārgagāminām anadhigataśāstrāṇām idānīṃ nītiśāstropadeśena punar janma kārayituṃ samarthaḥ yataḥ yo+mama
SD-0066	identify	aḥ m → o m	visarga	5	medium	Which sandhi class is “aḥ + m → o m”?	visarga	visarga | consonant / other | vowel coalescence | anusvāra / nasal	asti kaścid evambhūto vidvān yo mama putrāṇāṃ nityam unmārgagāminām anadhigataśāstrāṇām idānīṃ nītiśāstropadeśena punar janma kārayituṃ samarthaḥ yataḥ yo+mama
SD-0067	join	a e → ai	vowel coalescence	6	medium	Apply sandhi: a + e → ?	ai	v i | ar | ai | o	varaṃ garbhasrāvo varam api ca naivābhigamanaṃ varaṃ jātaḥ preto varam api ca kanyāvajanitā na+eva→naivābhigamanaṃ
SD-0068	split	a e → ai	vowel coalescence	6	medium	You meet “ai” while reading. What was the original junction?	a + e	ā + a | a + ā | u + a | a + e	varaṃ garbhasrāvo varam api ca naivābhigamanaṃ varaṃ jātaḥ preto varam api ca kanyāvajanitā na+eva→naivābhigamanaṃ
SD-0069	identify	a e → ai	vowel coalescence	6	medium	Which sandhi class is “a + e → ai”?	vowel coalescence	visarga | consonant / other | vowel coalescence | anusvāra / nasal	varaṃ garbhasrāvo varam api ca naivābhigamanaṃ varaṃ jātaḥ preto varam api ca kanyāvajanitā na+eva→naivābhigamanaṃ
SD-0070	join	aḥ a → o '	visarga	6	medium	Apply sandhi: aḥ + a → ?	o '	r h | o v | Ø p | o '	ko 'rthaḥ putreṇa jātena yo na vidvān na dhārmikaḥ ko+'rthaḥ
SD-0071	split	aḥ a → o '	visarga	6	medium	You meet “o '” while reading. What was the original junction?	aḥ + a	ḥ + m | ḥ + n | aḥ + a | ḥ + bh	ko 'rthaḥ putreṇa jātena yo na vidvān na dhārmikaḥ ko+'rthaḥ
SD-0072	identify	aḥ a → o '	visarga	6	medium	Which sandhi class is “aḥ + a → o '”?	visarga	visarga | anusvāra / nasal | consonant / other | vowel coalescence	ko 'rthaḥ putreṇa jātena yo na vidvān na dhārmikaḥ ko+'rthaḥ
SD-0073	join	aḥ n → o n	visarga	6	medium	Apply sandhi: aḥ + n → ?	o n	o n | Ø y | o r | o j	yan nave bhājane lagnaḥ saṃskāro nānyathā bhavet saṃskāro+na
SD-0074	split	aḥ n → o n	visarga	6	medium	You meet “o n” while reading. What was the original junction?	aḥ + n	ḥ + g | aḥ + n | aḥ + l | aḥ + bh	yan nave bhājane lagnaḥ saṃskāro nānyathā bhavet saṃskāro+na
SD-0075	identify	aḥ n → o n	visarga	6	medium	Which sandhi class is “aḥ + n → o n”?	visarga	consonant / other | vowel coalescence | visarga | anusvāra / nasal	yan nave bhājane lagnaḥ saṃskāro nānyathā bhavet saṃskāro+na
SD-0076	join	m g → ṃ g	anusvāra / nasal	6	medium	Apply sandhi: m + g → ?	ṃ g	ṃ bh | ṃ m | ṃ gh | ṃ g	varaṃ garbhasrāvo varam api ca naivābhigamanaṃ varaṃ jātaḥ preto varam api ca kanyāvajanitā varaṃ+garbhasrāvo
SD-0077	split	m g → ṃ g	anusvāra / nasal	6	medium	You meet “ṃ g” while reading. What was the original junction?	m + g	m + j | m + c | m + n | m + g	varaṃ garbhasrāvo varam api ca naivābhigamanaṃ varaṃ jātaḥ preto varam api ca kanyāvajanitā varaṃ+garbhasrāvo
SD-0078	identify	m g → ṃ g	anusvāra / nasal	6	medium	Which sandhi class is “m + g → ṃ g”?	anusvāra / nasal	visarga | vowel coalescence | anusvāra / nasal | consonant / other	varaṃ garbhasrāvo varam api ca naivābhigamanaṃ varaṃ jātaḥ preto varam api ca kanyāvajanitā varaṃ+garbhasrāvo
SD-0079	join	m h → ṃ h	anusvāra / nasal	6	medium	Apply sandhi: m + h → ?	ṃ h	ṃś c | ṃ h | ṃ v | ṃ m	nagnatvaṃ nīlakaṇṭhasya mahāhiśayanaṃ hareḥ śayanam→mahāhiśayanaṃ +hareḥ
SD-0080	split	m h → ṃ h	anusvāra / nasal	6	medium	You meet “ṃ h” while reading. What was the original junction?	m + h	m + gh | m + d | m + dh | m + h	nagnatvaṃ nīlakaṇṭhasya mahāhiśayanaṃ hareḥ śayanam→mahāhiśayanaṃ +hareḥ
SD-0081	identify	m h → ṃ h	anusvāra / nasal	6	medium	Which sandhi class is “m + h → ṃ h”?	anusvāra / nasal	anusvāra / nasal | vowel coalescence | visarga | consonant / other	nagnatvaṃ nīlakaṇṭhasya mahāhiśayanaṃ hareḥ śayanam→mahāhiśayanaṃ +hareḥ
SD-0082	join	ḥ a → r a	visarga	6	medium	Apply sandhi: ḥ + a → ?	r a	Ø e | r y | r a | r h	sarvadravyeṣu vidyaiva dravyam āhur anuttamam āhur+anuttamam
SD-0083	split	ḥ a → r a	visarga	6	medium	You meet “r a” while reading. What was the original junction?	ḥ + a	ḥ + ā | ḥ + dh | ḥ + a | ḥ + u	sarvadravyeṣu vidyaiva dravyam āhur anuttamam āhur+anuttamam
SD-0084	identify	ḥ a → r a	visarga	6	medium	Which sandhi class is “ḥ + a → r a”?	visarga	visarga | vowel coalescence | anusvāra / nasal | consonant / other	sarvadravyeṣu vidyaiva dravyam āhur anuttamam āhur+anuttamam
SD-0085	join	aḥ a → o a	visarga	6	medium	Apply sandhi: aḥ + a → ?	o a	o d | r v | o a | Ø m	varaṃ vandhyā bhāryā varam api ca garbheṣu vasatir na vāvidvān rūpadraviṇaguṇayukto 'pi tanayaḥ yuktaḥ→rūpadraviṇaguṇayukto +'pi
SD-0086	split	aḥ a → o a	visarga	6	medium	You meet “o a” while reading. What was the original junction?	aḥ + a	ḥ + m | ḥ + a | aḥ + a | ḥ + dh	varaṃ vandhyā bhāryā varam api ca garbheṣu vasatir na vāvidvān rūpadraviṇaguṇayukto 'pi tanayaḥ yuktaḥ→rūpadraviṇaguṇayukto +'pi
SD-0087	identify	aḥ a → o a	visarga	6	medium	Which sandhi class is “aḥ + a → o a”?	visarga	visarga | vowel coalescence | anusvāra / nasal | consonant / other	varaṃ vandhyā bhāryā varam api ca garbheṣu vasatir na vāvidvān rūpadraviṇaguṇayukto 'pi tanayaḥ yuktaḥ→rūpadraviṇaguṇayukto +'pi
SD-0088	join	a i → e	vowel coalescence	6	medium	Apply sandhi: a + i → ?	e	e | v i | ar | v e	ajāgalastanasyeva tasya janma nirarthakam ajāgalastanasya+iva→ajāgalastanasyeva
SD-0089	split	a i → e	vowel coalescence	6	medium	You meet “e” while reading. What was the original junction?	a + i	a + ī | a + ā | i + ā | a + i	ajāgalastanasyeva tasya janma nirarthakam ajāgalastanasya+iva→ajāgalastanasyeva
SD-0090	identify	a i → e	vowel coalescence	6	medium	Which sandhi class is “a + i → e”?	vowel coalescence	visarga | anusvāra / nasal | vowel coalescence | consonant / other	ajāgalastanasyeva tasya janma nirarthakam ajāgalastanasya+iva→ajāgalastanasyeva
SD-0091	join	m b → ṃ b	anusvāra / nasal	6	medium	Apply sandhi: m + b → ?	ṃ b	ṃ j | ṃ y | ṃ gh | ṃ b	prakāśaṃ brūte prakāśaṃ+brūte
SD-0092	split	m b → ṃ b	anusvāra / nasal	6	medium	You meet “ṃ b” while reading. What was the original junction?	m + b	m + b | m + p | m + s | m + t	prakāśaṃ brūte prakāśaṃ+brūte
SD-0093	identify	m b → ṃ b	anusvāra / nasal	6	medium	Which sandhi class is “m + b → ṃ b”?	anusvāra / nasal	vowel coalescence | consonant / other | anusvāra / nasal | visarga	prakāśaṃ brūte prakāśaṃ+brūte
SD-0094	join	m j → ṃ j	anusvāra / nasal	6	medium	Apply sandhi: m + j → ?	ṃ j	ṃ g | ṃ j | ṃ s | ṃ v	varaṃ garbhasrāvo varam api ca naivābhigamanaṃ varaṃ jātaḥ preto varam api ca kanyāvajanitā varaṃ+jātaḥ
SD-0095	split	m j → ṃ j	anusvāra / nasal	6	medium	You meet “ṃ j” while reading. What was the original junction?	m + j	m + j | m + v | m + y | m + n	varaṃ garbhasrāvo varam api ca naivābhigamanaṃ varaṃ jātaḥ preto varam api ca kanyāvajanitā varaṃ+jātaḥ
SD-0096	identify	m j → ṃ j	anusvāra / nasal	6	medium	Which sandhi class is “m + j → ṃ j”?	anusvāra / nasal	visarga | vowel coalescence | consonant / other | anusvāra / nasal	varaṃ garbhasrāvo varam api ca naivābhigamanaṃ varaṃ jātaḥ preto varam api ca kanyāvajanitā varaṃ+jātaḥ
SD-0097	join	aḥ d → o d	visarga	6	medium	Apply sandhi: aḥ + d → ?	o d	r m | o d | r bh | o n	tadupadeśādidānīm ahaṃ snānaśīlo dātā vṛddho galitanakhadantaḥ na kathaṃ viśvāsabhūmiḥ śīlaḥ→snānaśīlo +dātā
SD-0098	split	aḥ d → o d	visarga	6	medium	You meet “o d” while reading. What was the original junction?	aḥ + d	aḥ + h | iḥ + m | aḥ + y | aḥ + d	tadupadeśādidānīm ahaṃ snānaśīlo dātā vṛddho galitanakhadantaḥ na kathaṃ viśvāsabhūmiḥ śīlaḥ→snānaśīlo +dātā
SD-0099	identify	aḥ d → o d	visarga	6	medium	Which sandhi class is “aḥ + d → o d”?	visarga	vowel coalescence | anusvāra / nasal | consonant / other | visarga	tadupadeśādidānīm ahaṃ snānaśīlo dātā vṛddho galitanakhadantaḥ na kathaṃ viśvāsabhūmiḥ śīlaḥ→snānaśīlo +dātā
SD-0100	join	t a → d a	consonant / other	7	hard	Apply sandhi: t + a → ?	d a	ḥ p | d a | n n | d y	ahāryatvād anarghatvād akṣayatvāc ca sarvadā ahāryatvād+anargha
SD-0101	split	t a → d a	consonant / other	7	hard	You meet “d a” while reading. What was the original junction?	t + a	t + g | t + a | d + p | t + e	ahāryatvād anarghatvād akṣayatvāc ca sarvadā ahāryatvād+anargha
SD-0102	identify	t a → d a	consonant / other	7	hard	Which sandhi class is “t + a → d a”?	consonant / other	anusvāra / nasal | consonant / other | visarga | vowel coalescence	ahāryatvād anarghatvād akṣayatvāc ca sarvadā ahāryatvād+anargha
SD-0103	join	ḥ u → Ø u	visarga	7	hard	Apply sandhi: ḥ + u → ?	Ø u	o 'yaṃ | r dh | Ø u | o l	vyāghra uvāca śṛṇu re pāntha prāg eva yauvanadaśāyām aham atīva durvṛtta āsam vyāghra+uvāca
SD-0104	split	ḥ u → Ø u	visarga	7	hard	You meet “Ø u” while reading. What was the original junction?	ḥ + u	iḥ + m | ḥ + u | ḥ + bh | ḥ + c	vyāghra uvāca śṛṇu re pāntha prāg eva yauvanadaśāyām aham atīva durvṛtta āsam vyāghra+uvāca
SD-0105	identify	ḥ u → Ø u	visarga	7	hard	Which sandhi class is “ḥ + u → Ø u”?	visarga	anusvāra / nasal | consonant / other | vowel coalescence | visarga	vyāghra uvāca śṛṇu re pāntha prāg eva yauvanadaśāyām aham atīva durvṛtta āsam vyāghra+uvāca
SD-0106	join	aḥ bh → o bh	visarga	7	hard	Apply sandhi: aḥ + bh → ?	o bh	o bh | Ø v | r y | o v	tasya putro bhaved vaśyaḥ samṛddho dhārmikaḥ sudhīḥ putro+bhaved
SD-0107	split	aḥ bh → o bh	visarga	7	hard	You meet “o bh” while reading. What was the original junction?	aḥ + bh	aḥ + bh | iḥ + v | ḥ + y | aḥ + y	tasya putro bhaved vaśyaḥ samṛddho dhārmikaḥ sudhīḥ putro+bhaved
SD-0108	identify	aḥ bh → o bh	visarga	7	hard	Which sandhi class is “aḥ + bh → o bh”?	visarga	visarga | vowel coalescence | consonant / other | anusvāra / nasal	tasya putro bhaved vaśyaḥ samṛddho dhārmikaḥ sudhīḥ putro+bhaved
SD-0109	join	aḥ r → o r	visarga	7	hard	Apply sandhi: aḥ + r → ?	o r	ś c | Ø ā | o r | o dh	sampadi yasya na harṣo vipadi viṣādo raṇe ca bhīrutvam viṣādo+raṇe
SD-0110	split	aḥ r → o r	visarga	7	hard	You meet “o r” while reading. What was the original junction?	aḥ + r	ḥ + g | iḥ + p | aḥ + r | aḥ + bh	sampadi yasya na harṣo vipadi viṣādo raṇe ca bhīrutvam viṣādo+raṇe
SD-0111	identify	aḥ r → o r	visarga	7	hard	Which sandhi class is “aḥ + r → o r”?	visarga	visarga | anusvāra / nasal | consonant / other | vowel coalescence	sampadi yasya na harṣo vipadi viṣādo raṇe ca bhīrutvam viṣādo+raṇe
SD-0112	join	aḥ y → o y	visarga	7	hard	Apply sandhi: aḥ + y → ?	o y	Ø p | r b | o y | o dh	sa jāto yena jātena yāti vaṃśaḥ samunnatim jāto+yena
SD-0113	split	aḥ y → o y	visarga	7	hard	You meet “o y” while reading. What was the original junction?	aḥ + y	aḥ + y | ḥ + r | aḥ + bh | aḥ + dh	sa jāto yena jātena yāti vaṃśaḥ samunnatim jāto+yena
SD-0114	identify	aḥ y → o y	visarga	7	hard	Which sandhi class is “aḥ + y → o y”?	visarga	visarga | consonant / other | vowel coalescence | anusvāra / nasal	sa jāto yena jātena yāti vaṃśaḥ samunnatim jāto+yena
SD-0115	join	ḥ v → r v	visarga	7	hard	Apply sandhi: ḥ + v → ?	r v	ḥ ' | o b | Ø t | r v	yaśasi cābhirucir vyasanaṃ śrutau prakṛtisiddham idaṃ hi mahātmanām abhiruciḥ→cābhirucir +vyasanaṃ
SD-0116	split	ḥ v → r v	visarga	7	hard	You meet “r v” while reading. What was the original junction?	ḥ + v	ḥ + v | ḥ + bh | ḥ + c | aḥ + r	yaśasi cābhirucir vyasanaṃ śrutau prakṛtisiddham idaṃ hi mahātmanām abhiruciḥ→cābhirucir +vyasanaṃ
SD-0117	identify	ḥ v → r v	visarga	7	hard	Which sandhi class is “ḥ + v → r v”?	visarga	visarga | consonant / other | anusvāra / nasal | vowel coalescence	yaśasi cābhirucir vyasanaṃ śrutau prakṛtisiddham idaṃ hi mahātmanām abhiruciḥ→cābhirucir +vyasanaṃ
SD-0118	join	ḥ v → Ø v	visarga	7	hard	Apply sandhi: ḥ + v → ?	Ø v	s t | Ø v | o g | r v	udyoginaṃ puruṣasiṃham upaiti lakṣmīr daivena deyam iti kāpuruṣā vadanti kāpuruṣā+vadanti
SD-0119	split	ḥ v → Ø v	visarga	7	hard	You meet “Ø v” while reading. What was the original junction?	ḥ + v	iḥ + t | ḥ + v | ḥ + m | ḥ + h	udyoginaṃ puruṣasiṃham upaiti lakṣmīr daivena deyam iti kāpuruṣā vadanti kāpuruṣā+vadanti
SD-0120	identify	ḥ v → Ø v	visarga	7	hard	Which sandhi class is “ḥ + v → Ø v”?	visarga	vowel coalescence | visarga | consonant / other | anusvāra / nasal	udyoginaṃ puruṣasiṃham upaiti lakṣmīr daivena deyam iti kāpuruṣā vadanti kāpuruṣā+vadanti
SD-0121	join	ḥ i → Ø i	visarga	7	hard	Apply sandhi: ḥ + i → ?	Ø i	o n | Ø e | Ø i | r n	gṛhīta iva keśeṣu mṛtyunā dharmamācaret gṛhīta+iva
SD-0122	split	ḥ i → Ø i	visarga	7	hard	You meet “Ø i” while reading. What was the original junction?	ḥ + i	ḥ + a | ḥ + i | ḥ + ā | aḥ + dh	gṛhīta iva keśeṣu mṛtyunā dharmamācaret gṛhīta+iva
SD-0123	identify	ḥ i → Ø i	visarga	7	hard	Which sandhi class is “ḥ + i → Ø i”?	visarga	anusvāra / nasal | visarga | vowel coalescence | consonant / other	gṛhīta iva keśeṣu mṛtyunā dharmamācaret gṛhīta+iva
SD-0124	join	m dh → ṃ dh	anusvāra / nasal	7	hard	Apply sandhi: m + dh → ?	ṃ dh	ṃ dh | ṃ bh | ṃ d | ṃ l	yauvanaṃ dhanasampattiḥ prabhutvam avivekitā yauvanaṃ+dhana
SD-0125	split	m dh → ṃ dh	anusvāra / nasal	7	hard	You meet “ṃ dh” while reading. What was the original junction?	m + dh	m + bh | m + t | m + v | m + dh	yauvanaṃ dhanasampattiḥ prabhutvam avivekitā yauvanaṃ+dhana
SD-0126	identify	m dh → ṃ dh	anusvāra / nasal	7	hard	Which sandhi class is “m + dh → ṃ dh”?	anusvāra / nasal	anusvāra / nasal | consonant / other | visarga | vowel coalescence	yauvanaṃ dhanasampattiḥ prabhutvam avivekitā yauvanaṃ+dhana
SD-0127	join	e a → e '	vowel coalescence	7	hard	Apply sandhi: e + a → ?	e '	ai | ā | e ' | ar	sa ca bhojanāvaśiṣṭabhikṣānnasahitaṃ bhikṣāpātraṃ nāgadantake 'vasthāpya svapiti dantake+'vasthāpya
SD-0128	split	e a → e '	vowel coalescence	7	hard	You meet “e '” while reading. What was the original junction?	e + a	u + i | u + e | a + ī | e + a	sa ca bhojanāvaśiṣṭabhikṣānnasahitaṃ bhikṣāpātraṃ nāgadantake 'vasthāpya svapiti dantake+'vasthāpya
SD-0129	identify	e a → e '	vowel coalescence	7	hard	Which sandhi class is “e + a → e '”?	vowel coalescence	anusvāra / nasal | visarga | consonant / other | vowel coalescence	sa ca bhojanāvaśiṣṭabhikṣānnasahitaṃ bhikṣāpātraṃ nāgadantake 'vasthāpya svapiti dantake+'vasthāpya
SD-0130	join	t v → d v	consonant / other	7	hard	Apply sandhi: t + v → ?	d v	d v | ḥ p | ḥ ś | n m	tasya putro bhaved vaśyaḥ samṛddho dhārmikaḥ sudhīḥ bhaved+vaśyaḥ
SD-0131	split	t v → d v	consonant / other	7	hard	You meet “d v” while reading. What was the original junction?	t + v	t + v | t + y | t + r | t + u	tasya putro bhaved vaśyaḥ samṛddho dhārmikaḥ sudhīḥ bhaved+vaśyaḥ
SD-0132	identify	t v → d v	consonant / other	7	hard	Which sandhi class is “t + v → d v”?	consonant / other	consonant / other | visarga | vowel coalescence | anusvāra / nasal	tasya putro bhaved vaśyaḥ samṛddho dhārmikaḥ sudhīḥ bhaved+vaśyaḥ
SD-0133	join	aḥ h → o h	visarga	7	hard	Apply sandhi: aḥ + h → ?	o h	o y | s t | o h | Ø c	śruto hitopadeśo 'yaṃ pāṭavaṃ saṃskṛtoktiṣu śruto+hitopadeśo
SD-0134	split	aḥ h → o h	visarga	7	hard	You meet “o h” while reading. What was the original junction?	aḥ + h	aḥ + g | aḥ + h | aḥ + b | ḥ + u	śruto hitopadeśo 'yaṃ pāṭavaṃ saṃskṛtoktiṣu śruto+hitopadeśo
SD-0135	identify	aḥ h → o h	visarga	7	hard	Which sandhi class is “aḥ + h → o h”?	visarga	consonant / other | anusvāra / nasal | visarga | vowel coalescence	śruto hitopadeśo 'yaṃ pāṭavaṃ saṃskṛtoktiṣu śruto+hitopadeśo
SD-0136	join	ḥ m → Ø m	visarga	7	hard	Apply sandhi: ḥ + m → ?	Ø m	o b | Ø v | Ø m | Ø ā	anekagomānuṣāṇāṃ vadhānme putrā mṛtā dārāś ca putrā+mṛtā
SD-0137	split	ḥ m → Ø m	visarga	7	hard	You meet “Ø m” while reading. What was the original junction?	ḥ + m	ḥ + d | ḥ + b | iḥ + k | ḥ + m	anekagomānuṣāṇāṃ vadhānme putrā mṛtā dārāś ca putrā+mṛtā
SD-0138	identify	ḥ m → Ø m	visarga	7	hard	Which sandhi class is “ḥ + m → Ø m”?	visarga	anusvāra / nasal | vowel coalescence | consonant / other | visarga	anekagomānuṣāṇāṃ vadhānme putrā mṛtā dārāś ca putrā+mṛtā
SD-0139	join	ḥ m → r m	visarga	7	hard	Apply sandhi: ḥ + m → ?	r m	r m | o 'yaṃ | Ø r | o y	ṛṇakartā pitā śatrur mātā ca vyabhicāriṇī śatrur+mātā
SD-0140	split	ḥ m → r m	visarga	7	hard	You meet “r m” while reading. What was the original junction?	ḥ + m	ḥ + i | ḥ + d | ḥ + m | ḥ + t	ṛṇakartā pitā śatrur mātā ca vyabhicāriṇī śatrur+mātā
SD-0141	identify	ḥ m → r m	visarga	7	hard	Which sandhi class is “ḥ + m → r m”?	visarga	consonant / other | vowel coalescence | visarga | anusvāra / nasal	ṛṇakartā pitā śatrur mātā ca vyabhicāriṇī śatrur+mātā
SD-0142	join	u a → v a	vowel coalescence	7	hard	Apply sandhi: u + a → ?	v a	o | v a | y e | e	īrṣyī ghṛṇī tv asaṃtuṣṭaḥ krodhano nityaśaṅkitaḥ tv+a
SD-0143	split	u a → v a	vowel coalescence	7	hard	You meet “v a” while reading. What was the original junction?	u + a	a + ā | i + a | u + a | e + a	īrṣyī ghṛṇī tv asaṃtuṣṭaḥ krodhano nityaśaṅkitaḥ tv+a
SD-0144	identify	u a → v a	vowel coalescence	7	hard	Which sandhi class is “u + a → v a”?	vowel coalescence	visarga | anusvāra / nasal | consonant / other | vowel coalescence	īrṣyī ghṛṇī tv asaṃtuṣṭaḥ krodhano nityaśaṅkitaḥ tv+a
SD-0145	join	i e → y e	vowel coalescence	7	hard	Apply sandhi: i + e → ?	y e	v e | y e | ā | y u	yathā hy ekena cakreṇa na rathasya gatir bhavet hy+ekena
SD-0146	split	i e → y e	vowel coalescence	7	hard	You meet “y e” while reading. What was the original junction?	i + e	i + e | u + a | a + i | ā + ā	yathā hy ekena cakreṇa na rathasya gatir bhavet hy+ekena
SD-0147	identify	i e → y e	vowel coalescence	7	hard	Which sandhi class is “i + e → y e”?	vowel coalescence	consonant / other | vowel coalescence | anusvāra / nasal | visarga	yathā hy ekena cakreṇa na rathasya gatir bhavet hy+ekena
SD-0148	join	m l → ṃ l	anusvāra / nasal	8	hard	Apply sandhi: m + l → ?	ṃ l	ṃ t | ṃ l | ṃ ś | ṃ g	lokayātrā bhayaṃ lajjā dākṣiṇyaṃ tyāgaśīlatā bhayaṃ+lajjā
SD-0149	split	m l → ṃ l	anusvāra / nasal	8	hard	You meet “ṃ l” while reading. What was the original junction?	m + l	m + v | m + l | m + b | m + d	lokayātrā bhayaṃ lajjā dākṣiṇyaṃ tyāgaśīlatā bhayaṃ+lajjā
SD-0150	identify	m l → ṃ l	anusvāra / nasal	8	hard	Which sandhi class is “m + l → ṃ l”?	anusvāra / nasal	anusvāra / nasal | consonant / other | vowel coalescence | visarga	lokayātrā bhayaṃ lajjā dākṣiṇyaṃ tyāgaśīlatā bhayaṃ+lajjā
SD-0151	join	ā e → ai	vowel coalescence	8	hard	Apply sandhi: ā + e → ?	ai	o | ai | v a | y u	sarvadravyeṣu vidyaiva dravyam āhur anuttamam vidyā+eva→vidyaiva
SD-0152	split	ā e → ai	vowel coalescence	8	hard	You meet “ai” while reading. What was the original junction?	ā + e	i + i | a + a | ā + e | a + ā	sarvadravyeṣu vidyaiva dravyam āhur anuttamam vidyā+eva→vidyaiva
SD-0153	identify	ā e → ai	vowel coalescence	8	hard	Which sandhi class is “ā + e → ai”?	vowel coalescence	vowel coalescence | anusvāra / nasal | visarga | consonant / other	sarvadravyeṣu vidyaiva dravyam āhur anuttamam vidyā+eva→vidyaiva
SD-0154	join	aḥ b → o b	visarga	8	hard	Apply sandhi: aḥ + b → ?	o b	Ø r | o b | r bh | Ø k	ko dhanyo bahubhiḥ putraiḥ kuśūlāpūraṇāḍhakaiḥ dhanyo+bahubhiḥ
SD-0155	split	aḥ b → o b	visarga	8	hard	You meet “o b” while reading. What was the original junction?	aḥ + b	ḥ + c | ḥ + g | ḥ + p | aḥ + b	ko dhanyo bahubhiḥ putraiḥ kuśūlāpūraṇāḍhakaiḥ dhanyo+bahubhiḥ
SD-0156	identify	aḥ b → o b	visarga	8	hard	Which sandhi class is “aḥ + b → o b”?	visarga	vowel coalescence | consonant / other | visarga | anusvāra / nasal	ko dhanyo bahubhiḥ putraiḥ kuśūlāpūraṇāḍhakaiḥ dhanyo+bahubhiḥ
SD-0157	join	ḥ n → Ø n	visarga	8	hard	Apply sandhi: ḥ + n → ?	Ø n	o dh | Ø n | Ø r | o b	vidyāhīnā na śobhante nirgandhā iva kiṃśukāḥ hīnāḥ→vidyāhīnā +na
SD-0158	split	ḥ n → Ø n	visarga	8	hard	You meet “Ø n” while reading. What was the original junction?	ḥ + n	ḥ + e | ḥ + v | ḥ + n | ḥ + c	vidyāhīnā na śobhante nirgandhā iva kiṃśukāḥ hīnāḥ→vidyāhīnā +na
SD-0159	identify	ḥ n → Ø n	visarga	8	hard	Which sandhi class is “ḥ + n → Ø n”?	visarga	visarga | consonant / other | anusvāra / nasal | vowel coalescence	vidyāhīnā na śobhante nirgandhā iva kiṃśukāḥ hīnāḥ→vidyāhīnā +na
SD-0160	join	ḥ n → r n	visarga	8	hard	Apply sandhi: ḥ + n → ?	r n	r j | Ø p | r e | r n	varaṃ vandhyā bhāryā varam api ca garbheṣu vasatir na vāvidvān rūpadraviṇaguṇayukto 'pi tanayaḥ vasatir+na
SD-0161	split	ḥ n → r n	visarga	8	hard	You meet “r n” while reading. What was the original junction?	ḥ + n	ḥ + dh | aḥ + dh | ḥ + n | ḥ + j	varaṃ vandhyā bhāryā varam api ca garbheṣu vasatir na vāvidvān rūpadraviṇaguṇayukto 'pi tanayaḥ vasatir+na
SD-0162	identify	ḥ n → r n	visarga	8	hard	Which sandhi class is “ḥ + n → r n”?	visarga	vowel coalescence | visarga | anusvāra / nasal | consonant / other	varaṃ vandhyā bhāryā varam api ca garbheṣu vasatir na vāvidvān rūpadraviṇaguṇayukto 'pi tanayaḥ vasatir+na
SD-0163	join	ā i → e	vowel coalescence	8	hard	Apply sandhi: ā + i → ?	e	e | ī | v a | v i	ayaṃ nijaḥ paro veti gaṇanā laghucetasām vā+iti→veti
SD-0164	split	ā i → e	vowel coalescence	8	hard	You meet “e” while reading. What was the original junction?	ā + i	ā + i | a + a | i + i | e + a	ayaṃ nijaḥ paro veti gaṇanā laghucetasām vā+iti→veti
SD-0165	identify	ā i → e	vowel coalescence	8	hard	Which sandhi class is “ā + i → e”?	vowel coalescence	consonant / other | anusvāra / nasal | vowel coalescence | visarga	ayaṃ nijaḥ paro veti gaṇanā laghucetasām vā+iti→veti
SD-0166	join	i u → y u	vowel coalescence	8	hard	Apply sandhi: i + u → ?	y u	ai | y u | ā | o	tad eteṣām asmatputrāṇāṃ nītiśāstropadeśāya bhavantaḥ pramāṇam ity uktvā tasya viṣṇuśarmaṇo bahumānapuraḥsaraṃ putrān samarpitavān ity+uktvā
SD-0167	split	i u → y u	vowel coalescence	8	hard	You meet “y u” while reading. What was the original junction?	i + u	i + e | ā + u | i + u | u + a	tad eteṣām asmatputrāṇāṃ nītiśāstropadeśāya bhavantaḥ pramāṇam ity uktvā tasya viṣṇuśarmaṇo bahumānapuraḥsaraṃ putrān samarpitavān ity+uktvā
SD-0168	identify	i u → y u	vowel coalescence	8	hard	Which sandhi class is “i + u → y u”?	vowel coalescence	consonant / other | anusvāra / nasal | vowel coalescence | visarga	tad eteṣām asmatputrāṇāṃ nītiśāstropadeśāya bhavantaḥ pramāṇam ity uktvā tasya viṣṇuśarmaṇo bahumānapuraḥsaraṃ putrān samarpitavān ity+uktvā
SD-0169	join	aḥ j → o j	visarga	8	hard	Apply sandhi: aḥ + j → ?	o j	r i | o j | Ø v | Ø s	jñānaṃ narāṇām adhiko viśeṣo jñānena hīnāḥ paśubhiḥ samānāḥ viśeṣo+jñānena
SD-0170	split	aḥ j → o j	visarga	8	hard	You meet “o j” while reading. What was the original junction?	aḥ + j	iḥ + t | ḥ + n | aḥ + l | aḥ + j	jñānaṃ narāṇām adhiko viśeṣo jñānena hīnāḥ paśubhiḥ samānāḥ viśeṣo+jñānena
SD-0171	identify	aḥ j → o j	visarga	8	hard	Which sandhi class is “aḥ + j → o j”?	visarga	anusvāra / nasal | vowel coalescence | visarga | consonant / other	jñānaṃ narāṇām adhiko viśeṣo jñānena hīnāḥ paśubhiḥ samānāḥ viśeṣo+jñānena
SD-0172	join	n c → ṃś c	anusvāra / nasal	8	hard	Apply sandhi: n + c → ?	ṃś c	ṃ t | ṃ ś | ṃ dh | ṃś c	atha pāśabaddhāṃś caitān dṛṣṭvā savismayaḥ kṣaṇaṃ sthitvā uvāca sakhe kim etat baddhān→pāśabaddhāṃś +ca
SD-0173	split	n c → ṃś c	anusvāra / nasal	8	hard	You meet “ṃś c” while reading. What was the original junction?	n + c	m + g | m + k | n + c | m + b	atha pāśabaddhāṃś caitān dṛṣṭvā savismayaḥ kṣaṇaṃ sthitvā uvāca sakhe kim etat baddhān→pāśabaddhāṃś +ca
SD-0174	identify	n c → ṃś c	anusvāra / nasal	8	hard	Which sandhi class is “n + c → ṃś c”?	anusvāra / nasal	vowel coalescence | anusvāra / nasal | visarga | consonant / other	atha pāśabaddhāṃś caitān dṛṣṭvā savismayaḥ kṣaṇaṃ sthitvā uvāca sakhe kim etat baddhān→pāśabaddhāṃś +ca
SD-0175	join	ḥ r → Ø r	visarga	8	hard	Apply sandhi: ḥ + r → ?	Ø r	r n | r d | Ø h | Ø r	ity ākarṇyātmanaḥ putrāṇām anadhigataśāstrāṇāṃ nityam unmārgagāmināṃ śāstrānanuṣṭhānenodvignamanāḥ sa rājā cintayāmāsa sa+rājā
SD-0176	split	ḥ r → Ø r	visarga	8	hard	You meet “Ø r” while reading. What was the original junction?	ḥ + r	iḥ + k | ḥ + r | ḥ + v | iḥ + t	ity ākarṇyātmanaḥ putrāṇām anadhigataśāstrāṇāṃ nityam unmārgagāmināṃ śāstrānanuṣṭhānenodvignamanāḥ sa rājā cintayāmāsa sa+rājā
SD-0177	identify	ḥ r → Ø r	visarga	8	hard	Which sandhi class is “ḥ + r → Ø r”?	visarga	anusvāra / nasal | vowel coalescence | visarga | consonant / other	ity ākarṇyātmanaḥ putrāṇām anadhigataśāstrāṇāṃ nityam unmārgagāmināṃ śāstrānanuṣṭhānenodvignamanāḥ sa rājā cintayāmāsa sa+rājā
SD-0178	join	i i → ī	vowel coalescence	8	hard	Apply sandhi: i + i → ?	ī	y u | y ā | o | ī	yena svahastastham api suvarṇakaṅkaṇaṃ yasmai kasmaicid dātum icchāmi tathāpi vyāghro mānuṣaṃ khādatīti lokāpavādo durnivāraḥ khādati+iti→khādatīti
SD-0179	split	i i → ī	vowel coalescence	8	hard	You meet “ī” while reading. What was the original junction?	i + i	ā + a | i + i | u + i | a + ṛ	yena svahastastham api suvarṇakaṅkaṇaṃ yasmai kasmaicid dātum icchāmi tathāpi vyāghro mānuṣaṃ khādatīti lokāpavādo durnivāraḥ khādati+iti→khādatīti
SD-0180	identify	i i → ī	vowel coalescence	8	hard	Which sandhi class is “i + i → ī”?	vowel coalescence	vowel coalescence | consonant / other | anusvāra / nasal | visarga	yena svahastastham api suvarṇakaṅkaṇaṃ yasmai kasmaicid dātum icchāmi tathāpi vyāghro mānuṣaṃ khādatīti lokāpavādo durnivāraḥ khādati+iti→khādatīti
SD-0181	join	aḥ g → o g	visarga	8	hard	Apply sandhi: aḥ + g → ?	o g	o n | r h | o g | Ø s	varam eko guṇī putro na ca mūrkhaśatair api eko+guṇī
SD-0182	split	aḥ g → o g	visarga	8	hard	You meet “o g” while reading. What was the original junction?	aḥ + g	aḥ + bh | aḥ + g | ḥ + d | iḥ + p	varam eko guṇī putro na ca mūrkhaśatair api eko+guṇī
SD-0183	identify	aḥ g → o g	visarga	8	hard	Which sandhi class is “aḥ + g → o g”?	visarga	anusvāra / nasal | consonant / other | vowel coalescence | visarga	varam eko guṇī putro na ca mūrkhaśatair api eko+guṇī
SD-0184	join	ḥ d → Ø d	visarga	8	hard	Apply sandhi: ḥ + d → ?	Ø d	s t | Ø d | Ø s | Ø ā	anekagomānuṣāṇāṃ vadhānme putrā mṛtā dārāś ca mṛtā+dārāś
SD-0185	split	ḥ d → Ø d	visarga	8	hard	You meet “Ø d” while reading. What was the original junction?	ḥ + d	ḥ + a | ḥ + e | ḥ + bh | ḥ + d	anekagomānuṣāṇāṃ vadhānme putrā mṛtā dārāś ca mṛtā+dārāś
SD-0186	identify	ḥ d → Ø d	visarga	8	hard	Which sandhi class is “ḥ + d → Ø d”?	visarga	anusvāra / nasal | consonant / other | visarga | vowel coalescence	anekagomānuṣāṇāṃ vadhānme putrā mṛtā dārāś ca mṛtā+dārāś
SD-0187	join	aḥ dh → o dh	visarga	8	hard	Apply sandhi: aḥ + dh → ?	o dh	o dh | Ø m | Ø s | r ā	tasya putro bhaved vaśyaḥ samṛddho dhārmikaḥ sudhīḥ samṛddho+dhārmikaḥ
SD-0188	split	aḥ dh → o dh	visarga	8	hard	You meet “o dh” while reading. What was the original junction?	aḥ + dh	iḥ + v | ḥ + y | ḥ + j | aḥ + dh	tasya putro bhaved vaśyaḥ samṛddho dhārmikaḥ sudhīḥ samṛddho+dhārmikaḥ
SD-0189	identify	aḥ dh → o dh	visarga	8	hard	Which sandhi class is “aḥ + dh → o dh”?	visarga	vowel coalescence | visarga | consonant / other | anusvāra / nasal	tasya putro bhaved vaśyaḥ samṛddho dhārmikaḥ sudhīḥ samṛddho+dhārmikaḥ
SD-0190	join	ḥ d → r d	visarga	8	hard	Apply sandhi: ḥ + d → ?	r d	Ø m | r d | r bh | Ø y	yathodayagirer dravyaṃ saṃnikarṣeṇa dīpyate udayagireḥ→yathodayagirer +dravyaṃ
SD-0191	split	ḥ d → r d	visarga	8	hard	You meet “r d” while reading. What was the original junction?	ḥ + d	iḥ + n | ḥ + u | ḥ + d | ḥ + v	yathodayagirer dravyaṃ saṃnikarṣeṇa dīpyate udayagireḥ→yathodayagirer +dravyaṃ
SD-0192	identify	ḥ d → r d	visarga	8	hard	Which sandhi class is “ḥ + d → r d”?	visarga	visarga | anusvāra / nasal | consonant / other | vowel coalescence	yathodayagirer dravyaṃ saṃnikarṣeṇa dīpyate udayagireḥ→yathodayagirer +dravyaṃ
SD-0193	join	ḥ i → r i	visarga	8	hard	Apply sandhi: ḥ + i → ?	r i	o a | r bh | Ø r | r i	tena tvaṃ viduṣāṃ madhye paṅke gaur iva sīdasi gaur+iva
SD-0194	split	ḥ i → r i	visarga	8	hard	You meet “r i” while reading. What was the original junction?	ḥ + i	aḥ + h | iḥ + v | ḥ + i | ḥ + y	tena tvaṃ viduṣāṃ madhye paṅke gaur iva sīdasi gaur+iva
SD-0195	identify	ḥ i → r i	visarga	8	hard	Which sandhi class is “ḥ + i → r i”?	visarga	vowel coalescence | consonant / other | visarga | anusvāra / nasal	tena tvaṃ viduṣāṃ madhye paṅke gaur iva sīdasi gaur+iva
SD-0196	join	n t → ṃs t	anusvāra / nasal	8	hard	Apply sandhi: n + t → ?	ṃs t	ṃ c | ṃ g | ṃ r | ṃs t	asmiṃs tu nirguṇaṃ gotre nāpatyam upajāyate asmiṃs+tu
SD-0197	split	n t → ṃs t	anusvāra / nasal	8	hard	You meet “ṃs t” while reading. What was the original junction?	n + t	m + m | m + d | m + b | n + t	asmiṃs tu nirguṇaṃ gotre nāpatyam upajāyate asmiṃs+tu
SD-0198	identify	n t → ṃs t	anusvāra / nasal	8	hard	Which sandhi class is “n + t → ṃs t”?	anusvāra / nasal	visarga | consonant / other | vowel coalescence | anusvāra / nasal	asmiṃs tu nirguṇaṃ gotre nāpatyam upajāyate asmiṃs+tu
SD-0199	join	ḥ e → Ø e	visarga	8	hard	Apply sandhi: ḥ + e → ?	Ø e	o y | Ø e | Ø v | o r	sarvasya locanaṃ śāstraṃ yasya nāsty andha eva saḥ andha+eva
SD-0200	split	ḥ e → Ø e	visarga	8	hard	You meet “Ø e” while reading. What was the original junction?	ḥ + e	ḥ + g | ḥ + e | ḥ + bh | aḥ + a	sarvasya locanaṃ śāstraṃ yasya nāsty andha eva saḥ andha+eva
SD-0201	identify	ḥ e → Ø e	visarga	8	hard	Which sandhi class is “ḥ + e → Ø e”?	visarga	consonant / other | anusvāra / nasal | visarga | vowel coalescence	sarvasya locanaṃ śāstraṃ yasya nāsty andha eva saḥ andha+eva
SD-0202	join	ā ā → ā	vowel coalescence	8	hard	Apply sandhi: ā + ā → ?	ā	v a | e | ā | ai	ādyā hāsyāya vṛddhatve dvitīyādriyate sadā dvitīyā+ādriyate→dvitīyādriyate
SD-0203	split	ā ā → ā	vowel coalescence	8	hard	You meet “ā” while reading. What was the original junction?	ā + ā	a + ṛ | ā + ā | i + i | e + a	ādyā hāsyāya vṛddhatve dvitīyādriyate sadā dvitīyā+ādriyate→dvitīyādriyate
SD-0204	identify	ā ā → ā	vowel coalescence	8	hard	Which sandhi class is “ā + ā → ā”?	vowel coalescence	vowel coalescence | consonant / other | visarga | anusvāra / nasal	ādyā hāsyāya vṛddhatve dvitīyādriyate sadā dvitīyā+ādriyate→dvitīyādriyate
SD-0205	join	ḥ bh → Ø bh	visarga	8	hard	Apply sandhi: ḥ + bh → ?	Ø bh	Ø v | Ø bh | o dh | Ø i	sa bhūpatir ekadā kenāpi pāṭhyamānaṃ ślokadvayaṃ śuśrāva sa+bhūpatir
SD-0206	split	ḥ bh → Ø bh	visarga	8	hard	You meet “Ø bh” while reading. What was the original junction?	ḥ + bh	ḥ + b | ḥ + bh | ḥ + y | ḥ + c	sa bhūpatir ekadā kenāpi pāṭhyamānaṃ ślokadvayaṃ śuśrāva sa+bhūpatir
SD-0207	identify	ḥ bh → Ø bh	visarga	8	hard	Which sandhi class is “ḥ + bh → Ø bh”?	visarga	consonant / other | anusvāra / nasal | visarga | vowel coalescence	sa bhūpatir ekadā kenāpi pāṭhyamānaṃ ślokadvayaṃ śuśrāva sa+bhūpatir
SD-0208	join	ḥ t → Ø t	visarga	8	hard	Apply sandhi: ḥ + t → ?	Ø t	Ø t | Ø y | r i | Ø dh	mayūrāś citritā yena sa te vṛttiṃ vidhāsyati sa+te
SD-0209	split	ḥ t → Ø t	visarga	8	hard	You meet “Ø t” while reading. What was the original junction?	ḥ + t	ḥ + dh | aḥ + a | ḥ + t | ḥ + s	mayūrāś citritā yena sa te vṛttiṃ vidhāsyati sa+te
SD-0210	identify	ḥ t → Ø t	visarga	8	hard	Which sandhi class is “ḥ + t → Ø t”?	visarga	anusvāra / nasal | vowel coalescence | visarga | consonant / other	mayūrāś citritā yena sa te vṛttiṃ vidhāsyati sa+te
SD-0211	join	ḥ u → r u	visarga	8	hard	Apply sandhi: ḥ + u → ?	r u	o bh | r u | o ' | Ø b	vidyāyām arthalābhe ca mātur uccāra eva saḥ mātur+uccāra
SD-0212	split	ḥ u → r u	visarga	8	hard	You meet “r u” while reading. What was the original junction?	ḥ + u	aḥ + v | ḥ + u | aḥ + bh | aḥ + n	vidyāyām arthalābhe ca mātur uccāra eva saḥ mātur+uccāra
SD-0213	identify	ḥ u → r u	visarga	8	hard	Which sandhi class is “ḥ + u → r u”?	visarga	consonant / other | vowel coalescence | visarga | anusvāra / nasal	vidyāyām arthalābhe ca mātur uccāra eva saḥ mātur+uccāra
SD-0214	join	ḥ a → ḥ '	visarga	8	hard	Apply sandhi: ḥ + a → ?	ḥ '	Ø s | o y | o a | ḥ '	varaṃ vandhyā bhāryā varam api ca garbheṣu vasatir na vāvidvān rūpadraviṇaguṇayukto 'pi tanayaḥ yuktaḥ+'pi
SD-0215	split	ḥ a → ḥ '	visarga	8	hard	You meet “ḥ '” while reading. What was the original junction?	ḥ + a	ḥ + dh | ḥ + v | ḥ + a | ḥ + e	varaṃ vandhyā bhāryā varam api ca garbheṣu vasatir na vāvidvān rūpadraviṇaguṇayukto 'pi tanayaḥ yuktaḥ+'pi
SD-0216	identify	ḥ a → ḥ '	visarga	8	hard	Which sandhi class is “ḥ + a → ḥ '”?	visarga	consonant / other | visarga | vowel coalescence | anusvāra / nasal	varaṃ vandhyā bhāryā varam api ca garbheṣu vasatir na vāvidvān rūpadraviṇaguṇayukto 'pi tanayaḥ yuktaḥ+'pi
SD-0217	join	i ā → y ā	vowel coalescence	8	hard	Apply sandhi: i + ā → ?	y ā	v i | e ' | y ā | ai	ity ākarṇyātmanaḥ putrāṇām anadhigataśāstrāṇāṃ nityam unmārgagāmināṃ śāstrānanuṣṭhānenodvignamanāḥ sa rājā cintayāmāsa ity+ākarṇya
SD-0218	split	i ā → y ā	vowel coalescence	8	hard	You meet “y ā” while reading. What was the original junction?	i + ā	ā + u | i + ā | a + ṛ | ā + i	ity ākarṇyātmanaḥ putrāṇām anadhigataśāstrāṇāṃ nityam unmārgagāmināṃ śāstrānanuṣṭhānenodvignamanāḥ sa rājā cintayāmāsa ity+ākarṇya
SD-0219	identify	i ā → y ā	vowel coalescence	8	hard	Which sandhi class is “i + ā → y ā”?	vowel coalescence	vowel coalescence | consonant / other | anusvāra / nasal | visarga	ity ākarṇyātmanaḥ putrāṇām anadhigataśāstrāṇāṃ nityam unmārgagāmināṃ śāstrānanuṣṭhānenodvignamanāḥ sa rājā cintayāmāsa ity+ākarṇya
SD-0220	join	t m → n m	consonant / other	8	hard	Apply sandhi: t + m → ?	n m	n m | d ā | d i | d r	tato yāvad asau tadvacaḥpratīto lobhāt saraḥ snātuṃ praviṣṭaḥ tāvan mahāpaṅke nimagnaḥ palāyitum akṣamaḥ tāvan+mahā
SD-0221	split	t m → n m	consonant / other	8	hard	You meet “n m” while reading. What was the original junction?	t + m	t + ā | t + c | t + m | t + d	tato yāvad asau tadvacaḥpratīto lobhāt saraḥ snātuṃ praviṣṭaḥ tāvan mahāpaṅke nimagnaḥ palāyitum akṣamaḥ tāvan+mahā
SD-0222	identify	t m → n m	consonant / other	8	hard	Which sandhi class is “t + m → n m”?	consonant / other	consonant / other | anusvāra / nasal | visarga | vowel coalescence	tato yāvad asau tadvacaḥpratīto lobhāt saraḥ snātuṃ praviṣṭaḥ tāvan mahāpaṅke nimagnaḥ palāyitum akṣamaḥ tāvan+mahā
SD-0223	join	ā u → o	vowel coalescence	8	hard	Apply sandhi: ā + u → ?	o	v a | o | y u | v i	rājovāca bho bhoḥ paṇḍitāḥ śrūyatāṃ mama vacanam rājā+uvāca→rājovāca
SD-0224	split	ā u → o	vowel coalescence	8	hard	You meet “o” while reading. What was the original junction?	ā + u	ā + e | i + a | a + ī | ā + u	rājovāca bho bhoḥ paṇḍitāḥ śrūyatāṃ mama vacanam rājā+uvāca→rājovāca
SD-0225	identify	ā u → o	vowel coalescence	8	hard	Which sandhi class is “ā + u → o”?	vowel coalescence	visarga | consonant / other | vowel coalescence | anusvāra / nasal	rājovāca bho bhoḥ paṇḍitāḥ śrūyatāṃ mama vacanam rājā+uvāca→rājovāca
SD-0226	join	s s → ḥ s	consonant / other	8	hard	Apply sandhi: s + s → ?	ḥ s	ḥ s | d a | d e | n n	pātratvāt dhanam āpnoti dhanād dharmaṃ tataḥ sukham tataḥ+sukham
SD-0227	split	s s → ḥ s	consonant / other	8	hard	You meet “ḥ s” while reading. What was the original junction?	s + s	t + r | s + s | s + k | t + ā	pātratvāt dhanam āpnoti dhanād dharmaṃ tataḥ sukham tataḥ+sukham
SD-0228	identify	s s → ḥ s	consonant / other	8	hard	Which sandhi class is “s + s → ḥ s”?	consonant / other	anusvāra / nasal | visarga | consonant / other | vowel coalescence	pātratvāt dhanam āpnoti dhanād dharmaṃ tataḥ sukham tataḥ+sukham
SD-0229	join	ḥ y → Ø y	visarga	8	hard	Apply sandhi: ḥ + y → ?	Ø y	r d | Ø y | Ø m | o 'yaṃ	prāṇā yathātmano 'bhīṣṭā bhūtānām api te tathā prāṇā+yathā
SD-0230	split	ḥ y → Ø y	visarga	8	hard	You meet “Ø y” while reading. What was the original junction?	ḥ + y	ḥ + dh | ḥ + y | aḥ + y | ḥ + i	prāṇā yathātmano 'bhīṣṭā bhūtānām api te tathā prāṇā+yathā
SD-0231	identify	ḥ y → Ø y	visarga	8	hard	Which sandhi class is “ḥ + y → Ø y”?	visarga	visarga | anusvāra / nasal | vowel coalescence | consonant / other	prāṇā yathātmano 'bhīṣṭā bhūtānām api te tathā prāṇā+yathā
SD-0232	join	t c → c c	consonant / other	8	hard	Apply sandhi: t + c → ?	c c	d r | d v | c c | d e	ahāryatvād anarghatvād akṣayatvāc ca sarvadā tvāt→akṣayatvāc +ca
SD-0233	split	t c → c c	consonant / other	8	hard	You meet “c c” while reading. What was the original junction?	t + c	t + ā | s + p | as + v | t + c	ahāryatvād anarghatvād akṣayatvāc ca sarvadā tvāt→akṣayatvāc +ca
SD-0234	identify	t c → c c	consonant / other	8	hard	Which sandhi class is “t + c → c c”?	consonant / other	consonant / other | vowel coalescence | visarga | anusvāra / nasal	ahāryatvād anarghatvād akṣayatvāc ca sarvadā tvāt→akṣayatvāc +ca
SD-0235	join	ḥ y → r y	visarga	9	hard	Apply sandhi: ḥ + y → ?	r y	r ā | r v | r y | Ø y	sa bandhur yo vipannānām āpaduddharaṇakṣamaḥ bandhur+yo
SD-0236	split	ḥ y → r y	visarga	9	hard	You meet “r y” while reading. What was the original junction?	ḥ + y	aḥ + ayam | ḥ + dh | ḥ + y | ḥ + h	sa bandhur yo vipannānām āpaduddharaṇakṣamaḥ bandhur+yo
SD-0237	identify	ḥ y → r y	visarga	9	hard	Which sandhi class is “ḥ + y → r y”?	visarga	vowel coalescence | consonant / other | visarga | anusvāra / nasal	sa bandhur yo vipannānām āpaduddharaṇakṣamaḥ bandhur+yo
SD-0238	join	ḥ bh → r bh	visarga	9	hard	Apply sandhi: ḥ + bh → ?	r bh	r a | o d | r bh | Ø s	yathā hy ekena cakreṇa na rathasya gatir bhavet gatir+bhavet
SD-0239	split	ḥ bh → r bh	visarga	9	hard	You meet “r bh” while reading. What was the original junction?	ḥ + bh	ḥ + d | ḥ + bh | aḥ + g | aḥ + a	yathā hy ekena cakreṇa na rathasya gatir bhavet gatir+bhavet
SD-0240	identify	ḥ bh → r bh	visarga	9	hard	Which sandhi class is “ḥ + bh → r bh”?	visarga	consonant / other | anusvāra / nasal | visarga | vowel coalescence	yathā hy ekena cakreṇa na rathasya gatir bhavet gatir+bhavet
SD-0241	join	ḥ ā → r ā	visarga	9	hard	Apply sandhi: ḥ + ā → ?	r ā	Ø h | Ø u | r ā | r g	tatra sarvasvāmiguṇopetaḥ sudarśano nāma narapatir āsīt narapatir+āsīt
SD-0242	split	ḥ ā → r ā	visarga	9	hard	You meet “r ā” while reading. What was the original junction?	ḥ + ā	ḥ + t | aḥ + a | ḥ + ā | ḥ + j	tatra sarvasvāmiguṇopetaḥ sudarśano nāma narapatir āsīt narapatir+āsīt
SD-0243	identify	ḥ ā → r ā	visarga	9	hard	Which sandhi class is “ḥ + ā → r ā”?	visarga	anusvāra / nasal | visarga | consonant / other | vowel coalescence	tatra sarvasvāmiguṇopetaḥ sudarśano nāma narapatir āsīt narapatir+āsīt
SD-0244	join	s p → ḥ p	consonant / other	9	hard	Apply sandhi: s + p → ?	ḥ p	d u | d e | n n | ḥ p	samudram iva durdharṣaṃ nṛpaṃ bhāgyam ataḥ param ataḥ+param
SD-0245	split	s p → ḥ p	consonant / other	9	hard	You meet “ḥ p” while reading. What was the original junction?	s + p	s + ś | t + ś | t + m | s + p	samudram iva durdharṣaṃ nṛpaṃ bhāgyam ataḥ param ataḥ+param
SD-0246	identify	s p → ḥ p	consonant / other	9	hard	Which sandhi class is “s + p → ḥ p”?	consonant / other	visarga | anusvāra / nasal | consonant / other | vowel coalescence	samudram iva durdharṣaṃ nṛpaṃ bhāgyam ataḥ param ataḥ+param
SD-0247	join	t d → d d	consonant / other	9	hard	Apply sandhi: t + d → ?	d d	d ā | d dh | d i | d d	sakṛd duḥkhakarāv ādyāv antimas tu pade pade sakṛd+duḥkha
SD-0248	split	t d → d d	consonant / other	9	hard	You meet “d d” while reading. What was the original junction?	t + d	s + s | t + m | t + y | t + d	sakṛd duḥkhakarāv ādyāv antimas tu pade pade sakṛd+duḥkha
SD-0249	identify	t d → d d	consonant / other	9	hard	Which sandhi class is “t + d → d d”?	consonant / other	vowel coalescence | anusvāra / nasal | visarga | consonant / other	sakṛd duḥkhakarāv ādyāv antimas tu pade pade sakṛd+duḥkha
SD-0250	join	t y → d y	consonant / other	9	hard	Apply sandhi: t + y → ?	d y	d y | ḥ ś | cch | d d	vidyā dadāti vinayaṃ vinayād yāti pātratām vinayād+yāti
SD-0251	split	t y → d y	consonant / other	9	hard	You meet “d y” while reading. What was the original junction?	t + y	t + m | t + ś | t + y | as + v	vidyā dadāti vinayaṃ vinayād yāti pātratām vinayād+yāti
SD-0252	identify	t y → d y	consonant / other	9	hard	Which sandhi class is “t + y → d y”?	consonant / other	visarga | consonant / other | anusvāra / nasal | vowel coalescence	vidyā dadāti vinayaṃ vinayād yāti pātratām vinayād+yāti
SD-0253	join	ḥ h → Ø h	visarga	9	hard	Apply sandhi: ḥ + h → ?	Ø h	o 'yaṃ | o ' | r u | Ø h	sa hi gaganavihārī kalmaṣadhvaṃsakārī daśaśatakaradhārī jyotiṣāṃ madhyacārī sa+hi
SD-0254	split	ḥ h → Ø h	visarga	9	hard	You meet “Ø h” while reading. What was the original junction?	ḥ + h	ḥ + c | ḥ + h | aḥ + d | iḥ + s	sa hi gaganavihārī kalmaṣadhvaṃsakārī daśaśatakaradhārī jyotiṣāṃ madhyacārī sa+hi
SD-0255	identify	ḥ h → Ø h	visarga	9	hard	Which sandhi class is “ḥ + h → Ø h”?	visarga	consonant / other | vowel coalescence | visarga | anusvāra / nasal	sa hi gaganavihārī kalmaṣadhvaṃsakārī daśaśatakaradhārī jyotiṣāṃ madhyacārī sa+hi
SD-0256	join	t n → n n	consonant / other	9	hard	Apply sandhi: t + n → ?	n n	ḥ ś | d ā | o d | n n	yan nave bhājane lagnaḥ saṃskāro nānyathā bhavet yan+nave
SD-0257	split	t n → n n	consonant / other	9	hard	You meet “n n” while reading. What was the original junction?	t + n	t + y | t + e | t + n | t + v	yan nave bhājane lagnaḥ saṃskāro nānyathā bhavet yan+nave
SD-0258	identify	t n → n n	consonant / other	9	hard	Which sandhi class is “t + n → n n”?	consonant / other	anusvāra / nasal | visarga | vowel coalescence | consonant / other	yan nave bhājane lagnaḥ saṃskāro nānyathā bhavet yan+nave
SD-0259	join	t bh → d bh	consonant / other	9	hard	Apply sandhi: t + bh → ?	d bh	ḥ p | ḥ k | n n | d bh	yad abhāvi na tad bhāvi bhāvi cen na tad anyathā tad+bhāvi
SD-0260	split	t bh → d bh	consonant / other	9	hard	You meet “d bh” while reading. What was the original junction?	t + bh	s + p | t + bh | t + ś | as + d	yad abhāvi na tad bhāvi bhāvi cen na tad anyathā tad+bhāvi
SD-0261	identify	t bh → d bh	consonant / other	9	hard	Which sandhi class is “t + bh → d bh”?	consonant / other	visarga | consonant / other | vowel coalescence | anusvāra / nasal	yad abhāvi na tad bhāvi bhāvi cen na tad anyathā tad+bhāvi
SD-0262	join	t i → d i	consonant / other	9	hard	Apply sandhi: t + i → ?	d i	d r | d i | o v | ḥ ś	kathāchalena bālānāṃ nītis tad iha kathyate tad+iha
SD-0263	split	t i → d i	consonant / other	9	hard	You meet “d i” while reading. What was the original junction?	t + i	t + m | t + c | t + n | t + i	kathāchalena bālānāṃ nītis tad iha kathyate tad+iha
SD-0264	identify	t i → d i	consonant / other	9	hard	Which sandhi class is “t + i → d i”?	consonant / other	visarga | consonant / other | vowel coalescence | anusvāra / nasal	kathāchalena bālānāṃ nītis tad iha kathyate tad+iha
SD-0265	join	t e → d e	consonant / other	9	hard	Apply sandhi: t + e → ?	d e	d e | n n | d i | cch	tad eteṣām asmatputrāṇāṃ nītiśāstropadeśāya bhavantaḥ pramāṇam ity uktvā tasya viṣṇuśarmaṇo bahumānapuraḥsaraṃ putrān samarpitavān tad+eteṣām
SD-0266	split	t e → d e	consonant / other	9	hard	You meet “d e” while reading. What was the original junction?	t + e	t + e | d + k | t + ā | t + ś	tad eteṣām asmatputrāṇāṃ nītiśāstropadeśāya bhavantaḥ pramāṇam ity uktvā tasya viṣṇuśarmaṇo bahumānapuraḥsaraṃ putrān samarpitavān tad+eteṣām
SD-0267	identify	t e → d e	consonant / other	9	hard	Which sandhi class is “t + e → d e”?	consonant / other	anusvāra / nasal | visarga | consonant / other | vowel coalescence	tad eteṣām asmatputrāṇāṃ nītiśāstropadeśāya bhavantaḥ pramāṇam ity uktvā tasya viṣṇuśarmaṇo bahumānapuraḥsaraṃ putrān samarpitavān tad+eteṣām
SD-0268	join	ḥ b → r b	visarga	9	hard	Apply sandhi: ḥ + b → ?	r b	r b | Ø m | o dh | r a	tṛṇair guṇatvam āpannair badhyante mattadantinaḥ āpannair+badhyante
SD-0269	split	ḥ b → r b	visarga	9	hard	You meet “r b” while reading. What was the original junction?	ḥ + b	ḥ + u | aḥ + l | ḥ + b | ḥ + ā	tṛṇair guṇatvam āpannair badhyante mattadantinaḥ āpannair+badhyante
SD-0270	identify	ḥ b → r b	visarga	9	hard	Which sandhi class is “ḥ + b → r b”?	visarga	consonant / other | vowel coalescence | anusvāra / nasal | visarga	tṛṇair guṇatvam āpannair badhyante mattadantinaḥ āpannair+badhyante
SD-0271	join	iḥ s → Ø s	visarga	9	hard	Apply sandhi: iḥ + s → ?	Ø s	Ø s | o bh | r e | Ø ā	ity ākarṇya hiraṇyakaḥ prahṛṣṭamanāḥ pulakitaḥ san abravītsādhu mitra sādhu mitra+sādhu
SD-0272	split	iḥ s → Ø s	visarga	9	hard	You meet “Ø s” while reading. What was the original junction?	iḥ + s	aḥ + a | aḥ + d | ḥ + s | iḥ + s	ity ākarṇya hiraṇyakaḥ prahṛṣṭamanāḥ pulakitaḥ san abravītsādhu mitra sādhu mitra+sādhu
SD-0273	identify	iḥ s → Ø s	visarga	9	hard	Which sandhi class is “iḥ + s → Ø s”?	visarga	consonant / other | vowel coalescence | visarga | anusvāra / nasal	ity ākarṇya hiraṇyakaḥ prahṛṣṭamanāḥ pulakitaḥ san abravītsādhu mitra sādhu mitra+sādhu
SD-0274	join	ḥ g → Ø g	visarga	9	hard	Apply sandhi: ḥ + g → ?	Ø g	r d | Ø g | r u | Ø y	tat katham idānīm ete mama putrā guṇavantaḥ kriyantām yataḥ putrā+guṇavantaḥ
SD-0275	split	ḥ g → Ø g	visarga	9	hard	You meet “Ø g” while reading. What was the original junction?	ḥ + g	ḥ + bh | ḥ + g | aḥ + h | iḥ + n	tat katham idānīm ete mama putrā guṇavantaḥ kriyantām yataḥ putrā+guṇavantaḥ
SD-0276	identify	ḥ g → Ø g	visarga	9	hard	Which sandhi class is “ḥ + g → Ø g”?	visarga	anusvāra / nasal | consonant / other | vowel coalescence | visarga	tat katham idānīm ete mama putrā guṇavantaḥ kriyantām yataḥ putrā+guṇavantaḥ
SD-0277	join	t r → d r	consonant / other	9	hard	Apply sandhi: t + r → ?	d r	d i | ḥ p | d r | d g	āpatsu mitraṃ jānīyād raṇe śūram ṛṇe śucim jānīyād+raṇe
SD-0278	split	t r → d r	consonant / other	9	hard	You meet “d r” while reading. What was the original junction?	t + r	t + dh | t + u | t + r | d + k	āpatsu mitraṃ jānīyād raṇe śūram ṛṇe śucim jānīyād+raṇe
SD-0279	identify	t r → d r	consonant / other	9	hard	Which sandhi class is “t + r → d r”?	consonant / other	vowel coalescence | anusvāra / nasal | visarga | consonant / other	āpatsu mitraṃ jānīyād raṇe śūram ṛṇe śucim jānīyād+raṇe
SD-0280	join	t ā → d ā	consonant / other	9	hard	Apply sandhi: t + ā → ?	d ā	o ' | ḥ k | d ā | d d	pañcatantrāt tathānyasmād granthād ākṛṣya likhyate granthād+ākṛṣya
SD-0281	split	t ā → d ā	consonant / other	9	hard	You meet “d ā” while reading. What was the original junction?	t + ā	t + ā | t + y | t + c | t + m	pañcatantrāt tathānyasmād granthād ākṛṣya likhyate granthād+ākṛṣya
SD-0282	identify	t ā → d ā	consonant / other	9	hard	Which sandhi class is “t + ā → d ā”?	consonant / other	anusvāra / nasal | visarga | consonant / other | vowel coalescence	pañcatantrāt tathānyasmād granthād ākṛṣya likhyate granthād+ākṛṣya
SD-0283	join	a ṛ → ar	vowel coalescence	9	hard	Apply sandhi: a + ṛ → ?	ar	ar | y a | ā | e	tatsamakṣaṃ ca tasyarṣeḥ kuśenābhūtkarakṣatiḥ tasya+ṛṣeḥ→tasyarṣeḥ
SD-0284	split	a ṛ → ar	vowel coalescence	9	hard	You meet “ar” while reading. What was the original junction?	a + ṛ	a + ṛ | a + u | a + ī | i + e	tatsamakṣaṃ ca tasyarṣeḥ kuśenābhūtkarakṣatiḥ tasya+ṛṣeḥ→tasyarṣeḥ
SD-0285	identify	a ṛ → ar	vowel coalescence	9	hard	Which sandhi class is “a + ṛ → ar”?	vowel coalescence	vowel coalescence | consonant / other | visarga | anusvāra / nasal	tatsamakṣaṃ ca tasyarṣeḥ kuśenābhūtkarakṣatiḥ tasya+ṛṣeḥ→tasyarṣeḥ
SD-0286	join	ḥ b → Ø b	visarga	9	hard	Apply sandhi: ḥ + b → ?	Ø b	Ø b | Ø t | Ø m | Ø k	asādhanā vittahīnā buddhimantaḥ suhṛnmatāḥ hīnāḥ→vittahīnā +buddhimantaḥ
SD-0287	split	ḥ b → Ø b	visarga	9	hard	You meet “Ø b” while reading. What was the original junction?	ḥ + b	iḥ + y | iḥ + p | ḥ + b | iḥ + v	asādhanā vittahīnā buddhimantaḥ suhṛnmatāḥ hīnāḥ→vittahīnā +buddhimantaḥ
SD-0288	identify	ḥ b → Ø b	visarga	9	hard	Which sandhi class is “ḥ + b → Ø b”?	visarga	visarga | vowel coalescence | anusvāra / nasal | consonant / other	asādhanā vittahīnā buddhimantaḥ suhṛnmatāḥ hīnāḥ→vittahīnā +buddhimantaḥ
SD-0289	join	iḥ p → Ø p	visarga	9	hard	Apply sandhi: iḥ + p → ?	Ø p	Ø c | Ø p | Ø d | o m	vyāghra uvāca śṛṇu re pāntha prāg eva yauvanadaśāyām aham atīva durvṛtta āsam pāntha+prāg
SD-0290	split	iḥ p → Ø p	visarga	9	hard	You meet “Ø p” while reading. What was the original junction?	iḥ + p	aḥ + a | ḥ + r | ḥ + d | iḥ + p	vyāghra uvāca śṛṇu re pāntha prāg eva yauvanadaśāyām aham atīva durvṛtta āsam pāntha+prāg
SD-0291	identify	iḥ p → Ø p	visarga	9	hard	Which sandhi class is “iḥ + p → Ø p”?	visarga	visarga | vowel coalescence | consonant / other | anusvāra / nasal	vyāghra uvāca śṛṇu re pāntha prāg eva yauvanadaśāyām aham atīva durvṛtta āsam pāntha+prāg
SD-0292	join	t u → d u	consonant / other	9	hard	Apply sandhi: t + u → ?	d u	d e | d v | d g | d u	na daivam api saṃcintya tyajed udyogam ātmanaḥ tyajed+udyogam
SD-0293	split	t u → d u	consonant / other	9	hard	You meet “d u” while reading. What was the original junction?	t + u	t + u | s + p | t + d | t + bh	na daivam api saṃcintya tyajed udyogam ātmanaḥ tyajed+udyogam
SD-0294	identify	t u → d u	consonant / other	9	hard	Which sandhi class is “t + u → d u”?	consonant / other	visarga | anusvāra / nasal | vowel coalescence | consonant / other	na daivam api saṃcintya tyajed udyogam ātmanaḥ tyajed+udyogam
SD-0295	join	aḥ l → o l	visarga	9	hard	Apply sandhi: aḥ + l → ?	o l	o a | o l | ḥ ' | ś c	gatānugatiko lokaḥ kuṭṭanīm upadeśinīm gatānugatiko+lokaḥ
SD-0296	split	aḥ l → o l	visarga	9	hard	You meet “o l” while reading. What was the original junction?	aḥ + l	aḥ + l | iḥ + n | aḥ + d | ḥ + g	gatānugatiko lokaḥ kuṭṭanīm upadeśinīm gatānugatiko+lokaḥ
SD-0297	identify	aḥ l → o l	visarga	9	hard	Which sandhi class is “aḥ + l → o l”?	visarga	visarga | anusvāra / nasal | consonant / other | vowel coalescence	gatānugatiko lokaḥ kuṭṭanīm upadeśinīm gatānugatiko+lokaḥ
SD-0298	join	t b → d b	consonant / other	9	hard	Apply sandhi: t + b → ?	d b	o v | d b | d u | ḥ p	anantaraṃ sa siṃho yadā kadācidapi tasya mūṣikasya śabdaṃ vivarānna śuśrāva tadopayogābhāvād biḍālasyāpyāhāradāne mandādaro babhūva abhāvāt→tadopayogābhāvād +biḍālasya
SD-0299	split	t b → d b	consonant / other	9	hard	You meet “d b” while reading. What was the original junction?	t + b	t + d | t + v | t + ś | t + b	anantaraṃ sa siṃho yadā kadācidapi tasya mūṣikasya śabdaṃ vivarānna śuśrāva tadopayogābhāvād biḍālasyāpyāhāradāne mandādaro babhūva abhāvāt→tadopayogābhāvād +biḍālasya
SD-0300	identify	t b → d b	consonant / other	9	hard	Which sandhi class is “t + b → d b”?	consonant / other	anusvāra / nasal | vowel coalescence | consonant / other | visarga	anantaraṃ sa siṃho yadā kadācidapi tasya mūṣikasya śabdaṃ vivarānna śuśrāva tadopayogābhāvād biḍālasyāpyāhāradāne mandādaro babhūva abhāvāt→tadopayogābhāvād +biḍālasya
SD-0301	join	t ś → cch	consonant / other	9	hard	Apply sandhi: t + ś → ?	cch	d y | cch | d i | d r	yad aśakyaṃ na tac chakyaṃ yacchakyaṃ śakyam eva tat yat+śakyam→yacchakyaṃ
SD-0302	split	t ś → cch	consonant / other	9	hard	You meet “cch” while reading. What was the original junction?	t + ś	t + y | t + m | t + ś | t + dh	yad aśakyaṃ na tac chakyaṃ yacchakyaṃ śakyam eva tat yat+śakyam→yacchakyaṃ
SD-0303	identify	t ś → cch	consonant / other	9	hard	Which sandhi class is “t + ś → cch”?	consonant / other	anusvāra / nasal | consonant / other | visarga | vowel coalescence	yad aśakyaṃ na tac chakyaṃ yacchakyaṃ śakyam eva tat yat+śakyam→yacchakyaṃ
SD-0304	join	ḥ g → r g	visarga	9	hard	Apply sandhi: ḥ + g → ?	r g	Ø i | Ø e | Ø m | r g	tṛṇair guṇatvam āpannair badhyante mattadantinaḥ tṛṇair+guṇa
SD-0305	split	ḥ g → r g	visarga	9	hard	You meet “r g” while reading. What was the original junction?	ḥ + g	iḥ + v | ḥ + bh | ḥ + g | aḥ + n	tṛṇair guṇatvam āpannair badhyante mattadantinaḥ tṛṇair+guṇa
SD-0306	identify	ḥ g → r g	visarga	9	hard	Which sandhi class is “ḥ + g → r g”?	visarga	vowel coalescence | visarga | anusvāra / nasal | consonant / other	tṛṇair guṇatvam āpannair badhyante mattadantinaḥ tṛṇair+guṇa
SD-0307	join	iḥ t → Ø t	visarga	9	hard	Apply sandhi: iḥ + t → ?	Ø t	Ø g | Ø m | Ø y | Ø t	tad yathā bhavitavyaṃ tathā bhavatu tāvat viśvāsam utpādyāsya samīpam upagacchāmīty ālocya tam upasṛtyābravīd ārya tvām abhivande ārya+tvām
SD-0308	split	iḥ t → Ø t	visarga	9	hard	You meet “Ø t” while reading. What was the original junction?	iḥ + t	ḥ + p | iḥ + t | ḥ + i | ḥ + u	tad yathā bhavitavyaṃ tathā bhavatu tāvat viśvāsam utpādyāsya samīpam upagacchāmīty ālocya tam upasṛtyābravīd ārya tvām abhivande ārya+tvām
SD-0309	identify	iḥ t → Ø t	visarga	9	hard	Which sandhi class is “iḥ + t → Ø t”?	visarga	consonant / other | anusvāra / nasal | visarga | vowel coalescence	tad yathā bhavitavyaṃ tathā bhavatu tāvat viśvāsam utpādyāsya samīpam upagacchāmīty ālocya tam upasṛtyābravīd ārya tvām abhivande ārya+tvām
SD-0310	join	m gh → ṃ gh	anusvāra / nasal	9	hard	Apply sandhi: m + gh → ?	ṃ gh	ṃ y | ṃ gh | ṃ j | ṃ c	vānarās tāṃ ghaṇṭām anukṣaṇaṃ vādayanti tāṃ+ghaṇṭām
SD-0311	split	m gh → ṃ gh	anusvāra / nasal	9	hard	You meet “ṃ gh” while reading. What was the original junction?	m + gh	m + d | m + h | m + gh | m + p	vānarās tāṃ ghaṇṭām anukṣaṇaṃ vādayanti tāṃ+ghaṇṭām
SD-0312	identify	m gh → ṃ gh	anusvāra / nasal	9	hard	Which sandhi class is “m + gh → ṃ gh”?	anusvāra / nasal	consonant / other | anusvāra / nasal | vowel coalescence | visarga	vānarās tāṃ ghaṇṭām anukṣaṇaṃ vādayanti tāṃ+ghaṇṭām
SD-0313	join	s k → ḥ k	consonant / other	9	hard	Apply sandhi: s + k → ?	ḥ k	d b | ḥ s | ḥ k | d ā	tataḥ kapotarājas taṇḍulakaṇalubdhān kapotān prāha tataḥ+kapota
SD-0314	split	s k → ḥ k	consonant / other	9	hard	You meet “ḥ k” while reading. What was the original junction?	s + k	t + dh | s + k | t + d | t + g	tataḥ kapotarājas taṇḍulakaṇalubdhān kapotān prāha tataḥ+kapota
SD-0315	identify	s k → ḥ k	consonant / other	9	hard	Which sandhi class is “s + k → ḥ k”?	consonant / other	consonant / other | visarga | vowel coalescence | anusvāra / nasal	tataḥ kapotarājas taṇḍulakaṇalubdhān kapotān prāha tataḥ+kapota
SD-0316	join	ḥ h → r h	visarga	9	hard	Apply sandhi: ḥ + h → ?	r h	Ø t | o m | r u | r h	ity uktvā sarve māṃ cañcubhir hatvā sakopā ūcuḥ paśya re mūrkha sa haṃsas tava rājā sarvathā mṛduḥ cañcubhir+hatvā
SD-0317	split	ḥ h → r h	visarga	9	hard	You meet “r h” while reading. What was the original junction?	ḥ + h	ḥ + h | aḥ + v | ḥ + ā | ḥ + b	ity uktvā sarve māṃ cañcubhir hatvā sakopā ūcuḥ paśya re mūrkha sa haṃsas tava rājā sarvathā mṛduḥ cañcubhir+hatvā
SD-0318	identify	ḥ h → r h	visarga	9	hard	Which sandhi class is “ḥ + h → r h”?	visarga	visarga | consonant / other | anusvāra / nasal | vowel coalescence	ity uktvā sarve māṃ cañcubhir hatvā sakopā ūcuḥ paśya re mūrkha sa haṃsas tava rājā sarvathā mṛduḥ cañcubhir+hatvā
SD-0319	join	ḥ e → r e	visarga	9	hard	Apply sandhi: ḥ + e → ?	r e	Ø p | o ' | o b | r e	mitralābhaḥ suhṛdbhedo vigrahaḥ saṃdhir eva ca saṃdhir+eva
SD-0320	split	ḥ e → r e	visarga	9	hard	You meet “r e” while reading. What was the original junction?	ḥ + e	iḥ + m | aḥ + d | ḥ + j | ḥ + e	mitralābhaḥ suhṛdbhedo vigrahaḥ saṃdhir eva ca saṃdhir+eva
SD-0321	identify	ḥ e → r e	visarga	9	hard	Which sandhi class is “ḥ + e → r e”?	visarga	consonant / other | anusvāra / nasal | vowel coalescence | visarga	mitralābhaḥ suhṛdbhedo vigrahaḥ saṃdhir eva ca saṃdhir+eva
SD-0322	join	ḥ j → Ø j	visarga	9	hard	Apply sandhi: ḥ + j → ?	Ø j	Ø j | s t | o g | Ø p	sa jāto yena jātena yāti vaṃśaḥ samunnatim sa+jāto
SD-0323	split	ḥ j → Ø j	visarga	9	hard	You meet “Ø j” while reading. What was the original junction?	ḥ + j	ḥ + b | iḥ + m | ḥ + j | ḥ + m	sa jāto yena jātena yāti vaṃśaḥ samunnatim sa+jāto
SD-0324	identify	ḥ j → Ø j	visarga	9	hard	Which sandhi class is “ḥ + j → Ø j”?	visarga	visarga | anusvāra / nasal | vowel coalescence | consonant / other	sa jāto yena jātena yāti vaṃśaḥ samunnatim sa+jāto
SD-0325	join	ḥ p → Ø p	visarga	9	hard	Apply sandhi: ḥ + p → ?	Ø p	r bh | r ā | o g | Ø p	ātmavat sarvabhūteṣu yaḥ paśyati sa paṇḍitaḥ sa+paṇḍitaḥ
SD-0326	split	ḥ p → Ø p	visarga	9	hard	You meet “Ø p” while reading. What was the original junction?	ḥ + p	ḥ + p | aḥ + j | ḥ + e | iḥ + t	ātmavat sarvabhūteṣu yaḥ paśyati sa paṇḍitaḥ sa+paṇḍitaḥ
SD-0327	identify	ḥ p → Ø p	visarga	9	hard	Which sandhi class is “ḥ + p → Ø p”?	visarga	vowel coalescence | visarga | anusvāra / nasal | consonant / other	ātmavat sarvabhūteṣu yaḥ paśyati sa paṇḍitaḥ sa+paṇḍitaḥ
SD-0328	join	iḥ k → Ø k	visarga	9	hard	Apply sandhi: iḥ + k → ?	Ø k	o b | Ø t | Ø dh | Ø k	rājaputrair uktamārya kathyatām āryaiḥ→uktamārya +kathyatām
SD-0329	split	iḥ k → Ø k	visarga	9	hard	You meet “Ø k” while reading. What was the original junction?	iḥ + k	ḥ + i | ḥ + r | iḥ + k | ḥ + t	rājaputrair uktamārya kathyatām āryaiḥ→uktamārya +kathyatām
SD-0330	identify	iḥ k → Ø k	visarga	9	hard	Which sandhi class is “iḥ + k → Ø k”?	visarga	anusvāra / nasal | consonant / other | vowel coalescence | visarga	rājaputrair uktamārya kathyatām āryaiḥ→uktamārya +kathyatām
SD-0331	join	as a → o '	consonant / other	9	hard	Apply sandhi: as + a → ?	o '	o d | ḥ k | d bh | o '	kuto 'tra nirjane vane taṇḍulakaṇānāṃ sambhavaḥ kuto+'tra
SD-0332	split	as a → o '	consonant / other	9	hard	You meet “o '” while reading. What was the original junction?	as + a	t + dh | t + y | t + i | as + a	kuto 'tra nirjane vane taṇḍulakaṇānāṃ sambhavaḥ kuto+'tra
SD-0333	identify	as a → o '	consonant / other	9	hard	Which sandhi class is “as + a → o '”?	consonant / other	consonant / other | visarga | vowel coalescence | anusvāra / nasal	kuto 'tra nirjane vane taṇḍulakaṇānāṃ sambhavaḥ kuto+'tra
SD-0334	join	as v → o v	consonant / other	9	hard	Apply sandhi: as + v → ?	o v	o ' | o v | d y | d a	yad yad eva hi vāñcheta tato vāñchā pravartate tato+vāñchā
SD-0335	split	as v → o v	consonant / other	9	hard	You meet “o v” while reading. What was the original junction?	as + v	t + y | t + d | as + v | t + g	yad yad eva hi vāñcheta tato vāñchā pravartate tato+vāñchā
SD-0336	identify	as v → o v	consonant / other	9	hard	Which sandhi class is “as + v → o v”?	consonant / other	consonant / other | vowel coalescence | anusvāra / nasal | visarga	yad yad eva hi vāñcheta tato vāñchā pravartate tato+vāñchā
SD-0337	join	ḥ j → r j	visarga	9	hard	Apply sandhi: ḥ + j → ?	r j	r n | Ø p | Ø g | r j	aniṣṭād iṣṭalābhe'pi na gatir jāyate śubhā gatir+jāyate
SD-0338	split	ḥ j → r j	visarga	9	hard	You meet “r j” while reading. What was the original junction?	ḥ + j	ḥ + j | iḥ + k | aḥ + g | ḥ + c	aniṣṭād iṣṭalābhe'pi na gatir jāyate śubhā gatir+jāyate
SD-0339	identify	ḥ j → r j	visarga	9	hard	Which sandhi class is “ḥ + j → r j”?	visarga	visarga | anusvāra / nasal | vowel coalescence | consonant / other	aniṣṭād iṣṭalābhe'pi na gatir jāyate śubhā gatir+jāyate
SD-0340	join	d p → t p	consonant / other	9	hard	Apply sandhi: d + p → ?	t p	t p | o ' | cch | d i	tato lobhākṛṣṭena kenacit pānthena ālocitaṃ bhāgyena etat sambhavati kenacit+pānthena
SD-0341	split	d p → t p	consonant / other	9	hard	You meet “t p” while reading. What was the original junction?	d + p	d + p | t + u | t + r | as + d	tato lobhākṛṣṭena kenacit pānthena ālocitaṃ bhāgyena etat sambhavati kenacit+pānthena
SD-0342	identify	d p → t p	consonant / other	9	hard	Which sandhi class is “d + p → t p”?	consonant / other	anusvāra / nasal | visarga | consonant / other | vowel coalescence	tato lobhākṛṣṭena kenacit pānthena ālocitaṃ bhāgyena etat sambhavati kenacit+pānthena
SD-0343	join	a ī → e	vowel coalescence	9	hard	Apply sandhi: a + ī → ?	e	e | ā | v a | o	daridrān bhara kaunteya mā prayaccheśvare dhanam prayaccha+īśvare→prayaccheśvare
SD-0344	split	a ī → e	vowel coalescence	9	hard	You meet “e” while reading. What was the original junction?	a + ī	a + ī | i + ā | i + u | ā + ā	daridrān bhara kaunteya mā prayaccheśvare dhanam prayaccha+īśvare→prayaccheśvare
SD-0345	identify	a ī → e	vowel coalescence	9	hard	Which sandhi class is “a + ī → e”?	vowel coalescence	anusvāra / nasal | consonant / other | visarga | vowel coalescence	daridrān bhara kaunteya mā prayaccheśvare dhanam prayaccha+īśvare→prayaccheśvare
SD-0346	join	iḥ m → Ø m	visarga	9	hard	Apply sandhi: iḥ + m → ?	Ø m	r bh | Ø v | Ø m | Ø g	atrāntare viṣṇuśarmanāmā mahāpaṇḍitaḥ sakalanītiśāstratattvajño bṛhaspatir ivābravīddeva mahākulasambhūtā ete rājaputrāḥ devaiḥ→ivābravīddeva +mahā
SD-0347	split	iḥ m → Ø m	visarga	9	hard	You meet “Ø m” while reading. What was the original junction?	iḥ + m	iḥ + m | ḥ + n | iḥ + n | aḥ + h	atrāntare viṣṇuśarmanāmā mahāpaṇḍitaḥ sakalanītiśāstratattvajño bṛhaspatir ivābravīddeva mahākulasambhūtā ete rājaputrāḥ devaiḥ→ivābravīddeva +mahā
SD-0348	identify	iḥ m → Ø m	visarga	9	hard	Which sandhi class is “iḥ + m → Ø m”?	visarga	vowel coalescence | visarga | anusvāra / nasal | consonant / other	atrāntare viṣṇuśarmanāmā mahāpaṇḍitaḥ sakalanītiśāstratattvajño bṛhaspatir ivābravīddeva mahākulasambhūtā ete rājaputrāḥ devaiḥ→ivābravīddeva +mahā
SD-0349	join	ḥ s → Ø s	visarga	9	hard	Apply sandhi: ḥ + s → ?	Ø s	o b | Ø v | Ø y | Ø s	dhārmiko nītikuśalaḥ sa svāmī yujyate bhuvi sa+svāmī
SD-0350	split	ḥ s → Ø s	visarga	9	hard	You meet “Ø s” while reading. What was the original junction?	ḥ + s	aḥ + m | iḥ + p | ḥ + b | ḥ + s	dhārmiko nītikuśalaḥ sa svāmī yujyate bhuvi sa+svāmī
SD-0351	identify	ḥ s → Ø s	visarga	9	hard	Which sandhi class is “ḥ + s → Ø s”?	visarga	anusvāra / nasal | visarga | vowel coalescence | consonant / other	dhārmiko nītikuśalaḥ sa svāmī yujyate bhuvi sa+svāmī
SD-0352	join	ḥ c → Ø c	visarga	9	hard	Apply sandhi: ḥ + c → ?	Ø c	Ø v | o ' | o v | Ø c	sa ca tatra pracchanno bhūtvā sthitaḥ sa+ca
SD-0353	split	ḥ c → Ø c	visarga	9	hard	You meet “Ø c” while reading. What was the original junction?	ḥ + c	iḥ + k | ḥ + c | ḥ + ā | ḥ + r	sa ca tatra pracchanno bhūtvā sthitaḥ sa+ca
SD-0354	identify	ḥ c → Ø c	visarga	9	hard	Which sandhi class is “ḥ + c → Ø c”?	visarga	vowel coalescence | anusvāra / nasal | consonant / other | visarga	sa ca tatra pracchanno bhūtvā sthitaḥ sa+ca
SD-0355	join	iḥ v → Ø v	visarga	9	hard	Apply sandhi: iḥ + v → ?	Ø v	r u | Ø v | r n | Ø r	deva vartakakathām api kathayāmi deva+vartaka
SD-0356	split	iḥ v → Ø v	visarga	9	hard	You meet “Ø v” while reading. What was the original junction?	iḥ + v	aḥ + b | iḥ + s | aḥ + y | iḥ + v	deva vartakakathām api kathayāmi deva+vartaka
SD-0357	identify	iḥ v → Ø v	visarga	9	hard	Which sandhi class is “iḥ + v → Ø v”?	visarga	consonant / other | anusvāra / nasal | visarga | vowel coalescence	deva vartakakathām api kathayāmi deva+vartaka
SD-0358	join	d k → t k	consonant / other	9	hard	Apply sandhi: d + k → ?	t k	t k | d y | d a | o v	nādravye nihitā kācit kriyā phalavatī bhavet kācit+kriyā
SD-0359	split	d k → t k	consonant / other	9	hard	You meet “t k” while reading. What was the original junction?	d + k	t + b | t + r | t + m | d + k	nādravye nihitā kācit kriyā phalavatī bhavet kācit+kriyā
SD-0360	identify	d k → t k	consonant / other	9	hard	Which sandhi class is “d + k → t k”?	consonant / other	visarga | vowel coalescence | consonant / other | anusvāra / nasal	nādravye nihitā kācit kriyā phalavatī bhavet kācit+kriyā
SD-0361	join	t g → d g	consonant / other	9	hard	Apply sandhi: t + g → ?	d g	d r | t k | d g | ḥ k	pañcatantrāt tathānyasmād granthād ākṛṣya likhyate anyasmāt→tathānyasmād +granthād
SD-0362	split	t g → d g	consonant / other	9	hard	You meet “d g” while reading. What was the original junction?	t + g	t + i | t + g | t + v | t + r	pañcatantrāt tathānyasmād granthād ākṛṣya likhyate anyasmāt→tathānyasmād +granthād
SD-0363	identify	t g → d g	consonant / other	9	hard	Which sandhi class is “t + g → d g”?	consonant / other	consonant / other | anusvāra / nasal | visarga | vowel coalescence	pañcatantrāt tathānyasmād granthād ākṛṣya likhyate anyasmāt→tathānyasmād +granthād
SD-0364	join	aḥ ayam → o 'yaṃ	visarga	9	hard	Apply sandhi: aḥ + ayam → ?	o 'yaṃ	r n | r e | o 'yaṃ | r g	śruto hitopadeśo 'yaṃ pāṭavaṃ saṃskṛtoktiṣu hitopadeśo+'yaṃ
SD-0365	split	aḥ ayam → o 'yaṃ	visarga	9	hard	You meet “o 'yaṃ” while reading. What was the original junction?	aḥ + ayam	ḥ + t | aḥ + h | ḥ + y | aḥ + ayam	śruto hitopadeśo 'yaṃ pāṭavaṃ saṃskṛtoktiṣu hitopadeśo+'yaṃ
SD-0366	identify	aḥ ayam → o 'yaṃ	visarga	9	hard	Which sandhi class is “aḥ + ayam → o 'yaṃ”?	visarga	visarga | anusvāra / nasal | consonant / other | vowel coalescence	śruto hitopadeśo 'yaṃ pāṭavaṃ saṃskṛtoktiṣu hitopadeśo+'yaṃ
SD-0367	join	ḥ dh → Ø dh	visarga	9	hard	Apply sandhi: ḥ + dh → ?	Ø dh	ḥ ' | Ø dh | o r | o a	bhavantaś caitādṛśā dharmajñā yan mām atithiṃ hantum udyatāḥ gṛhasthadharmaś ca eṣaḥ etādṛśāḥ→caitādṛśā +dharma
SD-0368	split	ḥ dh → Ø dh	visarga	9	hard	You meet “Ø dh” while reading. What was the original junction?	ḥ + dh	aḥ + y | iḥ + n | ḥ + dh | ḥ + i	bhavantaś caitādṛśā dharmajñā yan mām atithiṃ hantum udyatāḥ gṛhasthadharmaś ca eṣaḥ etādṛśāḥ→caitādṛśā +dharma
SD-0369	identify	ḥ dh → Ø dh	visarga	9	hard	Which sandhi class is “ḥ + dh → Ø dh”?	visarga	consonant / other | visarga | vowel coalescence | anusvāra / nasal	bhavantaś caitādṛśā dharmajñā yan mām atithiṃ hantum udyatāḥ gṛhasthadharmaś ca eṣaḥ etādṛśāḥ→caitādṛśā +dharma
SD-0370	join	ḥ k → Ø k	visarga	9	hard	Apply sandhi: ḥ + k → ?	Ø k	Ø n | Ø k | o l | Ø e	anantaraṃ sa kākaḥ pradoṣakāle mṛgamanāgatam avalokya itas tato 'nviṣyan tathāvidhaṃ taṃ dṛṣṭvā uvāca sakhe kim etat mṛgeṇoktam avadhīritasuhṛdvākyasya phalam etat sa+kākaḥ
SD-0371	split	ḥ k → Ø k	visarga	9	hard	You meet “Ø k” while reading. What was the original junction?	ḥ + k	ḥ + bh | ḥ + k | ḥ + ā | ḥ + n	anantaraṃ sa kākaḥ pradoṣakāle mṛgamanāgatam avalokya itas tato 'nviṣyan tathāvidhaṃ taṃ dṛṣṭvā uvāca sakhe kim etat mṛgeṇoktam avadhīritasuhṛdvākyasya phalam etat sa+kākaḥ
SD-0372	identify	ḥ k → Ø k	visarga	9	hard	Which sandhi class is “ḥ + k → Ø k”?	visarga	anusvāra / nasal | vowel coalescence | consonant / other | visarga	anantaraṃ sa kākaḥ pradoṣakāle mṛgamanāgatam avalokya itas tato 'nviṣyan tathāvidhaṃ taṃ dṛṣṭvā uvāca sakhe kim etat mṛgeṇoktam avadhīritasuhṛdvākyasya phalam etat sa+kākaḥ
SD-0373	join	iḥ n → Ø n	visarga	9	hard	Apply sandhi: iḥ + n → ?	Ø n	Ø n | s t | Ø m | r m	hā hā putraka nādhītaṃ gatāsv etāsu rātriṣu putraka+na
SD-0374	split	iḥ n → Ø n	visarga	9	hard	You meet “Ø n” while reading. What was the original junction?	iḥ + n	ḥ + bh | iḥ + n | iḥ + t | iḥ + v	hā hā putraka nādhītaṃ gatāsv etāsu rātriṣu putraka+na
SD-0375	identify	iḥ n → Ø n	visarga	9	hard	Which sandhi class is “iḥ + n → Ø n”?	visarga	visarga | vowel coalescence | anusvāra / nasal | consonant / other	hā hā putraka nādhītaṃ gatāsv etāsu rātriṣu putraka+na
SD-0376	join	iḥ y → Ø y	visarga	9	hard	Apply sandhi: iḥ + y → ?	Ø y	Ø y | r a | Ø k | o dh	tad adya bhaṭṭārakavāre katham etān dantaiḥ spṛśāmi mitra yadi citte na anyathā manyase tadā prabhāte yat tvayā vaktavyaṃ tat kartavyam iti mitra+yadi
SD-0377	split	iḥ y → Ø y	visarga	9	hard	You meet “Ø y” while reading. What was the original junction?	iḥ + y	ḥ + t | aḥ + b | iḥ + y | iḥ + t	tad adya bhaṭṭārakavāre katham etān dantaiḥ spṛśāmi mitra yadi citte na anyathā manyase tadā prabhāte yat tvayā vaktavyaṃ tat kartavyam iti mitra+yadi
SD-0378	identify	iḥ y → Ø y	visarga	9	hard	Which sandhi class is “iḥ + y → Ø y”?	visarga	consonant / other | vowel coalescence | visarga | anusvāra / nasal	tad adya bhaṭṭārakavāre katham etān dantaiḥ spṛśāmi mitra yadi citte na anyathā manyase tadā prabhāte yat tvayā vaktavyaṃ tat kartavyam iti mitra+yadi
SD-0379	join	s ś → ḥ ś	consonant / other	9	hard	Apply sandhi: s + ś → ?	ḥ ś	ḥ ś | d u | d v | n m	ity uktvā śanaiḥ śanair upagamya tena vyāghreṇa dhṛtaḥ sa pāntho 'cintayat śanaiḥ+śanair
SD-0380	split	s ś → ḥ ś	consonant / other	9	hard	You meet “ḥ ś” while reading. What was the original junction?	s + ś	t + e | t + b | d + k | s + ś	ity uktvā śanaiḥ śanair upagamya tena vyāghreṇa dhṛtaḥ sa pāntho 'cintayat śanaiḥ+śanair
SD-0381	identify	s ś → ḥ ś	consonant / other	9	hard	Which sandhi class is “s + ś → ḥ ś”?	consonant / other	visarga | anusvāra / nasal | consonant / other | vowel coalescence	ity uktvā śanaiḥ śanair upagamya tena vyāghreṇa dhṛtaḥ sa pāntho 'cintayat śanaiḥ+śanair
SD-0382	join	as d → o d	consonant / other	9	hard	Apply sandhi: as + d → ?	o d	n n | t p | d ā | o d	tato dineṣu gacchatsu asau pakṣiśāvakān ākramya svakoṭaram ānīya pratyahaṃ khādati tato+dineṣu
SD-0383	split	as d → o d	consonant / other	9	hard	You meet “o d” while reading. What was the original junction?	as + d	as + d | t + i | t + g | t + r	tato dineṣu gacchatsu asau pakṣiśāvakān ākramya svakoṭaram ānīya pratyahaṃ khādati tato+dineṣu
SD-0384	identify	as d → o d	consonant / other	9	hard	Which sandhi class is “as + d → o d”?	consonant / other	anusvāra / nasal | consonant / other | vowel coalescence | visarga	tato dineṣu gacchatsu asau pakṣiśāvakān ākramya svakoṭaram ānīya pratyahaṃ khādati tato+dineṣu
SD-0385	join	ḥ ā → Ø ā	visarga	9	hard	Apply sandhi: ḥ + ā → ?	Ø ā	Ø ā | Ø r | Ø y | o m	vyāghra uvāca śṛṇu re pāntha prāg eva yauvanadaśāyām aham atīva durvṛtta āsam durvṛtta+āsam
SD-0386	split	ḥ ā → Ø ā	visarga	9	hard	You meet “Ø ā” while reading. What was the original junction?	ḥ + ā	ḥ + m | aḥ + dh | ḥ + a | ḥ + ā	vyāghra uvāca śṛṇu re pāntha prāg eva yauvanadaśāyām aham atīva durvṛtta āsam durvṛtta+āsam
SD-0387	identify	ḥ ā → Ø ā	visarga	9	hard	Which sandhi class is “ḥ + ā → Ø ā”?	visarga	visarga | consonant / other | vowel coalescence | anusvāra / nasal	vyāghra uvāca śṛṇu re pāntha prāg eva yauvanadaśāyām aham atīva durvṛtta āsam durvṛtta+āsam
SD-0388	join	ḥ dh → r dh	visarga	9	hard	Apply sandhi: ḥ + dh → ?	r dh	r dh | o 'yaṃ | o d | Ø dh	vināpy arthair dhīraḥ spṛśati bahumānonnatipadaṃ samāyukto 'py arthaiḥ paribhavapadaṃ yāti kṛpaṇaḥ arthair+dhīraḥ
SD-0389	split	ḥ dh → r dh	visarga	9	hard	You meet “r dh” while reading. What was the original junction?	ḥ + dh	aḥ + l | ḥ + a | ḥ + n | ḥ + dh	vināpy arthair dhīraḥ spṛśati bahumānonnatipadaṃ samāyukto 'py arthaiḥ paribhavapadaṃ yāti kṛpaṇaḥ arthair+dhīraḥ
SD-0390	identify	ḥ dh → r dh	visarga	9	hard	Which sandhi class is “ḥ + dh → r dh”?	visarga	consonant / other | anusvāra / nasal | vowel coalescence | visarga	vināpy arthair dhīraḥ spṛśati bahumānonnatipadaṃ samāyukto 'py arthaiḥ paribhavapadaṃ yāti kṛpaṇaḥ arthair+dhīraḥ
SD-0391	join	u e → v e	vowel coalescence	9	hard	Apply sandhi: u + e → ?	v e	ī | v e | ā | ar	hā hā putraka nādhītaṃ gatāsv etāsu rātriṣu gatāsv+etāsu
SD-0392	split	u e → v e	vowel coalescence	9	hard	You meet “v e” while reading. What was the original junction?	u + e	i + a | ā + i | u + e | ā + a	hā hā putraka nādhītaṃ gatāsv etāsu rātriṣu gatāsv+etāsu
SD-0393	identify	u e → v e	vowel coalescence	9	hard	Which sandhi class is “u + e → v e”?	vowel coalescence	visarga | anusvāra / nasal | vowel coalescence | consonant / other	hā hā putraka nādhītaṃ gatāsv etāsu rātriṣu gatāsv+etāsu
SD-0394	join	u i → v i	vowel coalescence	9	hard	Apply sandhi: u + i → ?	v i	v i | ar | e | ai	ṭiṭṭibho 'vadad bhārye nanv idam eva sthānaṃ prasūtiyogyam nanv+idam
SD-0395	split	u i → v i	vowel coalescence	9	hard	You meet “v i” while reading. What was the original junction?	u + i	e + a | ā + ā | u + i | a + ṛ	ṭiṭṭibho 'vadad bhārye nanv idam eva sthānaṃ prasūtiyogyam nanv+idam
SD-0396	identify	u i → v i	vowel coalescence	9	hard	Which sandhi class is “u + i → v i”?	vowel coalescence	vowel coalescence | visarga | consonant / other | anusvāra / nasal	ṭiṭṭibho 'vadad bhārye nanv idam eva sthānaṃ prasūtiyogyam nanv+idam
SD-0397	join	t dh → d dh	consonant / other	9	hard	Apply sandhi: t + dh → ?	d dh	n m | d dh | ḥ ś | t p	pātratvāt dhanam āpnoti dhanād dharmaṃ tataḥ sukham dhanād+dharmaṃ
SD-0398	split	t dh → d dh	consonant / other	9	hard	You meet “d dh” while reading. What was the original junction?	t + dh	t + b | as + d | t + dh | d + p	pātratvāt dhanam āpnoti dhanād dharmaṃ tataḥ sukham dhanād+dharmaṃ
SD-0399	identify	t dh → d dh	consonant / other	9	hard	Which sandhi class is “t + dh → d dh”?	consonant / other	anusvāra / nasal | vowel coalescence | visarga | consonant / other	pātratvāt dhanam āpnoti dhanād dharmaṃ tataḥ sukham dhanād+dharmaṃ
