abbrev	work_key	display	era	via	mode_share
AIT. BR	aitareyabrahmana citirt nach den 8 panc	aitareyabrahmana citirt nach den 8 panc	vedic	dcs	1.0
AIT. BR.	aitareyabrahmana citirt nach den 8 panc	aitareyabrahmana citirt nach den 8 panc	vedic	dcs	1.0
AK	amarakosa	amarakosa	classical	dharmamitra	1.0
AK.	amarakosa	amarakosa	classical	dharmamitra	1.0
AK. II	amarakosa	amarakosa	classical	dharmamitra	1.0
AK. II.	amarakosa	amarakosa	classical	dharmamitra	1.0
AK. ebend	amarakosa	amarakosa	classical	dharmamitra	1.0
AV	atharvavedasamhita	atharvavedasamhita	vedic	dcs	1.0
AV.	atharvavedasamhita	atharvavedasamhita	vedic	dcs	1.0
AV. PRĀT	atharvana-pratisakhya	Atharvaveda-Prātiśākhya	epic-sutra	hand:class	1.0
AV. PRĀT.	atharvana-pratisakhya	Atharvaveda-Prātiśākhya	epic-sutra	hand:class	1.0
AV. PRĀT. S	atharvana-pratisakhya	Atharvaveda-Prātiśākhya	epic-sutra	hand:class	1.0
AV. PRĀT. S II,	atharvana-pratisakhya	Atharvaveda-Prātiśākhya	epic-sutra	hand:class	1.0
AV. PRĀT. S.	atharvana-pratisakhya	Atharvaveda-Prātiśākhya	epic-sutra	hand:class	1.0
BHAG	bhagavadgita	bhagavadgita	epic-sutra	dharmamitra	0.986
BHAG.	bhagavadgita	bhagavadgita	epic-sutra	dharmamitra	1.0
BHARTṚ	bhartrhari	Bhartṛhari (Vākyapadīya)	classical	hand:class	1.0
BHARTṚ.	bhartrhari	Bhartṛhari (Vākyapadīya)	classical	hand:class	1.0
BHARTṚ. Suppl.	bhartrhari	Bhartṛhari (Vākyapadīya)	classical	hand:class	1.0
BHAṬṬ	bhattikavya	bhattikavya	classical	dharmamitra	1.0
BHAṬṬ.	bhattikavya	bhattikavya	classical	dharmamitra	1.0
BHĀG. P	bhagavatapurana	bhagavatapurana	early-medieval	dcs	1.0
BHĀG. P.	bhagavatapurana	bhagavatapurana	early-medieval	dcs	1.0
BHĀG. P. I, Einl. LXV	bhagavatapurana	bhagavatapurana	early-medieval	dcs	1.0
BHĀG. P. I, LXXVIII	bhagavatapurana	bhagavatapurana	early-medieval	dcs	1.0
BHĀG. P. I, X	bhagavatapurana	bhagavatapurana	early-medieval	dcs	1.0
BHĀG. P. I, XLVI	bhagavatapurana	bhagavatapurana	early-medieval	dcs	1.0
BHĀG. P. I, XXXVII. fg	bhagavatapurana	bhagavatapurana	early-medieval	dcs	1.0
BHĀG. P. I, p. XCV	bhagavatapurana	bhagavatapurana	early-medieval	dcs	1.0
BHĀVAPR	bhavaprakasa	Bhāvaprakāśa	late-medieval	dharmamitra	1.0
BHĀVAPR.	bhavaprakasa	Bhāvaprakāśa	late-medieval	dharmamitra	1.0
BHĀVAPR. ebend	bhavaprakasa	Bhāvaprakāśa	late-medieval	dharmamitra	1.0
BHĀṢĀP	bhasapariccheda	Bhāṣāpariccheda	late-medieval	hand:class	1.0
BHĀṢĀP.	bhasapariccheda	Bhāṣāpariccheda	late-medieval	hand:class	1.0
BHĀṢĀP. S.	bhasapariccheda	Bhāṣāpariccheda	late-medieval	hand:class	1.0
BṚH. ĀR.	brhadaranyakopanisad	Bṛhadāraṇyakopaniṣad	vedic	dcs	1.0
BṚH. ĀR. UP	brhadaranyakopanisad	Bṛhadāraṇyakopaniṣad	vedic	dcs	1.0
BṚH. ĀR. UP.	brhadaranyakopanisad	Bṛhadāraṇyakopaniṣad	vedic	dcs	1.0
BṚH. ĀR. UP. S	brhadaranyakopanisad	Bṛhadāraṇyakopaniṣad	vedic	dcs	1.0
BṚH. ĀR. UP. S.	brhadaranyakopanisad	Bṛhadāraṇyakopaniṣad	vedic	dcs	1.0
BṚH. ĀR. UP. p	brhadaranyakopanisad	Bṛhadāraṇyakopaniṣad	vedic	dcs	1.0
BṚH. ĀR. UP. p.	brhadaranyakopanisad	Bṛhadāraṇyakopaniṣad	vedic	dcs	1.0
CAṬHOP.	sarvadarsanasamgraha	Sarvadarśanasaṃgraha	late-medieval	hand:class	1.0
CHĀND. UP	chandogyopanisad	chandogyopanisad	vedic	dcs	1.0
CHĀND. UP.	chandogyopanisad	chandogyopanisad	vedic	dcs	1.0
CHĀND. UP. S	chandogyopanisad	chandogyopanisad	vedic	dcs	1.0
CHĀND. UP. S.	chandogyopanisad	chandogyopanisad	vedic	dcs	1.0
D.	sahityadarpana	sahityadarpana	late-medieval	dharmamitra	1.0
DAŚAK	dasakumaracarita	dasakumaracarita	classical	dharmamitra	1.0
DAŚAK.	dasakumaracarita	dasakumaracarita	classical	dharmamitra	1.0
DĀY.	dayabhaga	Dāyabhāga	early-medieval	hand:class	1.0
DĀYABH.	dayabhaga	Dāyabhāga	early-medieval	hand:class	1.0
GOBH	gobhila-grhyasutra	Gobhila-Gṛhyasūtra	epic-sutra	hand:class	1.0
GOBH.	gobhila-grhyasutra	Gobhila-Gṛhyasūtra	epic-sutra	hand:class	1.0
GĪT	gitagovinda	gitagovinda	early-medieval	dcs	1.0
GĪT.	gitagovinda	gitagovinda	early-medieval	dcs	1.0
GĪT. Einl. VIII	gitagovinda	gitagovinda	early-medieval	dcs	1.0
GĪT. S	gitagovinda	gitagovinda	early-medieval	dcs	1.0
GĪT. S.	gitagovinda	gitagovinda	early-medieval	dcs	1.0
H	hemacandra s abhidhanacintamani	hemacandra s abhidhanacintamani	early-medieval	hand:class	1.0
H an	hemacandra s abhidhanacintamani	hemacandra s abhidhanacintamani	early-medieval	hand:class	1.0
H an.	hemacandra s abhidhanacintamani	hemacandra s abhidhanacintamani	early-medieval	hand:class	1.0
H ś.	hemacandra s abhidhanacintamani	hemacandra s abhidhanacintamani	early-medieval	hand:class	1.0
H.	hemacandra s abhidhanacintamani	hemacandra s abhidhanacintamani	early-medieval	hand:class	1.0
H. an	hemacandra s anekarthasamgraha	hemacandra s anekarthasamgraha	early-medieval	hand:class	1.0
H. an.	hemacandra s anekarthasamgraha	hemacandra s anekarthasamgraha	early-medieval	hand:class	1.0
H. ś	hemacandra s abhidhanacintamani	hemacandra s abhidhanacintamani	early-medieval	hand:class	1.0
H. ś.	hemacandra s abhidhanacintamani	hemacandra s abhidhanacintamani	early-medieval	hand:class	1.0
HALĀY	halayudha	halayudha	early-medieval	hand:class	1.0
HALĀY.	halayudha	halayudha	early-medieval	hand:class	1.0
HALĀY. Ind	halayudha	halayudha	early-medieval	hand:class	1.0
HARIV	harivamsa im ten bande des mbh aus die	harivamsa im ten bande des mbh aus die	epic-sutra	dharmamitra	0.998
HARIV.	harivamsa im ten bande des mbh aus die	harivamsa im ten bande des mbh aus die	epic-sutra	dharmamitra	0.994
HARIV. LANGL.	harivamsa im ten bande des mbh aus die	harivamsa im ten bande des mbh aus die	epic-sutra	dharmamitra	1.0
HARIV. LANGL. I,	harivamsa im ten bande des mbh aus die	harivamsa im ten bande des mbh aus die	epic-sutra	dharmamitra	1.0
HARIV. LANGL. II,	harivamsa im ten bande des mbh aus die	harivamsa im ten bande des mbh aus die	epic-sutra	dharmamitra	1.0
HARIV. LANGL. t. I, p.	harivamsa im ten bande des mbh aus die	harivamsa im ten bande des mbh aus die	epic-sutra	dharmamitra	1.0
HIT	hitopadesa	hitopadesa	early-medieval	dharmamitra	1.0
HIT I,	hitopadesa	hitopadesa	early-medieval	dharmamitra	1.0
HIT II,	hitopadesa	hitopadesa	early-medieval	dharmamitra	1.0
HIT III,	hitopadesa	hitopadesa	early-medieval	dharmamitra	1.0
HIT SCHL.	hitopadesa	hitopadesa	early-medieval	dharmamitra	1.0
HIT ed. SCHL.	hitopadesa	hitopadesa	early-medieval	dharmamitra	1.0
HIT.	hitopadesa	hitopadesa	early-medieval	dharmamitra	1.0
HIT. I,	hitopadesa	hitopadesa	early-medieval	dharmamitra	1.0
HIT. I, II,	hitopadesa	hitopadesa	early-medieval	dharmamitra	1.0
HIT. I, Pr	hitopadesa	hitopadesa	early-medieval	dharmamitra	1.0
HIT. I.	hitopadesa	hitopadesa	early-medieval	dharmamitra	1.0
HIT. II,	hitopadesa	hitopadesa	early-medieval	dharmamitra	1.0
HIT. III,	hitopadesa	hitopadesa	early-medieval	dharmamitra	1.0
HIT. IV,	hitopadesa	hitopadesa	early-medieval	dharmamitra	1.0
HIT. PR.	hitopadesa	hitopadesa	early-medieval	dharmamitra	1.0
HIT. SCHL.	hitopadesa	hitopadesa	early-medieval	dharmamitra	1.0
HIT. ed. JOHNS	hitopadesa	hitopadesa	early-medieval	dharmamitra	1.0
HIT. ed. JOHNS.	hitopadesa	hitopadesa	early-medieval	dharmamitra	1.0
HIT. ed. JOHNS. I,	hitopadesa	hitopadesa	early-medieval	dharmamitra	1.0
KATHĀS	kathasaritsagara	kathasaritsagara	early-medieval	dharmamitra	1.0
KATHĀS.	kathasaritsagara	kathasaritsagara	early-medieval	dharmamitra	1.0
KAUŚ	kausika s sutra zum atharvaveda 1 adhy	kausika s sutra zum atharvaveda 1 adhy	vedic	dcs	1.0
KAUŚ.	kausika s sutra zum atharvaveda 1 adhy	kausika s sutra zum atharvaveda 1 adhy	vedic	dcs	1.0
KAUṢ. UP	kausitakyupanisad	kausitakyupanisad	epic-sutra	hand:class	1.0
KAUṢ. UP.	kausitakyupanisad	kausitakyupanisad	epic-sutra	hand:class	0.946
KIR	kiratarjuniya	kiratarjuniya	classical	dcs	1.0
KIR.	kiratarjuniya	kiratarjuniya	classical	dcs	1.0
KULL	kulluka	Kullūka Bhaṭṭa (commentary apparatus)	late-medieval	hand:class	1.0
KULLŪKA	kulluka	Kullūka Bhaṭṭa (commentary apparatus)	late-medieval	hand:class	1.0
KUMĀRAS	kumarasambhava	kumarasambhava	classical	dcs	1.0
KUMĀRAS.	kumarasambhava	kumarasambhava	classical	dcs	1.0
KĀTY. ŚR	katyayana-srautasutra	Kātyāyana-Śrautasūtra	epic-sutra	hand:class	1.0
KĀTY. ŚR.	katyayana-srautasutra	Kātyāyana-Śrautasūtra	epic-sutra	hand:class	1.0
KĀTY. ŚR. Comm	katyayana-srautasutra	Kātyāyana-Śrautasūtra	epic-sutra	hand:class	1.0
KĀTY. ŚR. Comm.	katyayana-srautasutra	Kātyāyana-Śrautasūtra	epic-sutra	hand:class	1.0
KĀTY. ŚR. p	katyayana-srautasutra	Kātyāyana-Śrautasūtra	epic-sutra	hand:class	1.0
KĀTY. ŚR. p.	katyayana-srautasutra	Kātyāyana-Śrautasūtra	epic-sutra	hand:class	1.0
KĀṬY. ŚR.	sarvadarsanasamgraha	Sarvadarśanasaṃgraha	late-medieval	hand:class	1.0
LĀṬY	latyayana-srautasutra	Lāṭyāyana-Śrautasūtra	epic-sutra	hand:class	1.0
LĀṬY.	latyayana-srautasutra	Lāṭyāyana-Śrautasūtra	epic-sutra	hand:class	1.0
M	manu s gesetzbuch in der ausg von loise	manu s gesetzbuch in der ausg von loise	epic-sutra	dcs	0.997
M.	manu s gesetzbuch in der ausg von loise	manu s gesetzbuch in der ausg von loise	epic-sutra	dcs	1.0
M. ,	manu s gesetzbuch in der ausg von loise	manu s gesetzbuch in der ausg von loise	epic-sutra	dcs	1.0
MALLIN	mallinatha	Mallinātha Sūri (commentary apparatus)	late-medieval	hand:class	1.0
MBH	mahabharata	mahabharata	epic-sutra	dcs	1.0
MBH.	mahabharata	mahabharata	epic-sutra	dcs	1.0
MBH. ed. Bomb.	mahabharata	mahabharata	epic-sutra	dcs	1.0
MEGH	meghaduta	meghaduta	classical	dcs	1.0
MEGH.	meghaduta	meghaduta	classical	dcs	1.0
MEGH. ed. ST. VI	meghaduta	meghaduta	classical	dcs	1.0
MĀLAT.	malatimadhava	Mālatīmādhava	classical	hand:class	1.0
MĀLAV	malavikagnimitra	malavikagnimitra	classical	hand:class	1.0
MĀLAV.	malavikagnimitra	malavikagnimitra	classical	hand:class	1.0
MĀRK. P	markandeyapurana	markandeyapurana	classical	dharmamitra	1.0
MĀRK. P.	markandeyapurana	markandeyapurana	classical	dharmamitra	1.0
MĀRK. P. S.	markandeyapurana	markandeyapurana	classical	dharmamitra	1.0
N	nalopakhyana	Nalopākhyāna	epic-sutra	hand:class	1.0
N.	nalopakhyana	Nalopākhyāna	epic-sutra	hand:class	1.0
N. (BRUCE)	nalopakhyana	Nalopākhyāna	epic-sutra	hand:class	1.0
N. ed. BRUCE	nalopakhyana	Nalopākhyāna	epic-sutra	hand:class	1.0
NIR	nirukta	Nirukta (Yāska) with the Nighaṇṭus	epic-sutra	hand:class	1.0
NIR.	nirukta	Nirukta (Yāska) with the Nighaṇṭus	epic-sutra	hand:class	1.0
NIR. a. a. O	nirukta	Nirukta (Yāska) with the Nighaṇṭus	epic-sutra	hand:class	1.0
P	panini s acht bucher grammatischer regel	panini s acht bucher grammatischer regel	epic-sutra	hand:class	0.937
P.	panini s acht bucher grammatischer regel	panini s acht bucher grammatischer regel	epic-sutra	hand:class	0.922
P. (Bd. II, S.	panini s acht bucher grammatischer regel	panini s acht bucher grammatischer regel	epic-sutra	hand:class	1.0
P. I, S.	panini s acht bucher grammatischer regel	panini s acht bucher grammatischer regel	epic-sutra	hand:class	1.0
P. II, xv. fgg	panini s acht bucher grammatischer regel	panini s acht bucher grammatischer regel	epic-sutra	hand:class	1.0
P. a. a. O	panini s acht bucher grammatischer regel	panini s acht bucher grammatischer regel	epic-sutra	hand:class	1.0
PAT	patanjali	patanjali	epic-sutra	hand:class	1.0
PAT. a. a. O	patanjali	patanjali	epic-sutra	hand:class	1.0
PAT. a. a. O.	patanjali	patanjali	epic-sutra	hand:class	1.0
PAÑCAT	pancatantra	pancatantra	classical	dharmamitra	1.0
PAÑCAT I,	pancatantra	pancatantra	classical	dharmamitra	1.0
PAÑCAT II,	pancatantra	pancatantra	classical	dharmamitra	1.0
PAÑCAT III,	pancatantra	pancatantra	classical	dharmamitra	1.0
PAÑCAT IV,	pancatantra	pancatantra	classical	dharmamitra	1.0
PAÑCAT V,	pancatantra	pancatantra	classical	dharmamitra	1.0
PAÑCAT daśak.	pancatantra	pancatantra	classical	dharmamitra	1.0
PAÑCAT ed. orn.	pancatantra	pancatantra	classical	dharmamitra	1.0
PAÑCAT.	pancatantra	pancatantra	classical	dharmamitra	1.0
PAÑCAT. Bd. I, S.	pancatantra	pancatantra	classical	dharmamitra	1.0
PAÑCAT. I,	pancatantra	pancatantra	classical	dharmamitra	1.0
PAÑCAT. I, II,	pancatantra	pancatantra	classical	dharmamitra	1.0
PAÑCAT. I, III,	pancatantra	pancatantra	classical	dharmamitra	1.0
PAÑCAT. II,	pancatantra	pancatantra	classical	dharmamitra	1.0
PAÑCAT. II, IV,	pancatantra	pancatantra	classical	dharmamitra	1.0
PAÑCAT. III,	pancatantra	pancatantra	classical	dharmamitra	1.0
PAÑCAT. IV,	pancatantra	pancatantra	classical	dharmamitra	1.0
PAÑCAT. IV, V,	pancatantra	pancatantra	classical	dharmamitra	1.0
PAÑCAT. Pr.	pancatantra	pancatantra	classical	dharmamitra	1.0
PAÑCAT. V,	pancatantra	pancatantra	classical	dharmamitra	1.0
PAÑCAT. V.	pancatantra	pancatantra	classical	dharmamitra	1.0
PAÑCAT. ed. Bomb. IV,	pancatantra	pancatantra	classical	dharmamitra	1.0
PAÑCAT. ed. Bomb. IV. V. Notes, S.	pancatantra	pancatantra	classical	dharmamitra	1.0
PAÑCAT. ed. orn	pancatantra	pancatantra	classical	dharmamitra	1.0
PAÑCAT. ed. orn.	pancatantra	pancatantra	classical	dharmamitra	1.0
PAÑCAT. ed. orn. I,	pancatantra	pancatantra	classical	dharmamitra	1.0
PAÑCAT. p.	pancatantra	pancatantra	classical	dharmamitra	1.0
PAÑCAV. BR	pancavimsabrahmana	Pañcaviṃśa-Brāhmaṇa (Tāṇḍya)	vedic	hand:class	1.0
PAÑCAV. BR.	pancavimsabrahmana	Pañcaviṃśa-Brāhmaṇa (Tāṇḍya)	vedic	hand:class	1.0
PRAB	prabodhacandrodaya	prabodhacandrodaya	early-medieval	hand:class	1.0
PRAB.	prabodhacandrodaya	prabodhacandrodaya	early-medieval	hand:class	0.99
PRAB. a. a. O	prabodhacandrodaya	prabodhacandrodaya	early-medieval	hand:class	1.0
PRAŚNOP.	prasnopanisad	prasnopanisad	epic-sutra	hand:class	1.0
PĀR. GṚHY	parskaragrhyasutra	Pāraskara-Gṛhyasūtra	epic-sutra	hand:class	1.0
PĀR. GṚHY.	parskaragrhyasutra	Pāraskara-Gṛhyasūtra	epic-sutra	hand:class	1.0
R	ramayana	ramayana	epic-sutra	dcs	1.0
R.	ramayana	ramayana	epic-sutra	dcs	1.0
R. ,	ramayana	ramayana	epic-sutra	dcs	1.0
R. Einl	ramayana	ramayana	epic-sutra	dcs	1.0
R. SCHL	ramayana	ramayana	epic-sutra	dcs	1.0
R. SCHL.	ramayana	ramayana	epic-sutra	dcs	1.0
R. ed. Bomb	ramayana	ramayana	epic-sutra	dcs	1.0
R. ed. Bomb.	ramayana	ramayana	epic-sutra	dcs	1.0
R. ed. GORR.	ramayana	ramayana	epic-sutra	dcs	1.0
R. ed. SCHL.	ramayana	ramayana	epic-sutra	dcs	1.0
RAGH	raghuvamsa	raghuvamsa	classical	dharmamitra	1.0
RAGH.	raghuvamsa	raghuvamsa	classical	dharmamitra	1.0
RAGH. ed. Calc.	raghuvamsa	raghuvamsa	classical	dharmamitra	1.0
RĀJA-TAR	rajatarangini	rajatarangini	early-medieval	dharmamitra	1.0
RĀJA-TAR.	rajatarangini	rajatarangini	early-medieval	dharmamitra	0.999
RĀJA-TAR. II,	rajatarangini	rajatarangini	early-medieval	dharmamitra	1.0
RĀJA-TAR. t. I, p	rajatarangini	rajatarangini	early-medieval	dharmamitra	1.0
RĀJA-TAR. t. I, p.	rajatarangini	rajatarangini	early-medieval	dharmamitra	1.0
SARVADARŚANAS.	sarvadarsanasamgraha	Sarvadarśanasaṃgraha	late-medieval	hand:class	0.931
SĀH. D	sahityadarpana	sahityadarpana	late-medieval	dharmamitra	1.0
SĀH. D.	sahityadarpana	sahityadarpana	late-medieval	dharmamitra	1.0
SĀH. D. a. a. O	sahityadarpana	sahityadarpana	late-medieval	dharmamitra	1.0
SĀY	sayana	Sāyaṇa (commentary apparatus)	late-medieval	hand:class	1.0
SĀṂKHYAK	samkhyakarika	Sāṃkhyakārikā	classical	hand:class	1.0
SĀṂKHYAK.	samkhyakarika	Sāṃkhyakārikā	classical	hand:class	1.0
SĀṂKHYAK. S.	samkhyakarika	Sāṃkhyakārikā	classical	hand:class	1.0
SŪRYAS	suryasiddhanta	Sūryasiddhānta	early-medieval	dharmamitra	1.0
SŪRYAS.	suryasiddhanta	Sūryasiddhānta	early-medieval	dharmamitra	1.0
TAITT. BR.	taittiriyabrahmana	taittiriyabrahmana	vedic	hand:class	1.0
TBR	taittiriyabrahmana	taittiriyabrahmana	vedic	hand:class	1.0
TBR.	taittiriyabrahmana	taittiriyabrahmana	vedic	hand:class	0.996
TBR. Comm.	taittiriyabrahmana	taittiriyabrahmana	vedic	hand:class	1.0
TBR. ebend	taittiriyabrahmana	taittiriyabrahmana	vedic	hand:class	1.0
TRIK	trikandasesa	trikandasesa	classical	dharmamitra	1.0
TRIK.	trikandasesa	trikandasesa	classical	dharmamitra	1.0
TS	taittiriyasamhita 7 kanda	taittiriyasamhita 7 kanda	vedic	dcs	1.0
TS.	taittiriyasamhita 7 kanda	taittiriyasamhita 7 kanda	vedic	dcs	1.0
TS. II,	taittiriyasamhita 7 kanda	taittiriyasamhita 7 kanda	vedic	dcs	1.0
UTTARAR.	uttararamacarita	Uttararāmacarita	classical	hand:class	1.0
VARĀH. BṚH. S	varahamihira s brhatsamhita	varahamihira s brhatsamhita	classical	dharmamitra	0.999
VARĀH. BṚH. S II	varahamihira s brhatsamhita	varahamihira s brhatsamhita	classical	dharmamitra	1.0
VARĀH. BṚH. S.	varahamihira s brhatsamhita	varahamihira s brhatsamhita	classical	dharmamitra	0.993
VARĀH. BṚH. S. KATHAS	varahamihira s brhatsamhita	varahamihira s brhatsamhita	classical	dharmamitra	1.0
VIKR	vikramorvasi	vikramorvasi	classical	hand:class	1.0
VIKR.	vikramorvasi	vikramorvasi	classical	hand:class	1.0
VIKRAM.	vikramorvasi	vikramorvasi	classical	hand:class	1.0
VOP	vopadeva	Vopadeva's grammar (Mugdhabodha)	early-medieval	hand:class	1.0
VOP.	vopadeva	Vopadeva's grammar (Mugdhabodha)	early-medieval	hand:class	1.0
VOPAD.	vopadeva	Vopadeva's grammar (Mugdhabodha)	early-medieval	hand:class	1.0
VS	vajasaneyisamhita the vayasaneyi sanhi	vajasaneyisamhita the vayasaneyi sanhi	vedic	dcs	1.0
VS.	vajasaneyisamhita the vayasaneyi sanhi	vajasaneyisamhita the vayasaneyi sanhi	vedic	dcs	1.0
VS. LIV	vajasaneyisamhita the vayasaneyi sanhi	vajasaneyisamhita the vayasaneyi sanhi	vedic	dcs	1.0
VS. PRĀT	vajasaneyi-pratisakhya	Vājasaneyi-Prātiśākhya	epic-sutra	hand:class	1.0
VS. PRĀT.	vajasaneyi-pratisakhya	Vājasaneyi-Prātiśākhya	epic-sutra	hand:class	1.0
WILSON, DAŚAK.	dasakumaracarita	dasakumaracarita	classical	dharmamitra	1.0
WILSON, SĀṂKHYAK. S.	samkhyakarika	Sāṃkhyakārikā	classical	hand:class	1.0
WILSON, SĀṂKHYAK. p.	samkhyakarika	Sāṃkhyakārikā	classical	hand:class	1.0
YĀJÑ	yajnavalkya s gesetzbuch sanskrit und d	yajnavalkya s gesetzbuch sanskrit und d	classical	dharmamitra	1.0
YĀJÑ.	yajnavalkya s gesetzbuch sanskrit und d	yajnavalkya s gesetzbuch sanskrit und d	classical	dharmamitra	0.998
YĀJÑ. S. VI	yajnavalkya s gesetzbuch sanskrit und d	yajnavalkya s gesetzbuch sanskrit und d	classical	dharmamitra	1.0
ĀŚV. GṚHY	asvalayana s grhyasutrani in adhyaya	asvalayana s grhyasutrani in adhyaya	epic-sutra	hand:class	1.0
ĀŚV. GṚHY.	asvalayana s grhyasutrani in adhyaya	asvalayana s grhyasutrani in adhyaya	epic-sutra	hand:class	1.0
ĀŚV. GṚHY. PARIŚ.	asvalayana s grhyasutrani in adhyaya	asvalayana s grhyasutrani in adhyaya	epic-sutra	hand:class	1.0
ĀŚV. GṚHY. S.	asvalayana s grhyasutrani in adhyaya	asvalayana s grhyasutrani in adhyaya	epic-sutra	hand:class	1.0
ĀŚV. ŚR	asvalayana-srautasutra	Āśvalāyana-Śrautasūtra	epic-sutra	hand:class	1.0
ĀŚV. ŚR.	asvalayana-srautasutra	Āśvalāyana-Śrautasūtra	epic-sutra	hand:class	1.0
ŚAT. BR	the satapathabrahmana in the madhyandina	the satapathabrahmana in the madhyandina	vedic	dcs	1.0
ŚAT. BR —	the satapathabrahmana in the madhyandina	the satapathabrahmana in the madhyandina	vedic	dcs	1.0
ŚAT. BR.	the satapathabrahmana in the madhyandina	the satapathabrahmana in the madhyandina	vedic	dcs	0.999
ŚIŚ	sisupalavadha	Śiśupālavadha	early-medieval	dharmamitra	1.0
ŚIŚ.	sisupalavadha	Śiśupālavadha	early-medieval	dharmamitra	1.0
ŚKDR	sabdakalpadruma	Śabdakalpadruma	late-medieval	hand:class	1.0
ŚKDR Suppl	sabdakalpadruma	Śabdakalpadruma	late-medieval	hand:class	1.0
ŚKDR. (Suppl.)	sabdakalpadruma	Śabdakalpadruma	late-medieval	hand:class	1.0
ŚKDR. Suppl	sabdakalpadruma	Śabdakalpadruma	late-medieval	hand:class	1.0
ŚVETĀŚV. UP	svetasvataropanisad in der bibliotheca i	svetasvataropanisad in der bibliotheca i	epic-sutra	hand:class	1.0
ŚVETĀŚV. UP.	svetasvataropanisad in der bibliotheca i	svetasvataropanisad in der bibliotheca i	epic-sutra	hand:class	1.0
ŚĀK	sakuntala	sakuntala	classical	hand:class	0.992
ŚĀK ad	sakuntala	sakuntala	classical	hand:class	1.0
ŚĀK.	sakuntala	sakuntala	classical	hand:class	1.0
ŚĀK. (ed. WILL.)	sakuntala	sakuntala	classical	hand:class	1.0
ŚĀK. ad	sakuntala	sakuntala	classical	hand:class	1.0
ŚĀṄKH. ŚR	sankhayana s srautasutrani	sankhayana s srautasutrani	epic-sutra	hand:class	1.0
ŚĀṄKH. ŚR.	sankhayana s srautasutrani	sankhayana s srautasutrani	epic-sutra	hand:class	1.0
ṚV	rgveda	rgveda	vedic	dcs	1.0
ṚV.	rgveda	rgveda	vedic	dcs	1.0
ṚV. ,	rgveda	rgveda	vedic	dcs	1.0
ṚV. ANUKR	rgveda	rgveda	vedic	dcs	1.0
ṚV. ANUKR.	rgveda	rgveda	vedic	dcs	1.0
ṚV. I, ? S.	rgveda	rgveda	vedic	dcs	1.0
ṚV. PRĀT	rgveda-pratisakhya	Ṛgveda-Prātiśākhya	epic-sutra	hand:class	1.0
ṚV. PRĀT.	rgveda-pratisakhya	Ṛgveda-Prātiśākhya	epic-sutra	hand:class	1.0
ṚV. PRĀTIŚ.	rgveda	rgveda	vedic	dcs	1.0
ṚV. padap	rgveda	rgveda	vedic	dcs	1.0
